symbol,signal_at,order_active_at,order_expire_at,trigger_price,return_5s,return_15s,return_60s,volume_5s,volume_baseline_1s_median,volume_multiple_5s,12h_low,rise_from_12h_low,origin_price,origin_plus_10pct_floor,spike_high,atr_5m,pricing_mode,predicted_primary,invalid_price,window_high,window_low,window_high_vs_trigger,window_low_vs_trigger,invalid_touched,tier1_price,tier1_weight,tier1_status,tier1_first_touch_at,tier2_price,tier2_weight,tier2_status,tier2_first_touch_at,tier3_price,tier3_weight,tier3_status,tier3_first_touch_at,filled_tier_count,order_result,next_5m_high,next_5m_low,next_5m_close
1000RATSUSDT,2026-07-31T14:22:08+08:00,2026-07-31T14:22:09+08:00,2026-07-31T14:25:08+08:00,0.0457300000,5.9055%,6.0283%,5.3929%,10144936.0000000000,338347.0000000000,5.9968x,0.0260300000,75.6819%,0.0259800000,0.0285780000,0.0458000000,0.0000885714,momentum_atr_estimate,0.0457335714,0.0461100000,0.0459400000,0.0440500000,0.4592%,-3.6737%,no,0.0456981429,0.30,not_placed,,0.0457335714,0.40,not_placed,,0.0457690000,0.30,not_placed,,0,rejected_origin_floor,0.0467000000,0.0440500000,0.0451400000
1000RATSUSDT,2026-07-31T14:59:06+08:00,2026-07-31T14:59:07+08:00,2026-07-31T15:02:06+08:00,0.0482300000,5.1221%,4.8023%,5.5361%,20583932.0000000000,133618.0000000000,30.8101x,0.0260900000,84.8601%,0.0259800000,0.0285780000,0.0493700000,0.0000700000,momentum_atr_estimate,0.0493175000,0.0496150000,0.0552600000,0.0481600000,14.5760%,-0.1451%,yes,0.0492895000,0.30,filled,2026-07-31T14:59:08+08:00,0.0493175000,0.40,filled,2026-07-31T14:59:08+08:00,0.0493455000,0.30,filled,2026-07-31T14:59:08+08:00,3,all_filled,0.0554400000,0.0481600000,0.0546200000
1000RATSUSDT,2026-07-31T22:46:00+08:00,2026-07-31T22:46:01+08:00,2026-07-31T22:49:00+08:00,0.0587200000,27.9303%,-0.2717%,-0.2379%,298249.0000000000,15769.0000000000,3.7827x,0.0268300000,118.8595%,0.0265900000,0.0292490000,0.0588100000,0.0029214286,momentum_atr_estimate,0.0566189286,0.0690350000,0.0598900000,0.0586100000,1.9925%,-0.1873%,no,0.0554503571,0.30,not_placed,,0.0566189286,0.40,not_placed,,0.0577875000,0.30,not_placed,,0,rejected_origin_floor,0.0598900000,0.0586100000,0.0590700000
1000RATSUSDT,2026-07-31T22:57:05+08:00,2026-07-31T22:57:06+08:00,2026-07-31T23:00:05+08:00,0.0639400000,5.1645%,5.2337%,7.4983%,26967351.0000000000,79699.0000000000,67.6730x,0.0268300000,138.3153%,0.0265900000,0.0292490000,0.0644400000,0.0038600000,momentum_atr_estimate,0.0615450000,0.0779500000,0.0640400000,0.0611800000,0.1564%,-4.3165%,no,0.0600010000,0.30,not_placed,,0.0615450000,0.40,not_placed,,0.0630890000,0.30,not_placed,,0,rejected_origin_floor,0.0640400000,0.0611800000,0.0617400000
1000RATSUSDT,2026-08-01T06:57:05+08:00,2026-08-01T06:57:06+08:00,2026-08-01T07:00:05+08:00,0.0639400000,5.1645%,5.2337%,7.4983%,26967351.0000000000,79699.0000000000,67.6730x,0.0268300000,138.3153%,0.0268300000,0.0295130000,0.0644400000,0.0017021429,momentum_atr_estimate,0.0631633929,0.0703975000,0.0640400000,0.0611800000,0.1564%,-4.3165%,no,0.0624825357,0.30,not_placed,,0.0631633929,0.40,not_placed,,0.0638442500,0.30,not_placed,,0,rejected_origin_floor,0.0640400000,0.0611800000,0.0617400000
AKEUSDT,2026-07-15T04:51:13+08:00,2026-07-15T04:51:14+08:00,2026-07-15T04:54:13+08:00,0.0002581000,6.6088%,7.4521%,14.3047%,591266433.0000000000,20714159.0000000000,5.7088x,0.0001864000,38.4657%,0.0001864000,0.0002050400,0.0002611000,0.0000003643,momentum_atr_estimate,0.0002608268,0.0002623750,0.0002812000,0.0002389000,8.9500%,-7.4390%,yes,0.0002606811,0.30,filled,2026-07-15T04:51:14+08:00,0.0002608268,0.40,filled,2026-07-15T04:51:14+08:00,0.0002609725,0.30,filled,2026-07-15T04:51:14+08:00,3,all_filled,0.0002812000,0.0002389000,0.0002593000
AKEUSDT,2026-07-15T05:41:00+08:00,2026-07-15T05:41:01+08:00,2026-07-15T05:44:00+08:00,0.0003079000,5.0495%,6.5398%,7.2822%,1363423810.0000000000,10094414.0000000000,27.0134x,0.0001864000,65.1824%,0.0001864000,0.0002050400,0.0003155000,0.0000004000,momentum_atr_estimate,0.0003152000,0.0003169000,0.0003172000,0.0002963000,3.0205%,-3.7675%,yes,0.0003150400,0.30,filled,2026-07-15T05:41:02+08:00,0.0003152000,0.40,filled,2026-07-15T05:41:02+08:00,0.0003153600,0.30,filled,2026-07-15T05:41:02+08:00,3,all_filled,0.0003172000,0.0002922000,0.0002965000
AKEUSDT,2026-07-15T05:59:07+08:00,2026-07-15T05:59:08+08:00,2026-07-15T06:02:07+08:00,0.0003536000,7.5753%,6.9247%,10.3276%,2160438567.0000000000,31116524.0000000000,13.8861x,0.0001864000,89.6996%,0.0001864000,0.0002050400,0.0003552000,0.0000004071,momentum_atr_estimate,0.0003548946,0.0003566250,0.0003870000,0.0003383000,9.4457%,-4.3269%,yes,0.0003547318,0.30,filled,2026-07-15T05:59:08+08:00,0.0003548946,0.40,filled,2026-07-15T05:59:08+08:00,0.0003550575,0.30,filled,2026-07-15T06:00:05+08:00,3,all_filled,0.0003980000,0.0003383000,0.0003799000
AKEUSDT,2026-07-15T07:36:50+08:00,2026-07-15T07:36:51+08:00,2026-07-15T07:39:50+08:00,0.0005390000,5.2323%,7.6708%,9.2641%,2790919561.0000000000,24310385.0000000000,22.9607x,0.0001864000,189.1631%,0.0001864000,0.0002050400,0.0005490000,0.0000005071,momentum_atr_estimate,0.0005486196,0.0005507750,0.0005485000,0.0005179000,1.7625%,-3.9147%,no,0.0005484168,0.30,filled,2026-07-15T07:37:05+08:00,0.0005486196,0.40,unfilled,,0.0005488225,0.30,unfilled,,1,partial_filled,0.0005485000,0.0004905000,0.0005003000
AKEUSDT,2026-07-15T08:01:13+08:00,2026-07-15T08:01:14+08:00,2026-07-15T08:04:13+08:00,0.0006184000,5.7456%,5.5290%,10.1336%,2743723413.0000000000,86877941.0000000000,6.3163x,0.0001864000,231.7597%,0.0001864000,0.0002050400,0.0006210000,0.0000005714,momentum_atr_estimate,0.0006205714,0.0006230000,0.0007693000,0.0006117000,24.4017%,-1.0834%,yes,0.0006203429,0.30,filled,2026-07-15T08:01:14+08:00,0.0006205714,0.40,filled,2026-07-15T08:01:14+08:00,0.0006208000,0.30,filled,2026-07-15T08:01:14+08:00,3,all_filled,0.0007693000,0.0005903000,0.0006162000
AKEUSDT,2026-07-15T08:17:27+08:00,2026-07-15T08:17:28+08:00,2026-07-15T08:20:27+08:00,0.0006187000,8.9261%,10.6600%,11.6384%,1614585813.0000000000,59123290.0000000000,5.4618x,0.0001864000,231.9206%,0.0001864000,0.0002050400,0.0006264000,0.0000006143,momentum_atr_estimate,0.0006259393,0.0006285500,0.0006420000,0.0005779000,3.7660%,-6.5945%,yes,0.0006256936,0.30,filled,2026-07-15T08:17:28+08:00,0.0006259393,0.40,filled,2026-07-15T08:17:28+08:00,0.0006261850,0.30,filled,2026-07-15T08:17:28+08:00,3,all_filled,0.0006420000,0.0005779000,0.0006030000
AKEUSDT,2026-07-15T08:59:37+08:00,2026-07-15T08:59:38+08:00,2026-07-15T09:02:37+08:00,0.0006702000,7.1806%,6.0947%,6.3810%,1186890500.0000000000,14803816.0000000000,16.0349x,0.0001864000,259.5494%,0.0001864000,0.0002050400,0.0006758000,0.0000005500,momentum_atr_estimate,0.0006753875,0.0006777250,0.0006877000,0.0006366000,2.6112%,-5.0134%,yes,0.0006751675,0.30,filled,2026-07-15T08:59:43+08:00,0.0006753875,0.40,filled,2026-07-15T08:59:43+08:00,0.0006756075,0.30,filled,2026-07-15T08:59:43+08:00,3,all_filled,0.0006877000,0.0006335000,0.0006397000
AKEUSDT,2026-07-15T12:38:33+08:00,2026-07-15T12:38:34+08:00,2026-07-15T12:41:33+08:00,0.0005900000,8.7357%,9.8287%,10.2598%,3048499480.0000000000,5582584.0000000000,109.2146x,0.0001865000,216.3539%,0.0001864000,0.0002050400,0.0005961000,0.0000008500,momentum_atr_estimate,0.0005954625,0.0005990750,0.0006323000,0.0005638000,7.1695%,-4.4407%,yes,0.0005951225,0.30,filled,2026-07-15T12:38:34+08:00,0.0005954625,0.40,filled,2026-07-15T12:38:39+08:00,0.0005958025,0.30,filled,2026-07-15T12:38:39+08:00,3,all_filled,0.0006323000,0.0005638000,0.0005906000
AKEUSDT,2026-07-15T14:15:15+08:00,2026-07-15T14:15:16+08:00,2026-07-15T14:18:15+08:00,0.0008094000,6.8233%,9.0983%,11.2730%,6064707671.0000000000,16931755.0000000000,71.6371x,0.0001865000,333.9946%,0.0001864000,0.0002050400,0.0008271000,0.0000178571,momentum_atr_estimate,0.0008137071,0.0008896000,0.0008617000,0.0007937000,6.4616%,-1.9397%,no,0.0008065643,0.30,not_placed,,0.0008137071,0.40,not_placed,,0.0008208500,0.30,not_placed,,0,rejected_origin_floor,0.0008617000,0.0007937000,0.0008102000
AKEUSDT,2026-07-15T14:48:44+08:00,2026-07-15T14:48:45+08:00,2026-07-15T14:51:44+08:00,0.0009000000,7.3858%,9.4225%,10.4566%,3468201128.0000000000,11085056.0000000000,62.5744x,0.0001865000,382.5737%,0.0001864000,0.0002050400,0.0009200000,0.0000183429,momentum_atr_estimate,0.0009062429,0.0009842000,0.0009156000,0.0008403000,1.7333%,-6.6333%,no,0.0008989057,0.30,not_placed,,0.0009062429,0.40,not_placed,,0.0009135800,0.30,not_placed,,0,rejected_origin_floor,0.0009156000,0.0008403000,0.0008541000
AKEUSDT,2026-07-15T15:32:03+08:00,2026-07-15T15:32:04+08:00,2026-07-15T15:35:03+08:00,0.0008372000,7.5125%,7.2783%,7.5678%,1579393956.0000000000,16712034.0000000000,18.9013x,0.0001865000,348.9008%,0.0001864000,0.0002050400,0.0008400000,0.0000190786,momentum_atr_estimate,0.0008256911,0.0009067750,0.0008700000,0.0008200000,3.9178%,-2.0545%,no,0.0008180596,0.30,not_placed,,0.0008256911,0.40,not_placed,,0.0008333225,0.30,not_placed,,0,rejected_origin_floor,0.0008700000,0.0008200000,0.0008288000
AKEUSDT,2026-07-15T19:29:03+08:00,2026-07-15T19:29:04+08:00,2026-07-15T19:32:03+08:00,0.0006504000,11.2746%,-0.3371%,12.0413%,38974462.0000000000,1783085.0000000000,4.3716x,0.0001865000,248.7399%,0.0001865000,0.0002051500,0.0006511000,0.0000153500,momentum_atr_estimate,0.0006395875,0.0007048250,0.0006564000,0.0006486000,0.9225%,-0.2768%,no,0.0006334475,0.30,not_placed,,0.0006395875,0.40,not_placed,,0.0006457275,0.30,not_placed,,0,rejected_origin_floor,0.0006564000,0.0005847000,0.0006514000
AKEUSDT,2026-07-15T20:38:03+08:00,2026-07-15T20:38:04+08:00,2026-07-15T20:41:03+08:00,0.0006787000,27.1450%,0.1771%,0.0295%,20383351.0000000000,1037954.0000000000,3.9276x,0.0001865000,263.9142%,0.0001865000,0.0002051500,0.0006788000,0.0000224500,momentum_atr_estimate,0.0006619625,0.0007573750,0.0006993000,0.0006789000,3.0352%,0.0295%,no,0.0006529825,0.30,not_placed,,0.0006619625,0.40,not_placed,,0.0006709425,0.30,not_placed,,0,rejected_origin_floor,0.0006993000,0.0006767000,0.0006820000
AKEUSDT,2026-07-15T20:53:09+08:00,2026-07-15T20:53:10+08:00,2026-07-15T20:56:09+08:00,0.0006822000,13.5675%,-0.3651%,-0.4088%,20853003.0000000000,859788.0000000000,4.8507x,0.0001865000,265.7909%,0.0001865000,0.0002051500,0.0006825000,0.0000296857,momentum_atr_estimate,0.0006602357,0.0007864000,0.0006928000,0.0005988000,1.5538%,-12.2252%,no,0.0006483614,0.30,not_placed,,0.0006602357,0.40,not_placed,,0.0006721100,0.30,not_placed,,0,rejected_origin_floor,0.0007070000,0.0005988000,0.0006908000
AKEUSDT,2026-07-15T22:31:14+08:00,2026-07-15T22:31:15+08:00,2026-07-15T22:34:14+08:00,0.0008137000,22.1405%,22.3057%,23.4750%,91178859.0000000000,3572760.0000000000,5.1041x,0.0001865000,336.3003%,0.0001865000,0.0002051500,0.0008346000,0.0000312143,momentum_atr_estimate,0.0008111893,0.0009438500,0.0008221000,0.0006623000,1.0323%,-18.6064%,no,0.0007987036,0.30,not_placed,,0.0008111893,0.40,not_placed,,0.0008236750,0.30,not_placed,,0,rejected_origin_floor,0.0008221000,0.0006623000,0.0006684000
AKEUSDT,2026-07-15T22:39:10+08:00,2026-07-15T22:39:11+08:00,2026-07-15T22:42:10+08:00,0.0008270000,23.6913%,23.6913%,23.6728%,88441262.0000000000,1001386.0000000000,17.6638x,0.0001865000,343.4316%,0.0001865000,0.0002051500,0.0008346000,0.0000299214,momentum_atr_estimate,0.0008121589,0.0009393250,0.0008280000,0.0006587000,0.1209%,-20.3507%,no,0.0008001904,0.30,not_placed,,0.0008121589,0.40,not_placed,,0.0008241275,0.30,not_placed,,0,rejected_origin_floor,0.0008280000,0.0006575000,0.0006632000
AKEUSDT,2026-07-15T22:46:29+08:00,2026-07-15T22:46:30+08:00,2026-07-15T22:49:29+08:00,0.0008216000,23.5489%,23.2523%,23.5117%,31735218.0000000000,1109967.0000000000,5.7182x,0.0001865000,340.5362%,0.0001865000,0.0002051500,0.0008317000,0.0000348929,momentum_atr_estimate,0.0008055304,0.0009538250,0.0008168000,0.0006563000,-0.5842%,-20.1193%,no,0.0007915732,0.30,not_placed,,0.0008055304,0.40,not_placed,,0.0008194875,0.30,not_placed,,0,rejected_origin_floor,0.0008773000,0.0006563000,0.0006645000
AKEUSDT,2026-07-15T22:49:38+08:00,2026-07-15T22:49:39+08:00,2026-07-15T22:52:38+08:00,0.0008765000,32.7628%,32.3818%,33.1662%,22748169.0000000000,1482871.0000000000,3.0681x,0.0001865000,369.9732%,0.0001865000,0.0002051500,0.0009538000,0.0000348929,momentum_atr_estimate,0.0009276304,0.0010759250,0.0008704000,0.0006595000,-0.6959%,-24.7576%,no,0.0009136732,0.30,unfilled,,0.0009276304,0.40,unfilled,,0.0009415875,0.30,unfilled,,0,no_fill,0.0008704000,0.0006595000,0.0006644000
AKEUSDT,2026-07-15T22:54:04+08:00,2026-07-15T22:54:05+08:00,2026-07-15T22:57:04+08:00,0.0008533000,28.6253%,28.3544%,28.1424%,43259354.0000000000,1415034.0000000000,6.1142x,0.0001865000,357.5335%,0.0001865000,0.0002051500,0.0009538000,0.0000351000,momentum_atr_estimate,0.0009274750,0.0010766500,0.0008513000,0.0006631000,-0.2344%,-22.2899%,no,0.0009134350,0.30,unfilled,,0.0009274750,0.40,unfilled,,0.0009415150,0.30,unfilled,,0,no_fill,0.0008513000,0.0006568000,0.0006585000
AKEUSDT,2026-07-15T23:05:33+08:00,2026-07-15T23:05:34+08:00,2026-07-15T23:08:33+08:00,0.0008466000,26.6607%,26.6607%,26.7555%,45248591.0000000000,2873272.0000000000,3.1496x,0.0001865000,353.9410%,0.0001865000,0.0002051500,0.0009538000,0.0000341000,momentum_atr_estimate,0.0009282250,0.0010731500,0.0008525000,0.0006664000,0.6969%,-21.2851%,no,0.0009145850,0.30,unfilled,,0.0009282250,0.40,unfilled,,0.0009418650,0.30,unfilled,,0,no_fill,0.0008525000,0.0006664000,0.0006890000
AKEUSDT,2026-07-15T23:12:10+08:00,2026-07-15T23:12:11+08:00,2026-07-15T23:15:10+08:00,0.0006923000,9.8889%,1.0067%,0.9772%,65157188.0000000000,2019709.0000000000,6.4521x,0.0001865000,271.2064%,0.0001865000,0.0002051500,0.0009538000,0.0000499071,momentum_atr_estimate,0.0009163696,0.0011284750,0.0007016000,0.0006862000,1.3433%,-0.8811%,no,0.0008964068,0.30,unfilled,,0.0009163696,0.40,unfilled,,0.0009363325,0.30,unfilled,,0,no_fill,0.0007016000,0.0006862000,0.0006950000
AKEUSDT,2026-07-15T23:44:58+08:00,2026-07-15T23:44:59+08:00,2026-07-15T23:47:58+08:00,0.0008209000,21.3990%,21.4170%,22.2851%,33199963.0000000000,1991196.0000000000,3.3347x,0.0001865000,340.1609%,0.0001865000,0.0002051500,0.0009220000,0.0000584000,momentum_atr_estimate,0.0008782000,0.0011264000,0.0008263000,0.0006719000,0.6578%,-18.1508%,no,0.0008548400,0.30,unfilled,,0.0008782000,0.40,unfilled,,0.0009015600,0.30,unfilled,,0,no_fill,0.0008263000,0.0006719000,0.0006762000
AKEUSDT,2026-07-15T23:48:50+08:00,2026-07-15T23:48:51+08:00,2026-07-15T23:51:50+08:00,0.0007504000,11.0716%,11.0388%,10.9731%,63146559.0000000000,1105941.0000000000,11.4195x,0.0001865000,302.3592%,0.0001865000,0.0002051500,0.0009220000,0.0000630071,momentum_atr_estimate,0.0008747446,0.0011425250,0.0007743000,0.0006732000,3.1850%,-10.2878%,no,0.0008495418,0.30,unfilled,,0.0008747446,0.40,unfilled,,0.0008999475,0.30,unfilled,,0,no_fill,0.0007743000,0.0006732000,0.0006806000
AKEUSDT,2026-07-15T23:52:24+08:00,2026-07-15T23:52:25+08:00,2026-07-15T23:55:24+08:00,0.0007584000,11.0721%,11.0883%,10.9258%,26340584.0000000000,1709918.0000000000,3.0809x,0.0001865000,306.6488%,0.0001865000,0.0002051500,0.0009220000,0.0000640786,momentum_atr_estimate,0.0008739411,0.0011462750,0.0007616000,0.0006753000,0.4219%,-10.9573%,no,0.0008483096,0.30,unfilled,,0.0008739411,0.40,unfilled,,0.0008995725,0.30,unfilled,,0,no_fill,0.0007658000,0.0006753000,0.0006789000
AKEUSDT,2026-07-15T23:55:36+08:00,2026-07-15T23:55:37+08:00,2026-07-15T23:58:36+08:00,0.0007582000,11.1893%,11.1241%,11.8949%,27219173.0000000000,1733561.0000000000,3.1403x,0.0001865000,306.5416%,0.0001865000,0.0002051500,0.0009220000,0.0000640786,momentum_atr_estimate,0.0008739411,0.0011462750,0.0007658000,0.0006762000,1.0024%,-10.8151%,no,0.0008483096,0.30,unfilled,,0.0008739411,0.40,unfilled,,0.0008995725,0.30,unfilled,,0,no_fill,0.0007658000,0.0006760000,0.0006889000
AKEUSDT,2026-07-16T00:04:07+08:00,2026-07-16T00:04:08+08:00,2026-07-16T00:07:07+08:00,0.0007616000,12.1319%,12.3801%,11.7207%,30387497.0000000000,1771459.0000000000,3.4308x,0.0001865000,308.3646%,0.0001865000,0.0002051500,0.0008484000,0.0000592357,momentum_atr_estimate,0.0008039732,0.0010557250,0.0007792000,0.0006779000,2.3109%,-10.9900%,no,0.0007802789,0.30,unfilled,,0.0008039732,0.40,unfilled,,0.0008276675,0.30,unfilled,,0,no_fill,0.0007792000,0.0006776000,0.0006827000
AKEUSDT,2026-07-16T00:08:49+08:00,2026-07-16T00:08:50+08:00,2026-07-16T00:11:49+08:00,0.0007585000,11.7742%,11.4949%,10.7946%,36547318.0000000000,2177875.0000000000,3.3562x,0.0001865000,306.7024%,0.0001865000,0.0002051500,0.0008403000,0.0000625214,momentum_atr_estimate,0.0007934089,0.0010591250,0.0007472000,0.0006795000,-1.4898%,-10.4153%,no,0.0007684004,0.30,unfilled,,0.0007934089,0.40,unfilled,,0.0008184175,0.30,unfilled,,0,no_fill,0.0007644000,0.0006795000,0.0007078000
AKEUSDT,2026-07-16T00:11:50+08:00,2026-07-16T00:11:51+08:00,2026-07-16T00:14:50+08:00,0.0007459000,7.3546%,7.6801%,8.4157%,1271764360.0000000000,3437412.0000000000,73.9955x,0.0001865000,299.9464%,0.0001865000,0.0002051500,0.0008238000,0.0000647143,momentum_atr_estimate,0.0007752643,0.0010503000,0.0007644000,0.0007025000,2.4802%,-5.8185%,no,0.0007493786,0.30,filled,2026-07-16T00:11:51+08:00,0.0007752643,0.40,unfilled,,0.0008011500,0.30,unfilled,,1,partial_filled,0.0007644000,0.0006961000,0.0007107000
AKEUSDT,2026-07-16T01:17:13+08:00,2026-07-16T01:17:14+08:00,2026-07-16T01:20:13+08:00,0.0007092000,7.9945%,0.3112%,0.1836%,45469984.0000000000,2101576.0000000000,4.3272x,0.0002565000,176.4912%,0.0001865000,0.0002051500,0.0007196000,0.0000463714,momentum_atr_estimate,0.0006848214,0.0008819000,0.0007157000,0.0007011000,0.9165%,-1.1421%,no,0.0006662729,0.30,not_placed,,0.0006848214,0.40,not_placed,,0.0007033700,0.30,not_placed,,0,rejected_origin_floor,0.0007310000,0.0007011000,0.0007213000
AKEUSDT,2026-07-16T01:32:45+08:00,2026-07-16T01:32:46+08:00,2026-07-16T01:35:45+08:00,0.0007231000,12.0738%,0.1801%,0.2495%,25847474.0000000000,1604995.0000000000,3.2209x,0.0002834000,155.1517%,0.0001865000,0.0002051500,0.0007233000,0.0000417500,momentum_atr_estimate,0.0006919875,0.0008694250,0.0007274000,0.0006410000,0.5947%,-11.3539%,no,0.0006752875,0.30,not_placed,,0.0006919875,0.40,not_placed,,0.0007086875,0.30,not_placed,,0,rejected_origin_floor,0.0007274000,0.0006410000,0.0007217000
AKEUSDT,2026-07-16T01:39:00+08:00,2026-07-16T01:39:01+08:00,2026-07-16T01:42:00+08:00,0.0007185000,13.5250%,-0.2914%,-0.2222%,27232495.0000000000,1008398.0000000000,5.4011x,0.0002868000,150.5230%,0.0001865000,0.0002051500,0.0007205000,0.0000406286,momentum_atr_estimate,0.0006900286,0.0008627000,0.0007200000,0.0006284000,0.2088%,-12.5400%,no,0.0006737771,0.30,not_placed,,0.0006900286,0.40,not_placed,,0.0007062800,0.30,not_placed,,0,rejected_origin_floor,0.0007200000,0.0006277000,0.0007148000
AKEUSDT,2026-07-16T02:42:58+08:00,2026-07-16T02:42:59+08:00,2026-07-16T02:45:58+08:00,0.0007310000,15.8295%,0.0411%,-0.3001%,43600960.0000000000,899724.0000000000,9.6921x,0.0003912000,86.8609%,0.0001865000,0.0002051500,0.0007400000,0.0000312071,momentum_atr_estimate,0.0007165946,0.0008492250,0.0007316000,0.0006304000,0.0821%,-13.7620%,no,0.0007041118,0.30,not_placed,,0.0007165946,0.40,not_placed,,0.0007290775,0.30,not_placed,,0,rejected_origin_floor,0.0007316000,0.0006304000,0.0007236000
AKEUSDT,2026-07-16T03:38:03+08:00,2026-07-16T03:38:04+08:00,2026-07-16T03:41:03+08:00,0.0007565000,15.7259%,-0.1584%,-0.4081%,35168168.0000000000,1913188.0000000000,3.6764x,0.0004909000,54.1047%,0.0001865000,0.0002051500,0.0007569000,0.0000349000,momentum_atr_estimate,0.0007307250,0.0008790500,0.0007640000,0.0006541000,0.9914%,-13.5360%,no,0.0007167650,0.30,not_placed,,0.0007307250,0.40,not_placed,,0.0007446850,0.30,not_placed,,0,rejected_origin_floor,0.0007640000,0.0006518000,0.0007515000
AKEUSDT,2026-07-16T03:59:55+08:00,2026-07-16T03:59:56+08:00,2026-07-16T04:02:55+08:00,0.0007631000,14.3392%,14.0828%,0.5799%,32090128.0000000000,1325205.0000000000,4.8430x,0.0005024000,51.8909%,0.0001865000,0.0002051500,0.0007640000,0.0000231643,momentum_atr_estimate,0.0007466268,0.0008450750,0.0007729000,0.0007599000,1.2842%,-0.4193%,no,0.0007373611,0.30,not_placed,,0.0007466268,0.40,not_placed,,0.0007558925,0.30,not_placed,,0,rejected_origin_floor,0.0007729000,0.0007467000,0.0007516000
AKEUSDT,2026-07-16T04:08:29+08:00,2026-07-16T04:08:30+08:00,2026-07-16T04:11:29+08:00,0.0007614000,13.3036%,0.1052%,0.0526%,42643546.0000000000,1473023.0000000000,5.7899x,0.0005024000,51.5525%,0.0001865000,0.0002051500,0.0007620000,0.0000219286,momentum_atr_estimate,0.0007455536,0.0008387500,0.0007709000,0.0007606000,1.2477%,-0.1051%,no,0.0007367821,0.30,not_placed,,0.0007455536,0.40,not_placed,,0.0007543250,0.30,not_placed,,0,rejected_origin_floor,0.0008149000,0.0007606000,0.0007986000
AKEUSDT,2026-07-16T07:46:28+08:00,2026-07-16T07:46:29+08:00,2026-07-16T07:49:28+08:00,0.0009264000,6.1168%,8.0224%,9.0524%,3380769961.0000000000,11240793.0000000000,60.1518x,0.0005098000,81.7183%,0.0004931000,0.0005424100,0.0009502000,0.0000188571,momentum_atr_estimate,0.0009360571,0.0010162000,0.0009343000,0.0008220000,0.8528%,-11.2694%,no,0.0009285143,0.30,filled,2026-07-16T07:46:29+08:00,0.0009360571,0.40,unfilled,,0.0009436000,0.30,unfilled,,1,partial_filled,0.0009343000,0.0008220000,0.0008472000
AKEUSDT,2026-07-16T08:19:10+08:00,2026-07-16T08:19:11+08:00,2026-07-16T08:22:10+08:00,0.0009116000,6.1976%,6.4705%,7.0707%,1533110460.0000000000,13330175.0000000000,23.0021x,0.0005260000,73.3080%,0.0005024000,0.0005526400,0.0009152000,0.0000235571,momentum_atr_estimate,0.0008975321,0.0009976500,0.0009180000,0.0008234000,0.7021%,-9.6753%,no,0.0008881093,0.30,not_placed,,0.0008975321,0.40,not_placed,,0.0009069550,0.30,not_placed,,0,rejected_origin_floor,0.0009180000,0.0008234000,0.0008544000
AKEUSDT,2026-07-16T17:53:11+08:00,2026-07-16T17:53:12+08:00,2026-07-16T17:56:11+08:00,0.0011002000,12.9917%,13.2942%,13.9631%,5871883591.0000000000,6048688.0000000000,194.1540x,0.0006430000,71.1042%,0.0005610000,0.0006171000,0.0011220000,0.0000244786,momentum_atr_estimate,0.0011036411,0.0012076750,0.0011800000,0.0010261000,7.2532%,-6.7351%,no,0.0010938496,0.30,not_placed,,0.0011036411,0.40,not_placed,,0.0011134325,0.30,not_placed,,0,rejected_origin_floor,0.0011800000,0.0010261000,0.0010753000
AKEUSDT,2026-07-16T20:28:06+08:00,2026-07-16T20:28:07+08:00,2026-07-16T20:31:06+08:00,0.0009693000,5.2215%,5.0163%,5.7264%,35676058.0000000000,1362660.0000000000,5.2362x,0.0006920000,40.0723%,0.0006410000,0.0007051000,0.0009878000,0.0000258643,momentum_atr_estimate,0.0009684018,0.0010783250,0.0009730000,0.0009037000,0.3817%,-6.7678%,no,0.0009580561,0.30,not_placed,,0.0009684018,0.40,not_placed,,0.0009787475,0.30,not_placed,,0,rejected_origin_floor,0.0009730000,0.0009033000,0.0009169000
AKEUSDT,2026-07-17T03:24:39+08:00,2026-07-17T03:24:40+08:00,2026-07-17T03:27:39+08:00,0.0009406000,6.7529%,6.6803%,6.5715%,33594110.0000000000,864829.0000000000,7.7690x,0.0007630000,23.2765%,0.0007001000,0.0007701100,0.0009821000,0.0000707429,momentum_atr_estimate,0.0009290429,0.0012297000,0.0008826000,0.0008766000,-6.1663%,-6.8042%,no,0.0009007457,0.30,not_placed,,0.0009290429,0.40,not_placed,,0.0009573400,0.30,not_placed,,0,rejected_origin_floor,0.0009394000,0.0008759000,0.0008781000
AKEUSDT,2026-07-17T03:28:19+08:00,2026-07-17T03:28:20+08:00,2026-07-17T03:31:19+08:00,0.0009386000,6.9021%,6.6712%,6.6712%,13053029.0000000000,451364.0000000000,5.7838x,0.0007630000,23.0144%,0.0007001000,0.0007701100,0.0009821000,0.0000656643,momentum_atr_estimate,0.0009328518,0.0012119250,0.0009381000,0.0008750000,-0.0533%,-6.7760%,no,0.0009065861,0.30,not_placed,,0.0009328518,0.40,not_placed,,0.0009591175,0.30,not_placed,,0,rejected_origin_floor,0.0009381000,0.0008720000,0.0008736000
AKEUSDT,2026-07-17T04:04:05+08:00,2026-07-17T04:04:06+08:00,2026-07-17T04:07:05+08:00,0.0009283000,5.0232%,4.9994%,5.5486%,23490126.0000000000,625508.0000000000,7.5107x,0.0007630000,21.6645%,0.0007001000,0.0007701100,0.0009413000,0.0000291714,momentum_atr_estimate,0.0009194214,0.0010434000,0.0009000000,0.0008823000,-3.0486%,-4.9553%,no,0.0009077529,0.30,not_placed,,0.0009194214,0.40,not_placed,,0.0009310900,0.30,not_placed,,0,rejected_origin_floor,0.0009047000,0.0008823000,0.0008890000
AKEUSDT,2026-07-17T05:12:43+08:00,2026-07-17T05:12:44+08:00,2026-07-17T05:15:43+08:00,0.0009565000,8.4836%,8.2503%,8.2871%,22068484.0000000000,856238.0000000000,5.1548x,0.0007630000,25.3604%,0.0007001000,0.0007701100,0.0009855000,0.0000168786,momentum_atr_estimate,0.0009728411,0.0010445750,0.0009565000,0.0008777000,0.0000%,-8.2384%,no,0.0009660896,0.30,unfilled,,0.0009728411,0.40,unfilled,,0.0009795925,0.30,unfilled,,0,no_fill,0.0009568000,0.0008777000,0.0008842000
AKEUSDT,2026-07-17T05:26:12+08:00,2026-07-17T05:26:13+08:00,2026-07-17T05:29:12+08:00,0.0009460000,7.1348%,7.5367%,7.7449%,15657536.0000000000,763646.0000000000,4.1007x,0.0007630000,23.9843%,0.0007001000,0.0007701100,0.0009855000,0.0000166286,momentum_atr_estimate,0.0009730286,0.0010437000,0.0009539000,0.0008788000,0.8351%,-7.1036%,no,0.0009663771,0.30,unfilled,,0.0009730286,0.40,unfilled,,0.0009796800,0.30,unfilled,,0,no_fill,0.0009553000,0.0008788000,0.0008836000
AKEUSDT,2026-07-17T05:29:20+08:00,2026-07-17T05:29:21+08:00,2026-07-17T05:32:20+08:00,0.0009545000,8.1096%,8.2200%,8.0118%,9685935.0000000000,515939.0000000000,3.7547x,0.0007630000,25.0983%,0.0007001000,0.0007701100,0.0009855000,0.0000166286,momentum_atr_estimate,0.0009730286,0.0010437000,0.0009548000,0.0008790000,0.0314%,-7.9099%,no,0.0009663771,0.30,unfilled,,0.0009730286,0.40,unfilled,,0.0009796800,0.30,unfilled,,0,no_fill,0.0009548000,0.0008625000,0.0008637000
AKEUSDT,2026-07-17T14:43:45+08:00,2026-07-17T14:43:46+08:00,2026-07-17T14:46:45+08:00,0.0013509000,5.5391%,5.4567%,6.4539%,1903301456.0000000000,12440403.0000000000,30.5987x,0.0008306000,62.6415%,0.0008228000,0.0009050800,0.0013604000,0.0000254286,momentum_atr_estimate,0.0013413286,0.0014494000,0.0013944000,0.0012772000,3.2201%,-5.4556%,no,0.0013311571,0.30,not_placed,,0.0013413286,0.40,not_placed,,0.0013515000,0.30,not_placed,,0,rejected_origin_floor,0.0013944000,0.0012772000,0.0012865000
AKEUSDT,2026-07-17T17:40:52+08:00,2026-07-17T17:40:53+08:00,2026-07-17T17:43:52+08:00,0.0013141000,14.4587%,-0.1899%,-0.3941%,40794810.0000000000,998928.0000000000,8.1677x,0.0008340000,57.5659%,0.0008228000,0.0009050800,0.0013148000,0.0000302286,momentum_atr_estimate,0.0012921286,0.0014206000,0.0013179000,0.0011452000,0.2892%,-12.8529%,no,0.0012800371,0.30,not_placed,,0.0012921286,0.40,not_placed,,0.0013042200,0.30,not_placed,,0,rejected_origin_floor,0.0013179000,0.0011452000,0.0013078000
AKEUSDT,2026-07-17T18:08:29+08:00,2026-07-17T18:08:30+08:00,2026-07-17T18:11:29+08:00,0.0013359000,14.5221%,0.2401%,0.2100%,46057345.0000000000,1189181.0000000000,7.7461x,0.0008340000,60.1799%,0.0008228000,0.0009050800,0.0013374000,0.0000301786,momentum_atr_estimate,0.0013147661,0.0014430250,0.0013678000,0.0011602000,2.3879%,-13.1522%,no,0.0013026946,0.30,not_placed,,0.0013147661,0.40,not_placed,,0.0013268375,0.30,not_placed,,0,rejected_origin_floor,0.0013770000,0.0011602000,0.0013598000
AKEUSDT,2026-07-17T20:41:04+08:00,2026-07-17T20:41:05+08:00,2026-07-17T20:44:04+08:00,0.0016446000,5.1938%,5.4636%,10.9417%,1525531442.0000000000,68931871.0000000000,4.4262x,0.0008340000,97.1942%,0.0008340000,0.0009174000,0.0016455000,0.0000301214,momentum_atr_estimate,0.0016229089,0.0017509250,0.0019550000,0.0015819000,18.8739%,-3.8125%,yes,0.0016108604,0.30,not_placed,,0.0016229089,0.40,not_placed,,0.0016349575,0.30,not_placed,,0,rejected_origin_floor,0.0019550000,0.0015731000,0.0016308000
AKEUSDT,2026-07-17T22:49:14+08:00,2026-07-17T22:49:15+08:00,2026-07-17T22:52:14+08:00,0.0014650000,5.5476%,9.7296%,10.1007%,730881092.0000000000,9367292.0000000000,15.6050x,0.0008340000,75.6595%,0.0008340000,0.0009174000,0.0014675000,0.0000410143,momentum_atr_estimate,0.0014367393,0.0016110500,0.0014949000,0.0014102000,2.0410%,-3.7406%,no,0.0014203336,0.30,not_placed,,0.0014367393,0.40,not_placed,,0.0014531450,0.30,not_placed,,0,rejected_origin_floor,0.0014949000,0.0013750000,0.0013932000
AKEUSDT,2026-07-18T00:10:23+08:00,2026-07-18T00:10:24+08:00,2026-07-18T00:13:23+08:00,0.0015298000,5.0976%,6.3617%,7.7172%,784302785.0000000000,6035127.0000000000,25.9913x,0.0008340000,83.4293%,0.0008340000,0.0009174000,0.0015580000,0.0000338857,momentum_atr_estimate,0.0015325857,0.0016766000,0.0015571000,0.0014900000,1.7845%,-2.6016%,no,0.0015190314,0.30,not_placed,,0.0015325857,0.40,not_placed,,0.0015461400,0.30,not_placed,,0,rejected_origin_floor,0.0015571000,0.0014900000,0.0015130000
AKEUSDT,2026-07-18T00:50:01+08:00,2026-07-18T00:50:02+08:00,2026-07-18T00:53:01+08:00,0.0014354000,11.6348%,-0.5749%,-0.8496%,30505506.0000000000,1732216.0000000000,3.5221x,0.0008549000,67.9027%,0.0008340000,0.0009174000,0.0014378000,0.0000287857,momentum_atr_estimate,0.0014162107,0.0015385500,0.0014368000,0.0014116000,0.0975%,-1.6581%,no,0.0014046964,0.30,not_placed,,0.0014162107,0.40,not_placed,,0.0014277250,0.30,not_placed,,0,rejected_origin_floor,0.0014398000,0.0014116000,0.0014301000
AKEUSDT,2026-07-18T22:26:49+08:00,2026-07-18T22:26:50+08:00,2026-07-18T22:29:49+08:00,0.0019305000,13.2657%,0.2597%,0.3796%,10469496.0000000000,517829.0000000000,4.0436x,0.0014226000,35.7022%,0.0012100000,0.0013310000,0.0019312000,0.0000477000,momentum_atr_estimate,0.0018954250,0.0020981500,0.0019530000,0.0019293000,1.1655%,-0.0622%,no,0.0018763450,0.30,not_placed,,0.0018954250,0.40,not_placed,,0.0019145050,0.30,not_placed,,0,rejected_origin_floor,0.0019530000,0.0019157000,0.0019182000
AKEUSDT,2026-07-18T23:22:53+08:00,2026-07-18T23:22:54+08:00,2026-07-18T23:25:53+08:00,0.0019858000,26.2027%,0.3284%,0.6845%,11407014.0000000000,435612.0000000000,5.2372x,0.0014226000,39.5895%,0.0013701000,0.0015071100,0.0019860000,0.0000540929,momentum_atr_estimate,0.0019454304,0.0021753250,0.0020007000,0.0019764000,0.7503%,-0.4734%,no,0.0019237932,0.30,not_placed,,0.0019454304,0.40,not_placed,,0.0019670675,0.30,not_placed,,0,rejected_origin_floor,0.0020007000,0.0019764000,0.0019935000
AKEUSDT,2026-07-18T23:29:42+08:00,2026-07-18T23:29:43+08:00,2026-07-18T23:32:42+08:00,0.0019820000,26.4999%,0.0353%,-0.2968%,6443027.0000000000,386186.0000000000,3.3367x,0.0014226000,39.3224%,0.0013701000,0.0015071100,0.0019827000,0.0000526571,momentum_atr_estimate,0.0019432071,0.0021670000,0.0019966000,0.0015656000,0.7366%,-21.0091%,no,0.0019221443,0.30,not_placed,,0.0019432071,0.40,not_placed,,0.0019642700,0.30,not_placed,,0,rejected_origin_floor,0.0020215000,0.0015656000,0.0020068000
AKEUSDT,2026-07-19T00:57:33+08:00,2026-07-19T00:57:34+08:00,2026-07-19T01:00:33+08:00,0.0020893000,16.9886%,-0.1338%,-0.2340%,18677867.0000000000,943623.0000000000,3.9588x,0.0014226000,46.8649%,0.0013766000,0.0015142600,0.0020904000,0.0000636714,momentum_atr_estimate,0.0020426464,0.0023132500,0.0020894000,0.0020512000,0.0048%,-1.8236%,no,0.0020171779,0.30,not_placed,,0.0020426464,0.40,not_placed,,0.0020681150,0.30,not_placed,,0,rejected_origin_floor,0.0020894000,0.0020392000,0.0020410000
AKEUSDT,2026-07-19T02:22:12+08:00,2026-07-19T02:22:13+08:00,2026-07-19T02:25:12+08:00,0.0020199000,13.7203%,-0.0247%,0.0842%,4775309.0000000000,210649.0000000000,4.5339x,0.0014226000,41.9865%,0.0014226000,0.0015648600,0.0020202000,0.0000463571,momentum_atr_estimate,0.0019854321,0.0021824500,0.0020356000,0.0017592000,0.7773%,-12.9066%,no,0.0019668893,0.30,not_placed,,0.0019854321,0.40,not_placed,,0.0020039750,0.30,not_placed,,0,rejected_origin_floor,0.0020460000,0.0017592000,0.0020382000
AKEUSDT,2026-07-19T03:57:20+08:00,2026-07-19T03:57:21+08:00,2026-07-19T04:00:20+08:00,0.0020295000,6.0955%,6.0733%,6.3401%,15469966.0000000000,777142.0000000000,3.9812x,0.0014226000,42.6613%,0.0014226000,0.0015648600,0.0020999000,0.0000795000,momentum_atr_estimate,0.0020402750,0.0023781500,0.0020310000,0.0019028000,0.0739%,-6.2429%,no,0.0020084750,0.30,not_placed,,0.0020402750,0.40,not_placed,,0.0020720750,0.30,not_placed,,0,rejected_origin_floor,0.0020310000,0.0018951000,0.0019001000
AKEUSDT,2026-07-19T04:23:32+08:00,2026-07-19T04:23:33+08:00,2026-07-19T04:26:32+08:00,0.0020180000,7.1068%,7.1125%,6.7499%,20657052.0000000000,1078157.0000000000,3.8319x,0.0014226000,41.8529%,0.0014226000,0.0015648600,0.0020901000,0.0000844214,momentum_atr_estimate,0.0020267839,0.0023855750,0.0018880000,0.0018680000,-6.4420%,-7.4331%,no,0.0019930154,0.30,not_placed,,0.0020267839,0.40,not_placed,,0.0020605525,0.30,not_placed,,0,rejected_origin_floor,0.0019073000,0.0018680000,0.0019016000
AKEUSDT,2026-07-19T04:35:09+08:00,2026-07-19T04:35:10+08:00,2026-07-19T04:38:09+08:00,0.0020032000,7.1918%,7.1803%,7.2090%,37672546.0000000000,760536.0000000000,9.9068x,0.0014226000,40.8126%,0.0014226000,0.0015648600,0.0020901000,0.0000869643,momentum_atr_estimate,0.0020248768,0.0023944750,0.0020332000,0.0018688000,1.4976%,-6.7093%,no,0.0019900911,0.30,not_placed,,0.0020248768,0.40,not_placed,,0.0020596625,0.30,not_placed,,0,rejected_origin_floor,0.0020332000,0.0018666000,0.0018668000
AKEUSDT,2026-07-19T04:39:18+08:00,2026-07-19T04:39:19+08:00,2026-07-19T04:42:18+08:00,0.0020297000,8.3605%,8.4763%,8.6563%,8625000.0000000000,318171.0000000000,5.4216x,0.0014226000,42.6754%,0.0014226000,0.0015648600,0.0020901000,0.0000821857,momentum_atr_estimate,0.0020284607,0.0023777500,0.0020235000,0.0018550000,-0.3055%,-8.6072%,no,0.0019955864,0.30,not_placed,,0.0020284607,0.40,not_placed,,0.0020613350,0.30,not_placed,,0,rejected_origin_floor,0.0020292000,0.0018550000,0.0018609000
AKEUSDT,2026-07-19T04:43:35+08:00,2026-07-19T04:43:36+08:00,2026-07-19T04:46:36+08:00,0.0020265000,8.5431%,8.5373%,8.6653%,13885691.0000000000,359321.0000000000,7.7289x,0.0014226000,42.4504%,0.0014226000,0.0015648600,0.0020901000,0.0000787429,momentum_atr_estimate,0.0020310429,0.0023657000,0.0020346000,0.0018571000,0.3997%,-8.3592%,no,0.0019995457,0.30,not_placed,,0.0020310429,0.40,not_placed,,0.0020625400,0.30,not_placed,,0,rejected_origin_floor,0.0020346000,0.0018527000,0.0018591000
AKEUSDT,2026-07-19T04:55:35+08:00,2026-07-19T04:55:36+08:00,2026-07-19T04:58:35+08:00,0.0019901000,7.4220%,7.5032%,7.5788%,13549307.0000000000,884405.0000000000,3.0641x,0.0014226000,39.8917%,0.0014226000,0.0015648600,0.0021424000,0.0000848571,momentum_atr_estimate,0.0020787571,0.0024394000,0.0020037000,0.0018354000,0.6834%,-7.7735%,no,0.0020448143,0.30,unfilled,,0.0020787571,0.40,unfilled,,0.0021127000,0.30,unfilled,,0,no_fill,0.0020037000,0.0018180000,0.0018349000
AKEUSDT,2026-07-19T05:15:50+08:00,2026-07-19T05:15:51+08:00,2026-07-19T05:18:50+08:00,0.0020429000,8.4515%,8.6014%,8.1930%,11704087.0000000000,695013.0000000000,3.3680x,0.0014226000,43.6033%,0.0014226000,0.0015648600,0.0021424000,0.0000760500,momentum_atr_estimate,0.0020853625,0.0024085750,0.0020646000,0.0018678000,1.0622%,-8.5711%,no,0.0020549425,0.30,filled,2026-07-19T05:18:16+08:00,0.0020853625,0.40,unfilled,,0.0021157825,0.30,unfilled,,1,partial_filled,0.0020646000,0.0018678000,0.0018914000
AKEUSDT,2026-07-19T05:22:15+08:00,2026-07-19T05:22:16+08:00,2026-07-19T05:25:15+08:00,0.0020140000,6.7699%,6.7982%,6.5890%,6803192.0000000000,324108.0000000000,4.1981x,0.0014226000,41.5718%,0.0014226000,0.0015648600,0.0020743000,0.0000739071,momentum_atr_estimate,0.0020188696,0.0023329750,0.0019240000,0.0018858000,-4.4687%,-6.3654%,no,0.0019893068,0.30,not_placed,,0.0020188696,0.40,not_placed,,0.0020484325,0.30,not_placed,,0,rejected_origin_floor,0.0019248000,0.0018858000,0.0019141000
AKEUSDT,2026-07-19T07:06:16+08:00,2026-07-19T07:06:17+08:00,2026-07-19T07:09:16+08:00,0.0020010000,5.5881%,5.6717%,5.1663%,12034334.0000000000,406995.0000000000,5.9138x,0.0014645000,36.6337%,0.0014226000,0.0015648600,0.0020294000,0.0000365857,momentum_atr_estimate,0.0020019607,0.0021574500,0.0020053000,0.0018843000,0.2149%,-5.8321%,no,0.0019873264,0.30,not_placed,,0.0020019607,0.40,not_placed,,0.0020165950,0.30,not_placed,,0,rejected_origin_floor,0.0020053000,0.0018843000,0.0018924000
AKEUSDT,2026-07-19T07:34:33+08:00,2026-07-19T07:34:34+08:00,2026-07-19T07:37:33+08:00,0.0020114000,6.5360%,6.4909%,6.5642%,9960506.0000000000,269000.0000000000,7.4056x,0.0014645000,37.3438%,0.0014226000,0.0015648600,0.0020215000,0.0000333571,momentum_atr_estimate,0.0019964821,0.0021382500,0.0020129000,0.0018747000,0.0746%,-6.7963%,no,0.0019831393,0.30,not_placed,,0.0019964821,0.40,not_placed,,0.0020098250,0.30,not_placed,,0,rejected_origin_floor,0.0020129000,0.0018747000,0.0019032000
AKEUSDT,2026-07-19T07:48:21+08:00,2026-07-19T07:48:22+08:00,2026-07-19T07:51:21+08:00,0.0020144000,6.0713%,5.9541%,6.1887%,7885084.0000000000,274234.0000000000,5.7506x,0.0014645000,37.5487%,0.0014226000,0.0015648600,0.0020350000,0.0000332429,momentum_atr_estimate,0.0020100679,0.0021513500,0.0018985000,0.0018707000,-5.7536%,-7.1336%,no,0.0019967707,0.30,not_placed,,0.0020100679,0.40,not_placed,,0.0020233650,0.30,not_placed,,0,rejected_origin_floor,0.0020168000,0.0018707000,0.0018830000
AKEUSDT,2026-07-19T07:52:54+08:00,2026-07-19T07:52:55+08:00,2026-07-19T07:55:54+08:00,0.0020144000,6.6102%,6.6893%,6.9158%,3946677.0000000000,226305.0000000000,3.4879x,0.0014645000,37.5487%,0.0014226000,0.0015648600,0.0020350000,0.0000325857,momentum_atr_estimate,0.0020105607,0.0021490500,0.0020147000,0.0018750000,0.0149%,-6.9202%,no,0.0019975264,0.30,not_placed,,0.0020105607,0.40,not_placed,,0.0020235950,0.30,not_placed,,0,rejected_origin_floor,0.0020147000,0.0018750000,0.0018826000
AKEUSDT,2026-07-19T07:57:18+08:00,2026-07-19T07:57:19+08:00,2026-07-19T08:00:18+08:00,0.0020038000,5.9651%,6.0773%,5.7973%,9250558.0000000000,564999.0000000000,3.2745x,0.0014645000,36.8249%,0.0014226000,0.0015648600,0.0020350000,0.0000317500,momentum_atr_estimate,0.0020111875,0.0021461250,0.0020045000,0.0018654000,0.0349%,-6.9069%,no,0.0019984875,0.30,not_placed,,0.0020111875,0.40,not_placed,,0.0020238875,0.30,not_placed,,0,rejected_origin_floor,0.0020046000,0.0018654000,0.0018660000
AKEUSDT,2026-07-19T08:58:59+08:00,2026-07-19T08:59:00+08:00,2026-07-19T09:01:59+08:00,0.0020667000,10.2064%,10.2064%,10.0362%,5635581.0000000000,307113.0000000000,3.6700x,0.0014645000,41.1198%,0.0014226000,0.0015648600,0.0021177000,0.0000505571,momentum_atr_estimate,0.0020797821,0.0022946500,0.0020727000,0.0018708000,0.2903%,-9.4789%,no,0.0020595593,0.30,not_placed,,0.0020797821,0.40,not_placed,,0.0021000050,0.30,not_placed,,0,rejected_origin_floor,0.0020727000,0.0018708000,0.0019057000
AKEUSDT,2026-07-19T09:38:33+08:00,2026-07-19T09:38:34+08:00,2026-07-19T09:41:33+08:00,0.0020372000,10.6032%,10.4293%,10.5372%,9168855.0000000000,346934.0000000000,5.2856x,0.0014645000,39.1055%,0.0014226000,0.0015648600,0.0020789000,0.0000452571,momentum_atr_estimate,0.0020449571,0.0022373000,0.0020378000,0.0018351000,0.0295%,-9.9205%,no,0.0020268543,0.30,not_placed,,0.0020449571,0.40,not_placed,,0.0020630600,0.30,not_placed,,0,rejected_origin_floor,0.0020378000,0.0018351000,0.0018451000
AKEUSDT,2026-07-19T09:45:04+08:00,2026-07-19T09:45:05+08:00,2026-07-19T09:48:04+08:00,0.0020100000,8.9195%,9.0140%,9.1028%,6598334.0000000000,313615.0000000000,4.2079x,0.0014645000,37.2482%,0.0014226000,0.0015648600,0.0020789000,0.0000445286,momentum_atr_estimate,0.0020455036,0.0022347500,0.0018749000,0.0018450000,-6.7214%,-8.2090%,no,0.0020276921,0.30,unfilled,,0.0020455036,0.40,unfilled,,0.0020633150,0.30,unfilled,,0,no_fill,0.0018800000,0.0018450000,0.0018757000
AKEUSDT,2026-07-19T09:57:35+08:00,2026-07-19T09:57:36+08:00,2026-07-19T10:00:35+08:00,0.0019880000,7.6398%,7.6690%,7.6690%,19084049.0000000000,243504.0000000000,15.6745x,0.0014645000,35.7460%,0.0014226000,0.0015648600,0.0020789000,0.0000465143,momentum_atr_estimate,0.0020440143,0.0022417000,0.0020100000,0.0018412000,1.1066%,-7.3843%,no,0.0020254086,0.30,unfilled,,0.0020440143,0.40,unfilled,,0.0020626200,0.30,unfilled,,0,no_fill,0.0020100000,0.0018412000,0.0018600000
AKEUSDT,2026-07-19T10:13:48+08:00,2026-07-19T10:13:49+08:00,2026-07-19T10:16:48+08:00,0.0020281000,7.5858%,7.5744%,7.5801%,5113955.0000000000,222664.0000000000,4.5934x,0.0014645000,38.4841%,0.0014645000,0.0016109500,0.0020488000,0.0000420500,momentum_atr_estimate,0.0020172625,0.0021959750,0.0018853000,0.0018528000,-7.0411%,-8.6436%,no,0.0020004425,0.30,not_placed,,0.0020172625,0.40,not_placed,,0.0020340825,0.30,not_placed,,0,rejected_origin_floor,0.0018853000,0.0018500000,0.0018549000
AKEUSDT,2026-07-20T00:08:20+08:00,2026-07-20T00:08:21+08:00,2026-07-20T00:11:20+08:00,0.0022634000,5.1668%,8.6397%,11.3878%,1188561037.0000000000,3078141.0000000000,77.2259x,0.0016822000,34.5500%,0.0016822000,0.0018504200,0.0023035000,0.0000300929,momentum_atr_estimate,0.0022809304,0.0024088250,0.0025142000,0.0020778000,11.0807%,-8.2001%,yes,0.0022688932,0.30,filled,2026-07-20T00:08:21+08:00,0.0022809304,0.40,filled,2026-07-20T00:08:23+08:00,0.0022929675,0.30,filled,2026-07-20T00:08:23+08:00,3,all_filled,0.0025142000,0.0020778000,0.0021670000
AKEUSDT,2026-07-20T01:26:32+08:00,2026-07-20T01:26:33+08:00,2026-07-20T01:29:32+08:00,0.0021470000,15.5668%,-0.1210%,-0.3620%,11009536.0000000000,622779.0000000000,3.5356x,0.0016822000,27.6305%,0.0016822000,0.0018504200,0.0021501000,0.0000343857,momentum_atr_estimate,0.0021243107,0.0022704500,0.0021589000,0.0021253000,0.5543%,-1.0107%,no,0.0021105564,0.30,not_placed,,0.0021243107,0.40,not_placed,,0.0021380650,0.30,not_placed,,0,rejected_origin_floor,0.0021589000,0.0021242000,0.0021459000
AKEUSDT,2026-07-20T08:58:48+08:00,2026-07-20T08:58:49+08:00,2026-07-20T09:01:48+08:00,0.0021810000,32.8825%,32.9635%,32.7611%,7366526.0000000000,297331.0000000000,4.9551x,0.0017901000,21.8368%,0.0016822000,0.0018504200,0.0022842000,0.0001128929,momentum_atr_estimate,0.0021995304,0.0026793250,0.0021757000,0.0016121000,-0.2430%,-26.0844%,no,0.0021543732,0.30,not_placed,,0.0021995304,0.40,not_placed,,0.0022446875,0.30,not_placed,,0,rejected_origin_floor,0.0021757000,0.0016121000,0.0016378000
AKEUSDT,2026-07-20T09:27:46+08:00,2026-07-20T09:27:47+08:00,2026-07-20T09:30:46+08:00,0.0021573000,27.2518%,27.1693%,27.6509%,9699843.0000000000,499971.0000000000,3.8802x,0.0017901000,20.5128%,0.0016822000,0.0018504200,0.0022628000,0.0000724571,momentum_atr_estimate,0.0022084571,0.0025164000,0.0021496000,0.0016693000,-0.3569%,-22.6209%,no,0.0021794743,0.30,unfilled,,0.0022084571,0.40,unfilled,,0.0022374400,0.30,unfilled,,0,no_fill,0.0021496000,0.0016693000,0.0016841000
AKEUSDT,2026-07-20T09:33:55+08:00,2026-07-20T09:33:56+08:00,2026-07-20T09:36:55+08:00,0.0021775000,29.1365%,29.1518%,29.1518%,10933289.0000000000,293954.0000000000,7.4388x,0.0017901000,21.6412%,0.0016822000,0.0018504200,0.0022628000,0.0000769857,momentum_atr_estimate,0.0022050607,0.0025322500,0.0021828000,0.0016720000,0.2434%,-23.2147%,no,0.0021742664,0.30,not_placed,,0.0022050607,0.40,not_placed,,0.0022358550,0.30,not_placed,,0,rejected_origin_floor,0.0021828000,0.0016720000,0.0016913000
AKEUSDT,2026-07-20T11:58:48+08:00,2026-07-20T11:58:49+08:00,2026-07-20T12:01:48+08:00,0.0017444000,10.3981%,10.3911%,10.3632%,12411932.0000000000,480271.0000000000,5.1687x,0.0014312000,21.8837%,0.0014312000,0.0015743200,0.0017550000,0.0000868571,momentum_atr_estimate,0.0016898571,0.0020590000,0.0017426000,0.0015666000,-0.1032%,-10.1926%,no,0.0016551143,0.30,not_placed,,0.0016898571,0.40,not_placed,,0.0017246000,0.30,not_placed,,0,rejected_origin_floor,0.0018106000,0.0015666000,0.0015732000
AKEUSDT,2026-07-20T12:03:41+08:00,2026-07-20T12:03:42+08:00,2026-07-20T12:06:41+08:00,0.0018084000,15.2214%,15.0894%,14.4992%,6982704.0000000000,299881.0000000000,4.6570x,0.0014312000,26.3555%,0.0014312000,0.0015743200,0.0018563000,0.0000869786,momentum_atr_estimate,0.0017910661,0.0021607250,0.0018121000,0.0015664000,0.2046%,-13.3820%,no,0.0017562746,0.30,not_placed,,0.0017910661,0.40,not_placed,,0.0018258575,0.30,not_placed,,0,rejected_origin_floor,0.0018160000,0.0015664000,0.0015736000
AKEUSDT,2026-07-20T12:09:28+08:00,2026-07-20T12:09:29+08:00,2026-07-20T12:12:28+08:00,0.0018095000,15.2841%,0.0332%,14.8014%,8484666.0000000000,280707.0000000000,6.0452x,0.0014312000,26.4324%,0.0014312000,0.0015743200,0.0018563000,0.0000856714,momentum_atr_estimate,0.0017920464,0.0021561500,0.0018277000,0.0015574000,1.0058%,-13.9320%,no,0.0017577779,0.30,not_placed,,0.0017920464,0.40,not_placed,,0.0018263150,0.30,not_placed,,0,rejected_origin_floor,0.0018277000,0.0015574000,0.0015836000
AKEUSDT,2026-07-20T12:17:34+08:00,2026-07-20T12:17:35+08:00,2026-07-20T12:20:34+08:00,0.0017269000,9.6723%,9.4915%,9.5818%,6090052.0000000000,216614.0000000000,5.6230x,0.0014312000,20.6610%,0.0014312000,0.0015743200,0.0018563000,0.0000896214,momentum_atr_estimate,0.0017890839,0.0021699750,0.0017303000,0.0015621000,0.1969%,-9.5431%,no,0.0017532354,0.30,unfilled,,0.0017890839,0.40,unfilled,,0.0018249325,0.30,unfilled,,0,no_fill,0.0017303000,0.0015621000,0.0015802000
AKEUSDT,2026-07-20T14:37:57+08:00,2026-07-20T14:37:58+08:00,2026-07-20T14:40:57+08:00,0.0017289000,8.9071%,0.5584%,0.7283%,21826344.0000000000,259195.0000000000,16.8416x,0.0014312000,20.8007%,0.0014312000,0.0015743200,0.0017478000,0.0000398714,momentum_atr_estimate,0.0017178964,0.0018873500,0.0017345000,0.0015919000,0.3239%,-7.9241%,no,0.0017019479,0.30,not_placed,,0.0017178964,0.40,not_placed,,0.0017338450,0.30,not_placed,,0,rejected_origin_floor,0.0017345000,0.0015919000,0.0017155000
AKEUSDT,2026-07-20T14:41:40+08:00,2026-07-20T14:41:41+08:00,2026-07-20T14:44:40+08:00,0.0017226000,7.9323%,-0.2894%,-0.1912%,7705176.0000000000,333166.0000000000,4.6254x,0.0014312000,20.3605%,0.0014312000,0.0015743200,0.0017232000,0.0000432714,momentum_atr_estimate,0.0016907464,0.0018746500,0.0017293000,0.0017086000,0.3889%,-0.8127%,no,0.0016734379,0.30,not_placed,,0.0016907464,0.40,not_placed,,0.0017080550,0.30,not_placed,,0,rejected_origin_floor,0.0017299000,0.0017013000,0.0017212000
AKEUSDT,2026-07-20T17:52:52+08:00,2026-07-20T17:52:53+08:00,2026-07-20T17:55:52+08:00,0.0017284000,6.8497%,7.0416%,6.1606%,4942955.0000000000,320333.0000000000,3.0861x,0.0014312000,20.7658%,0.0014312000,0.0015743200,0.0017462000,0.0000424786,momentum_atr_estimate,0.0017143411,0.0018948750,0.0017164000,0.0016146000,-0.6943%,-6.5841%,no,0.0016973496,0.30,not_placed,,0.0017143411,0.40,not_placed,,0.0017313325,0.30,not_placed,,0,rejected_origin_floor,0.0017164000,0.0016126000,0.0016956000
AKEUSDT,2026-07-20T19:18:31+08:00,2026-07-20T19:18:32+08:00,2026-07-20T19:21:31+08:00,0.0017258000,8.4727%,0.3255%,0.1858%,7446579.0000000000,227563.0000000000,6.5446x,0.0014312000,20.5841%,0.0014312000,0.0015743200,0.0017258000,0.0000338357,momentum_atr_estimate,0.0017004232,0.0018442250,0.0017334000,0.0015804000,0.4404%,-8.4251%,no,0.0016868889,0.30,not_placed,,0.0017004232,0.40,not_placed,,0.0017139575,0.30,not_placed,,0,rejected_origin_floor,0.0017334000,0.0015784000,0.0017160000
AKEUSDT,2026-07-20T19:26:23+08:00,2026-07-20T19:26:24+08:00,2026-07-20T19:29:23+08:00,0.0017224000,8.0417%,0.0000%,-0.2433%,2483511.0000000000,163307.0000000000,3.0415x,0.0014312000,20.3466%,0.0014312000,0.0015743200,0.0017234000,0.0000317786,momentum_atr_estimate,0.0016995661,0.0018346250,0.0017295000,0.0015908000,0.4122%,-7.6405%,no,0.0016868546,0.30,not_placed,,0.0016995661,0.40,not_placed,,0.0017122775,0.30,not_placed,,0,rejected_origin_floor,0.0017324000,0.0015908000,0.0017212000
AKEUSDT,2026-07-20T19:29:29+08:00,2026-07-20T19:29:30+08:00,2026-07-20T19:32:29+08:00,0.0017267000,7.8850%,-0.0232%,0.0464%,1893305.0000000000,117919.0000000000,3.2112x,0.0014312000,20.6470%,0.0014312000,0.0015743200,0.0017279000,0.0000317786,momentum_atr_estimate,0.0017040661,0.0018391250,0.0017324000,0.0015931000,0.3301%,-7.7373%,no,0.0016913546,0.30,not_placed,,0.0017040661,0.40,not_placed,,0.0017167775,0.30,not_placed,,0,rejected_origin_floor,0.0017324000,0.0015925000,0.0017199000
AKEUSDT,2026-07-20T19:32:34+08:00,2026-07-20T19:32:35+08:00,2026-07-20T19:35:34+08:00,0.0017218000,7.2639%,-0.0522%,0.0174%,2730898.0000000000,108931.0000000000,5.0140x,0.0014312000,20.3046%,0.0014312000,0.0015743200,0.0017223000,0.0000310571,momentum_atr_estimate,0.0016990071,0.0018310000,0.0017295000,0.0015842000,0.4472%,-7.9916%,no,0.0016865843,0.30,not_placed,,0.0016990071,0.40,not_placed,,0.0017114300,0.30,not_placed,,0,rejected_origin_floor,0.0017295000,0.0015810000,0.0016956000
AKEUSDT,2026-07-20T21:37:13+08:00,2026-07-20T21:37:14+08:00,2026-07-20T21:40:13+08:00,0.0017903000,5.0214%,5.1509%,5.0214%,19861367.0000000000,325993.0000000000,12.1851x,0.0014312000,25.0908%,0.0014312000,0.0015743200,0.0018110000,0.0000466714,momentum_atr_estimate,0.0017759964,0.0019743500,0.0017873000,0.0017015000,-0.1676%,-4.9601%,no,0.0017573279,0.30,not_placed,,0.0017759964,0.40,not_placed,,0.0017946650,0.30,not_placed,,0,rejected_origin_floor,0.0017873000,0.0017015000,0.0017170000
AKEUSDT,2026-07-20T21:53:02+08:00,2026-07-20T21:53:03+08:00,2026-07-20T21:56:02+08:00,0.0018065000,5.0596%,4.8645%,5.2248%,2585911.0000000000,123288.0000000000,4.1949x,0.0014312000,26.2228%,0.0014312000,0.0015743200,0.0018357000,0.0000425643,momentum_atr_estimate,0.0018037768,0.0019846750,0.0018357000,0.0017150000,1.6164%,-5.0650%,no,0.0017867511,0.30,not_placed,,0.0018037768,0.40,not_placed,,0.0018208025,0.30,not_placed,,0,rejected_origin_floor,0.0018357000,0.0017130000,0.0017276000
AKEUSDT,2026-07-20T22:00:46+08:00,2026-07-20T22:00:47+08:00,2026-07-20T22:03:46+08:00,0.0018090000,5.1072%,0.1606%,0.9430%,2700623.0000000000,169787.0000000000,3.1812x,0.0014312000,26.3974%,0.0014312000,0.0015743200,0.0018357000,0.0000437714,momentum_atr_estimate,0.0018028714,0.0019889000,0.0018266000,0.0017112000,0.9729%,-5.4063%,no,0.0017853629,0.30,not_placed,,0.0018028714,0.40,not_placed,,0.0018203800,0.30,not_placed,,0,rejected_origin_floor,0.0018397000,0.0017053000,0.0017254000
AKEUSDT,2026-07-20T22:04:03+08:00,2026-07-20T22:04:04+08:00,2026-07-20T22:07:03+08:00,0.0018379000,7.4984%,7.3540%,6.9790%,5174213.0000000000,142296.0000000000,7.2725x,0.0014312000,28.4167%,0.0014312000,0.0015743200,0.0018467000,0.0000455286,momentum_atr_estimate,0.0018125536,0.0020060500,0.0018397000,0.0017053000,0.0979%,-7.2148%,no,0.0017943421,0.30,not_placed,,0.0018125536,0.40,not_placed,,0.0018307650,0.30,not_placed,,0,rejected_origin_floor,0.0018408000,0.0017053000,0.0017191000
AKEUSDT,2026-07-20T22:08:08+08:00,2026-07-20T22:08:09+08:00,2026-07-20T22:11:08+08:00,0.0018387000,6.7274%,6.7088%,6.6717%,32420235.0000000000,131560.0000000000,49.2859x,0.0014312000,28.4726%,0.0014312000,0.0015743200,0.0018586000,0.0000467214,momentum_atr_estimate,0.0018235589,0.0020221250,0.0018342000,0.0017107000,-0.2447%,-6.9614%,no,0.0018048704,0.30,not_placed,,0.0018235589,0.40,not_placed,,0.0018422475,0.30,not_placed,,0,rejected_origin_floor,0.0018342000,0.0017107000,0.0017298000
AKEUSDT,2026-07-20T22:11:10+08:00,2026-07-20T22:11:11+08:00,2026-07-20T22:14:10+08:00,0.0018305000,6.3317%,0.3454%,6.3626%,4395953.0000000000,231110.0000000000,3.8042x,0.0014312000,27.8997%,0.0014312000,0.0015743200,0.0018586000,0.0000456500,momentum_atr_estimate,0.0018243625,0.0020183750,0.0018305000,0.0017179000,0.0000%,-6.1513%,no,0.0018061025,0.30,not_placed,,0.0018243625,0.40,not_placed,,0.0018426225,0.30,not_placed,,0,rejected_origin_floor,0.0018313000,0.0017179000,0.0017319000
AKEUSDT,2026-07-20T22:14:17+08:00,2026-07-20T22:14:18+08:00,2026-07-20T22:17:17+08:00,0.0018199000,5.0326%,5.1054%,5.1844%,4316917.0000000000,198284.0000000000,4.3543x,0.0014312000,27.1590%,0.0014312000,0.0015743200,0.0018586000,0.0000456500,momentum_atr_estimate,0.0018243625,0.0020183750,0.0018313000,0.0017308000,0.6264%,-4.8959%,no,0.0018061025,0.30,not_placed,,0.0018243625,0.40,not_placed,,0.0018426225,0.30,not_placed,,0,rejected_origin_floor,0.0018313000,0.0017207000,0.0017261000
AKEUSDT,2026-07-20T22:17:25+08:00,2026-07-20T22:17:26+08:00,2026-07-20T22:20:25+08:00,0.0018292000,5.3505%,5.1446%,5.4780%,2281029.0000000000,119552.0000000000,3.8160x,0.0014312000,27.8088%,0.0014312000,0.0015743200,0.0018586000,0.0000463071,momentum_atr_estimate,0.0018238696,0.0020206750,0.0018308000,0.0017207000,0.0875%,-5.9316%,no,0.0018053468,0.30,not_placed,,0.0018238696,0.40,not_placed,,0.0018423925,0.30,not_placed,,0,rejected_origin_floor,0.0018308000,0.0017197000,0.0017224000
AKEUSDT,2026-07-21T19:13:48+08:00,2026-07-21T19:13:49+08:00,2026-07-21T19:16:48+08:00,0.0017044000,5.0607%,0.1940%,3.9332%,4244646.0000000000,150980.0000000000,5.6228x,0.0013540000,25.8789%,0.0013540000,0.0014894000,0.0017044000,0.0000375286,momentum_atr_estimate,0.0016762536,0.0018357500,0.0017131000,0.0016190000,0.5104%,-5.0106%,no,0.0016612421,0.30,not_placed,,0.0016762536,0.40,not_placed,,0.0016912650,0.30,not_placed,,0,rejected_origin_floor,0.0017131000,0.0016190000,0.0017044000
AKEUSDT,2026-07-21T20:26:28+08:00,2026-07-21T20:26:29+08:00,2026-07-21T20:29:28+08:00,0.0016908000,6.0927%,0.3383%,0.8891%,114339069.0000000000,353976.0000000000,64.6027x,0.0013540000,24.8744%,0.0013540000,0.0014894000,0.0016910000,0.0000214143,momentum_atr_estimate,0.0016749393,0.0017659500,0.0016998000,0.0016046000,0.5323%,-5.0982%,no,0.0016663736,0.30,not_placed,,0.0016749393,0.40,not_placed,,0.0016835050,0.30,not_placed,,0,rejected_origin_floor,0.0016998000,0.0016046000,0.0016670000
AKEUSDT,2026-07-21T22:21:01+08:00,2026-07-21T22:21:02+08:00,2026-07-21T22:24:01+08:00,0.0016987000,5.0136%,0.0118%,-0.0118%,4696852.0000000000,175940.0000000000,5.3392x,0.0013540000,25.4579%,0.0013540000,0.0014894000,0.0016987000,0.0000203857,momentum_atr_estimate,0.0016834107,0.0017700500,0.0017177000,0.0016179000,1.1185%,-4.7566%,no,0.0016752564,0.30,not_placed,,0.0016834107,0.40,not_placed,,0.0016915650,0.30,not_placed,,0,rejected_origin_floor,0.0017177000,0.0016142000,0.0016972000
AKEUSDT,2026-07-21T22:25:02+08:00,2026-07-21T22:25:03+08:00,2026-07-21T22:28:02+08:00,0.0017010000,5.0454%,0.3303%,0.4547%,5750356.0000000000,217580.0000000000,5.2857x,0.0013540000,25.6278%,0.0013540000,0.0014894000,0.0017012000,0.0000203857,momentum_atr_estimate,0.0016859107,0.0017725500,0.0017050000,0.0016142000,0.2352%,-5.1029%,no,0.0016777564,0.30,not_placed,,0.0016859107,0.40,not_placed,,0.0016940650,0.30,not_placed,,0,rejected_origin_floor,0.0017065000,0.0016142000,0.0016994000
AKEUSDT,2026-07-21T22:33:34+08:00,2026-07-21T22:33:35+08:00,2026-07-21T22:36:34+08:00,0.0017052000,5.5198%,0.2351%,0.7147%,4376321.0000000000,184195.0000000000,4.7518x,0.0013540000,25.9380%,0.0013540000,0.0014894000,0.0017052000,0.0000185643,momentum_atr_estimate,0.0016912768,0.0017701750,0.0017070000,0.0016129000,0.1056%,-5.4129%,no,0.0016838511,0.30,not_placed,,0.0016912768,0.40,not_placed,,0.0016987025,0.30,not_placed,,0,rejected_origin_floor,0.0017165000,0.0016107000,0.0017142000
AKEUSDT,2026-07-21T22:38:33+08:00,2026-07-21T22:38:34+08:00,2026-07-21T22:41:33+08:00,0.0017148000,6.0286%,0.3159%,1.0966%,7638955.0000000000,357692.0000000000,4.2712x,0.0013540000,26.6470%,0.0013540000,0.0014894000,0.0017165000,0.0000179357,momentum_atr_estimate,0.0017030482,0.0017792750,0.0017343000,0.0016091000,1.1372%,-6.1640%,no,0.0016958739,0.30,not_placed,,0.0017030482,0.40,not_placed,,0.0017102225,0.30,not_placed,,0,rejected_origin_floor,0.0017343000,0.0016081000,0.0017217000
AKEUSDT,2026-07-21T22:44:13+08:00,2026-07-21T22:44:14+08:00,2026-07-21T22:47:13+08:00,0.0017183000,6.8595%,0.1457%,-0.1917%,3274349.0000000000,169482.0000000000,3.8639x,0.0013540000,26.9055%,0.0013540000,0.0014894000,0.0017188000,0.0000164071,momentum_atr_estimate,0.0017064946,0.0017762250,0.0017264000,0.0016051000,0.4714%,-6.5879%,no,0.0016999318,0.30,not_placed,,0.0017064946,0.40,not_placed,,0.0017130575,0.30,not_placed,,0,rejected_origin_floor,0.0017265000,0.0015952000,0.0015970000
AKEUSDT,2026-07-21T22:48:37+08:00,2026-07-21T22:48:38+08:00,2026-07-21T22:51:37+08:00,0.0017206000,7.4502%,-0.0871%,0.1747%,10365403.0000000000,404222.0000000000,5.1286x,0.0013540000,27.0753%,0.0013540000,0.0014894000,0.0017233000,0.0000169429,momentum_atr_estimate,0.0017105929,0.0017826000,0.0017242000,0.0015952000,0.2092%,-7.2882%,no,0.0017038157,0.30,not_placed,,0.0017105929,0.40,not_placed,,0.0017173700,0.30,not_placed,,0,rejected_origin_floor,0.0017242000,0.0015952000,0.0017084000
AKEUSDT,2026-07-21T22:51:59+08:00,2026-07-21T22:52:00+08:00,2026-07-21T22:55:00+08:00,0.0017085000,5.7306%,0.0644%,0.0586%,5789377.0000000000,305039.0000000000,3.7958x,0.0013540000,26.1817%,0.0013540000,0.0014894000,0.0017085000,0.0000182786,momentum_atr_estimate,0.0016947911,0.0017724750,0.0017162000,0.0016020000,0.4507%,-6.2335%,no,0.0016874796,0.30,not_placed,,0.0016947911,0.40,not_placed,,0.0017021025,0.30,not_placed,,0,rejected_origin_floor,0.0017162000,0.0016008000,0.0017107000
AKEUSDT,2026-07-21T22:58:45+08:00,2026-07-21T22:58:46+08:00,2026-07-21T23:01:45+08:00,0.0017150000,7.1005%,0.0875%,0.2162%,2187544.0000000000,102795.0000000000,4.2561x,0.0013540000,26.6617%,0.0013540000,0.0014894000,0.0017150000,0.0000178143,momentum_atr_estimate,0.0017016393,0.0017773500,0.0017169000,0.0015941000,0.1108%,-7.0496%,no,0.0016945136,0.30,not_placed,,0.0017016393,0.40,not_placed,,0.0017087650,0.30,not_placed,,0,rejected_origin_floor,0.0017169000,0.0015941000,0.0017143000
AKEUSDT,2026-07-21T23:02:54+08:00,2026-07-21T23:02:55+08:00,2026-07-21T23:05:54+08:00,0.0017129000,7.1768%,0.0292%,0.5577%,3906429.0000000000,253298.0000000000,3.0845x,0.0013540000,26.5066%,0.0013540000,0.0014894000,0.0017132000,0.0000208643,momentum_atr_estimate,0.0016975518,0.0017862250,0.0017156000,0.0015951000,0.1576%,-6.8772%,no,0.0016892061,0.30,not_placed,,0.0016975518,0.40,not_placed,,0.0017058975,0.30,not_placed,,0,rejected_origin_floor,0.0017173000,0.0015848000,0.0015873000
AKEUSDT,2026-07-21T23:06:21+08:00,2026-07-21T23:06:22+08:00,2026-07-21T23:09:21+08:00,0.0017109000,7.7054%,-0.0292%,0.3637%,9558073.0000000000,128372.0000000000,14.8912x,0.0013540000,26.3589%,0.0013540000,0.0014894000,0.0017109000,0.0000217500,momentum_atr_estimate,0.0016945875,0.0017870250,0.0017173000,0.0015801000,0.3741%,-7.6451%,no,0.0016858875,0.30,not_placed,,0.0016945875,0.40,not_placed,,0.0017032875,0.30,not_placed,,0,rejected_origin_floor,0.0017173000,0.0015801000,0.0016988000
AKEUSDT,2026-07-21T23:10:55+08:00,2026-07-21T23:10:56+08:00,2026-07-21T23:13:56+08:00,0.0017030000,6.7979%,-0.0294%,-0.5664%,5396323.0000000000,232397.0000000000,4.6441x,0.0013540000,25.7755%,0.0013540000,0.0014894000,0.0017040000,0.0000217500,momentum_atr_estimate,0.0016876875,0.0017801250,0.0017045000,0.0015913000,0.0881%,-6.5590%,no,0.0016789875,0.30,not_placed,,0.0016876875,0.40,not_placed,,0.0016963875,0.30,not_placed,,0,rejected_origin_floor,0.0017045000,0.0015913000,0.0016999000
AKEUSDT,2026-07-21T23:15:33+08:00,2026-07-21T23:15:34+08:00,2026-07-21T23:18:33+08:00,0.0016986000,5.8120%,-0.1176%,5.8318%,7306105.0000000000,159349.0000000000,9.1699x,0.0013540000,25.4505%,0.0013540000,0.0014894000,0.0016990000,0.0000209214,momentum_atr_estimate,0.0016833089,0.0017722250,0.0017078000,0.0016030000,0.5416%,-5.6282%,no,0.0016749404,0.30,not_placed,,0.0016833089,0.40,not_placed,,0.0016916775,0.30,not_placed,,0,rejected_origin_floor,0.0017090000,0.0015956000,0.0017072000
AKEUSDT,2026-07-21T23:18:37+08:00,2026-07-21T23:18:38+08:00,2026-07-21T23:21:39+08:00,0.0017041000,6.2274%,6.0687%,-0.0997%,4130443.0000000000,121186.0000000000,6.8167x,0.0013540000,25.8567%,0.0013540000,0.0014894000,0.0017047000,0.0000206071,momentum_atr_estimate,0.0016892446,0.0017768250,0.0017122000,0.0015956000,0.4753%,-6.3670%,no,0.0016810018,0.30,not_placed,,0.0016892446,0.40,not_placed,,0.0016974875,0.30,not_placed,,0,rejected_origin_floor,0.0017212000,0.0015943000,0.0017129000
AKEUSDT,2026-07-21T23:21:45+08:00,2026-07-21T23:21:46+08:00,2026-07-21T23:24:46+08:00,0.0017120000,7.1071%,0.0000%,7.1607%,2956397.0000000000,182480.0000000000,3.2402x,0.0013540000,26.4402%,0.0013540000,0.0014894000,0.0017120000,0.0000203643,momentum_atr_estimate,0.0016967268,0.0017832750,0.0017212000,0.0015940000,0.5374%,-6.8925%,no,0.0016885811,0.30,not_placed,,0.0016967268,0.40,not_placed,,0.0017048725,0.30,not_placed,,0,rejected_origin_floor,0.0017212000,0.0015809000,0.0017049000
AKEUSDT,2026-07-21T23:25:24+08:00,2026-07-21T23:25:25+08:00,2026-07-21T23:28:26+08:00,0.0017035000,7.0710%,0.0411%,0.1529%,4271362.0000000000,120223.0000000000,7.1057x,0.0013540000,25.8124%,0.0013540000,0.0014894000,0.0017037000,0.0000203643,momentum_atr_estimate,0.0016884268,0.0017749750,0.0017089000,0.0015809000,0.3170%,-7.1969%,no,0.0016802811,0.30,not_placed,,0.0016884268,0.40,not_placed,,0.0016965725,0.30,not_placed,,0,rejected_origin_floor,0.0017231000,0.0015809000,0.0017192000
AKEUSDT,2026-07-21T23:29:03+08:00,2026-07-21T23:29:04+08:00,2026-07-21T23:32:03+08:00,0.0017138000,7.7726%,0.5515%,0.4808%,3863582.0000000000,120546.0000000000,6.4101x,0.0013540000,26.5731%,0.0013540000,0.0014894000,0.0017138000,0.0000197643,momentum_atr_estimate,0.0016989768,0.0017829750,0.0017319000,0.0015869000,1.0561%,-7.4046%,no,0.0016910711,0.30,not_placed,,0.0016989768,0.40,not_placed,,0.0017068825,0.30,not_placed,,0,rejected_origin_floor,0.0017319000,0.0015869000,0.0017243000
AKEUSDT,2026-07-21T23:34:00+08:00,2026-07-21T23:34:01+08:00,2026-07-21T23:37:00+08:00,0.0017238000,8.5311%,0.0639%,0.2035%,2387438.0000000000,114328.0000000000,4.1765x,0.0013540000,27.3117%,0.0013540000,0.0014894000,0.0017238000,0.0000188714,momentum_atr_estimate,0.0017096464,0.0017898500,0.0017277000,0.0015844000,0.2262%,-8.0868%,no,0.0017020979,0.30,not_placed,,0.0017096464,0.40,not_placed,,0.0017171950,0.30,not_placed,,0,rejected_origin_floor,0.0017277000,0.0015844000,0.0017227000
AKEUSDT,2026-07-21T23:37:15+08:00,2026-07-21T23:37:16+08:00,2026-07-21T23:40:15+08:00,0.0017148000,7.5447%,-0.0990%,-0.2907%,11886584.0000000000,163618.0000000000,14.5297x,0.0013540000,26.6470%,0.0013540000,0.0014894000,0.0017154000,0.0000202857,momentum_atr_estimate,0.0017001857,0.0017864000,0.0017261000,0.0015958000,0.6590%,-6.9396%,no,0.0016920714,0.30,not_placed,,0.0017001857,0.40,not_placed,,0.0017083000,0.30,not_placed,,0,rejected_origin_floor,0.0017277000,0.0015958000,0.0017172000
AKEUSDT,2026-07-21T23:40:23+08:00,2026-07-21T23:40:24+08:00,2026-07-21T23:43:25+08:00,0.0017187000,7.0774%,-0.0640%,-0.0523%,5021961.0000000000,137471.0000000000,7.3062x,0.0013540000,26.9350%,0.0013540000,0.0014894000,0.0017188000,0.0000202857,momentum_atr_estimate,0.0017035857,0.0017898000,0.0017277000,0.0016036000,0.5237%,-6.6969%,no,0.0016954714,0.30,not_placed,,0.0017035857,0.40,not_placed,,0.0017117000,0.30,not_placed,,0,rejected_origin_floor,0.0017277000,0.0016036000,0.0016993000
AKEUSDT,2026-07-21T23:49:51+08:00,2026-07-21T23:49:52+08:00,2026-07-21T23:52:51+08:00,0.0017047000,6.6637%,0.0939%,0.2293%,2474651.0000000000,89568.0000000000,5.5257x,0.0013540000,25.9010%,0.0013540000,0.0014894000,0.0017051000,0.0000211286,momentum_atr_estimate,0.0016892536,0.0017790500,0.0017059000,0.0015950000,0.0704%,-6.4351%,no,0.0016808021,0.30,not_placed,,0.0016892536,0.40,not_placed,,0.0016977050,0.30,not_placed,,0,rejected_origin_floor,0.0017059000,0.0015950000,0.0016961000
AKEUSDT,2026-07-21T23:54:09+08:00,2026-07-21T23:54:10+08:00,2026-07-21T23:57:10+08:00,0.0017000000,6.0644%,-0.0588%,0.0059%,2433825.0000000000,101034.0000000000,4.8178x,0.0013540000,25.5539%,0.0013540000,0.0014894000,0.0017012000,0.0000216000,momentum_atr_estimate,0.0016850000,0.0017768000,0.0017019000,0.0015973000,0.1118%,-6.0412%,no,0.0016763600,0.30,not_placed,,0.0016850000,0.40,not_placed,,0.0016936400,0.30,not_placed,,0,rejected_origin_floor,0.0017019000,0.0015950000,0.0016908000
AKEUSDT,2026-07-21T23:57:39+08:00,2026-07-21T23:57:40+08:00,2026-07-22T00:00:40+08:00,0.0016893000,5.6539%,-0.1537%,0.0355%,1897898.0000000000,114402.0000000000,3.3179x,0.0013540000,24.7637%,0.0013540000,0.0014894000,0.0016908000,0.0000213071,momentum_atr_estimate,0.0016748196,0.0017653750,0.0017014000,0.0015923000,0.7163%,-5.7420%,no,0.0016662968,0.30,not_placed,,0.0016748196,0.40,not_placed,,0.0016833425,0.30,not_placed,,0,rejected_origin_floor,0.0017014000,0.0015861000,0.0016828000
AKEUSDT,2026-07-22T00:01:14+08:00,2026-07-22T00:01:15+08:00,2026-07-22T00:04:15+08:00,0.0016842000,6.0513%,-0.2960%,-0.5726%,9544080.0000000000,348915.0000000000,5.4707x,0.0013540000,24.3870%,0.0013540000,0.0014894000,0.0016855000,0.0000203500,momentum_atr_estimate,0.0016702375,0.0017567250,0.0016900000,0.0015840000,0.3444%,-5.9494%,no,0.0016620975,0.30,not_placed,,0.0016702375,0.40,not_placed,,0.0016783775,0.30,not_placed,,0,rejected_origin_floor,0.0016900000,0.0015800000,0.0016845000
AKEUSDT,2026-07-22T00:05:55+08:00,2026-07-22T00:05:56+08:00,2026-07-22T00:08:56+08:00,0.0016808000,5.7839%,0.0476%,5.9105%,9212250.0000000000,196007.0000000000,9.3999x,0.0013540000,24.1359%,0.0013540000,0.0014894000,0.0016820000,0.0000203500,momentum_atr_estimate,0.0016667375,0.0017532250,0.0017017000,0.0015787000,1.2435%,-6.0745%,no,0.0016585975,0.30,not_placed,,0.0016667375,0.40,not_placed,,0.0016748775,0.30,not_placed,,0,rejected_origin_floor,0.0017017000,0.0015787000,0.0016891000
AKEUSDT,2026-07-22T00:08:59+08:00,2026-07-22T00:09:00+08:00,2026-07-22T00:11:59+08:00,0.0016953000,7.2703%,-0.1237%,0.6292%,4618972.0000000000,302110.0000000000,3.0578x,0.0013540000,25.2068%,0.0013540000,0.0014894000,0.0016954000,0.0000209714,momentum_atr_estimate,0.0016796714,0.0017688000,0.0017009000,0.0015786000,0.3303%,-6.8837%,no,0.0016712829,0.30,not_placed,,0.0016796714,0.40,not_placed,,0.0016880600,0.30,not_placed,,0,rejected_origin_floor,0.0017009000,0.0015786000,0.0016538000
AKEUSDT,2026-07-22T00:13:00+08:00,2026-07-22T00:13:01+08:00,2026-07-22T00:16:00+08:00,0.0016755000,5.8500%,-0.0596%,-0.2382%,2795263.0000000000,158279.0000000000,3.5321x,0.0013540000,23.7445%,0.0013540000,0.0014894000,0.0016765000,0.0000185643,momentum_atr_estimate,0.0016625768,0.0017414750,0.0016763000,0.0015752000,0.0477%,-5.9863%,no,0.0016551511,0.30,not_placed,,0.0016625768,0.40,not_placed,,0.0016700025,0.30,not_placed,,0,rejected_origin_floor,0.0016763000,0.0015733000,0.0016545000
AKEUSDT,2026-07-22T00:18:23+08:00,2026-07-22T00:18:24+08:00,2026-07-22T00:21:26+08:00,0.0016648000,5.3804%,0.4586%,0.8053%,10586730.0000000000,275893.0000000000,7.6745x,0.0013540000,22.9542%,0.0013540000,0.0014894000,0.0016648000,0.0000172000,momentum_atr_estimate,0.0016519000,0.0017250000,0.0016660000,0.0015727000,0.0721%,-5.5322%,no,0.0016450200,0.30,not_placed,,0.0016519000,0.40,not_placed,,0.0016587800,0.30,not_placed,,0,rejected_origin_floor,0.0016660000,0.0015643000,0.0016622000
AKEUSDT,2026-07-22T00:21:27+08:00,2026-07-22T00:21:28+08:00,2026-07-22T00:24:27+08:00,0.0016620000,5.5976%,0.2292%,0.4108%,7856291.0000000000,204222.0000000000,7.6939x,0.0013540000,22.7474%,0.0013540000,0.0014894000,0.0016623000,0.0000165786,momentum_atr_estimate,0.0016498661,0.0017203250,0.0016720000,0.0015643000,0.6017%,-5.8785%,no,0.0016432346,0.30,not_placed,,0.0016498661,0.40,not_placed,,0.0016564975,0.30,not_placed,,0,rejected_origin_floor,0.0016720000,0.0015637000,0.0016527000
AKEUSDT,2026-07-22T00:24:44+08:00,2026-07-22T00:24:45+08:00,2026-07-22T00:27:44+08:00,0.0016571000,5.6891%,-0.3368%,-0.3248%,5969763.0000000000,337504.0000000000,3.5376x,0.0013540000,22.3855%,0.0013540000,0.0014894000,0.0016616000,0.0000165786,momentum_atr_estimate,0.0016491661,0.0017196250,0.0016605000,0.0015273000,0.2052%,-7.8330%,no,0.0016425346,0.30,not_placed,,0.0016491661,0.40,not_placed,,0.0016557975,0.30,not_placed,,0,rejected_origin_floor,0.0016655000,0.0015273000,0.0016584000
AKEUSDT,2026-07-22T00:27:56+08:00,2026-07-22T00:27:57+08:00,2026-07-22T00:30:56+08:00,0.0016572000,7.9328%,0.1027%,0.3087%,2094770.0000000000,122764.0000000000,3.4127x,0.0013540000,22.3929%,0.0013540000,0.0014894000,0.0016580000,0.0000184857,momentum_atr_estimate,0.0016441357,0.0017227000,0.0016655000,0.0015265000,0.5008%,-7.8868%,no,0.0016367414,0.30,not_placed,,0.0016441357,0.40,not_placed,,0.0016515300,0.30,not_placed,,0,rejected_origin_floor,0.0016695000,0.0015265000,0.0016652000
AKEUSDT,2026-07-22T00:31:19+08:00,2026-07-22T00:31:20+08:00,2026-07-22T00:34:19+08:00,0.0016617000,7.1166%,0.0361%,0.0361%,4514430.0000000000,213242.0000000000,4.2341x,0.0013540000,22.7253%,0.0013540000,0.0014894000,0.0016618000,0.0000211857,momentum_atr_estimate,0.0016459107,0.0017359500,0.0016815000,0.0015464000,1.1916%,-6.9387%,no,0.0016374364,0.30,not_placed,,0.0016459107,0.40,not_placed,,0.0016543850,0.30,not_placed,,0,rejected_origin_floor,0.0016827000,0.0015464000,0.0016581000
AKEUSDT,2026-07-22T00:34:59+08:00,2026-07-22T00:35:00+08:00,2026-07-22T00:37:59+08:00,0.0016712000,6.8132%,-0.4823%,0.1378%,13657860.0000000000,324577.0000000000,8.4158x,0.0013540000,23.4269%,0.0013540000,0.0014894000,0.0016725000,0.0000211857,momentum_atr_estimate,0.0016566107,0.0017466500,0.0016726000,0.0015563000,0.0838%,-6.8753%,no,0.0016481364,0.30,not_placed,,0.0016566107,0.40,not_placed,,0.0016650850,0.30,not_placed,,0,rejected_origin_floor,0.0016726000,0.0015563000,0.0016598000
AKEUSDT,2026-07-22T00:38:09+08:00,2026-07-22T00:38:10+08:00,2026-07-22T00:41:09+08:00,0.0016586000,5.0545%,0.1328%,0.3995%,5560802.0000000000,189257.0000000000,5.8765x,0.0013540000,22.4963%,0.0013540000,0.0014894000,0.0016586000,0.0000229857,momentum_atr_estimate,0.0016413607,0.0017390500,0.0016674000,0.0015568000,0.5306%,-6.1377%,no,0.0016321664,0.30,not_placed,,0.0016413607,0.40,not_placed,,0.0016505550,0.30,not_placed,,0,rejected_origin_floor,0.0016756000,0.0015507000,0.0016565000
AKEUSDT,2026-07-22T00:41:19+08:00,2026-07-22T00:41:20+08:00,2026-07-22T00:44:19+08:00,0.0016690000,7.1520%,0.2704%,0.9496%,14214851.0000000000,337782.0000000000,8.4166x,0.0013540000,23.2644%,0.0013540000,0.0014894000,0.0016709000,0.0000232929,momentum_atr_estimate,0.0016534304,0.0017524250,0.0016756000,0.0015507000,0.3954%,-7.0881%,no,0.0016441132,0.30,not_placed,,0.0016534304,0.40,not_placed,,0.0016627475,0.30,not_placed,,0,rejected_origin_floor,0.0016756000,0.0015507000,0.0016557000
AKEUSDT,2026-07-22T00:44:44+08:00,2026-07-22T00:44:45+08:00,2026-07-22T00:47:44+08:00,0.0016548000,6.1313%,6.1041%,-0.0423%,5412863.0000000000,106154.0000000000,10.1981x,0.0013540000,22.2157%,0.0013540000,0.0014894000,0.0016558000,0.0000232929,momentum_atr_estimate,0.0016383304,0.0017373250,0.0016579000,0.0015571000,0.1873%,-5.9040%,no,0.0016290132,0.30,not_placed,,0.0016383304,0.40,not_placed,,0.0016476475,0.30,not_placed,,0,rejected_origin_floor,0.0016579000,0.0015571000,0.0016518000
AKEUSDT,2026-07-22T00:48:02+08:00,2026-07-22T00:48:03+08:00,2026-07-22T00:51:02+08:00,0.0016500000,5.4448%,5.5257%,-0.0727%,2837208.0000000000,133811.0000000000,4.2406x,0.0013540000,21.8612%,0.0013540000,0.0014894000,0.0016507000,0.0000269000,momentum_atr_estimate,0.0016305250,0.0017448500,0.0016564000,0.0015684000,0.3879%,-4.9455%,no,0.0016197650,0.30,not_placed,,0.0016305250,0.40,not_placed,,0.0016412850,0.30,not_placed,,0,rejected_origin_floor,0.0016564000,0.0015684000,0.0016550000
AKEUSDT,2026-07-22T01:08:18+08:00,2026-07-22T01:08:19+08:00,2026-07-22T01:11:18+08:00,0.0017117000,5.1155%,5.1025%,4.8065%,29206113.0000000000,254700.0000000000,22.9337x,0.0013540000,26.4180%,0.0013540000,0.0014894000,0.0017398000,0.0000403643,momentum_atr_estimate,0.0017095268,0.0018810750,0.0017398000,0.0016107000,1.6416%,-5.9006%,no,0.0016933811,0.30,not_placed,,0.0017095268,0.40,not_placed,,0.0017256725,0.30,not_placed,,0,rejected_origin_floor,0.0017398000,0.0015821000,0.0015855000
AKEUSDT,2026-07-22T01:57:28+08:00,2026-07-22T01:57:29+08:00,2026-07-22T02:00:28+08:00,0.0017009000,6.9412%,7.0220%,6.8740%,8207838.0000000000,140439.0000000000,11.6888x,0.0013540000,25.6204%,0.0013540000,0.0014894000,0.0017113000,0.0000452571,momentum_atr_estimate,0.0016773571,0.0018697000,0.0015919000,0.0015745000,-6.4084%,-7.4314%,no,0.0016592543,0.30,not_placed,,0.0016773571,0.40,not_placed,,0.0016954600,0.30,not_placed,,0,rejected_origin_floor,0.0015919000,0.0015570000,0.0015708000
AKEUSDT,2026-07-22T02:07:49+08:00,2026-07-22T02:07:50+08:00,2026-07-22T02:10:49+08:00,0.0016963000,6.9681%,6.8670%,7.4424%,4213711.0000000000,214300.0000000000,3.9325x,0.0013540000,25.2806%,0.0013540000,0.0014894000,0.0017207000,0.0000392357,momentum_atr_estimate,0.0016912732,0.0018580250,0.0016950000,0.0015707000,-0.0766%,-7.4044%,no,0.0016755789,0.30,not_placed,,0.0016912732,0.40,not_placed,,0.0017069675,0.30,not_placed,,0,rejected_origin_floor,0.0016950000,0.0015707000,0.0015871000
AKEUSDT,2026-07-22T02:12:30+08:00,2026-07-22T02:12:31+08:00,2026-07-22T02:15:32+08:00,0.0016855000,6.1064%,6.0663%,6.4145%,3689161.0000000000,153959.0000000000,4.7924x,0.0013540000,24.4830%,0.0013540000,0.0014894000,0.0017207000,0.0000385571,momentum_atr_estimate,0.0016917821,0.0018556500,0.0016858000,0.0015795000,0.0178%,-6.2889%,no,0.0016763593,0.30,not_placed,,0.0016917821,0.40,not_placed,,0.0017072050,0.30,not_placed,,0,rejected_origin_floor,0.0016858000,0.0015707000,0.0015731000
AKEUSDT,2026-07-22T02:27:43+08:00,2026-07-22T02:27:44+08:00,2026-07-22T02:30:46+08:00,0.0016804000,5.9053%,5.9187%,6.7802%,12378020.0000000000,404670.0000000000,6.1176x,0.0013540000,24.1064%,0.0013540000,0.0014894000,0.0017207000,0.0000294357,momentum_atr_estimate,0.0016986232,0.0018237250,0.0016777000,0.0015761000,-0.1607%,-6.2069%,no,0.0016868489,0.30,unfilled,,0.0016986232,0.40,unfilled,,0.0017103975,0.30,unfilled,,0,no_fill,0.0016777000,0.0015731000,0.0015757000
AKEUSDT,2026-07-22T02:30:43+08:00,2026-07-22T02:30:44+08:00,2026-07-22T02:33:43+08:00,0.0016648000,5.5341%,0.3496%,5.2339%,2644897.0000000000,163522.0000000000,3.2349x,0.0013540000,22.9542%,0.0013540000,0.0014894000,0.0017207000,0.0000294357,momentum_atr_estimate,0.0016986232,0.0018237250,0.0016665000,0.0015731000,0.1021%,-5.5082%,no,0.0016868489,0.30,unfilled,,0.0016986232,0.40,unfilled,,0.0017103975,0.30,unfilled,,0,no_fill,0.0016730000,0.0015641000,0.0015688000
AKEUSDT,2026-07-22T02:34:11+08:00,2026-07-22T02:34:12+08:00,2026-07-22T02:37:11+08:00,0.0016694000,5.6382%,5.6850%,5.7720%,10396532.0000000000,100000.0000000000,20.7931x,0.0013540000,23.2939%,0.0013540000,0.0014894000,0.0017141000,0.0000295714,momentum_atr_estimate,0.0016919214,0.0018176000,0.0016718000,0.0015641000,0.1438%,-6.3077%,no,0.0016800929,0.30,unfilled,,0.0016919214,0.40,unfilled,,0.0017037500,0.30,unfilled,,0,no_fill,0.0016838000,0.0015641000,0.0015719000
AKEUSDT,2026-07-22T02:37:49+08:00,2026-07-22T02:37:50+08:00,2026-07-22T02:40:50+08:00,0.0016797000,6.8715%,6.6883%,6.6476%,3725988.0000000000,195978.0000000000,3.8025x,0.0013540000,24.0547%,0.0013540000,0.0014894000,0.0017006000,0.0000283429,momentum_atr_estimate,0.0016793429,0.0017998000,0.0016838000,0.0015669000,0.2441%,-6.7155%,no,0.0016680057,0.30,not_placed,,0.0016793429,0.40,not_placed,,0.0016906800,0.30,not_placed,,0,rejected_origin_floor,0.0016838000,0.0015633000,0.0015662000
AKEUSDT,2026-07-22T02:40:49+08:00,2026-07-22T02:40:50+08:00,2026-07-22T02:43:49+08:00,0.0016562000,5.5711%,5.4904%,5.6115%,5985681.0000000000,211598.0000000000,5.6576x,0.0013540000,22.3191%,0.0013540000,0.0014894000,0.0017006000,0.0000283429,momentum_atr_estimate,0.0016793429,0.0017998000,0.0016624000,0.0015633000,0.3744%,-5.6092%,no,0.0016680057,0.30,unfilled,,0.0016793429,0.40,unfilled,,0.0016906800,0.30,unfilled,,0,no_fill,0.0016624000,0.0015600000,0.0015620000
AKEUSDT,2026-07-22T02:48:58+08:00,2026-07-22T02:48:59+08:00,2026-07-22T02:51:58+08:00,0.0016507000,5.2340%,5.3145%,5.2071%,2560315.0000000000,80064.0000000000,6.3957x,0.0013540000,21.9129%,0.0013540000,0.0014894000,0.0017006000,0.0000247571,momentum_atr_estimate,0.0016820321,0.0017872500,0.0016571000,0.0015680000,0.3877%,-5.0100%,no,0.0016721293,0.30,unfilled,,0.0016820321,0.40,unfilled,,0.0016919350,0.30,unfilled,,0,no_fill,0.0016571000,0.0015680000,0.0015943000
AKEUSDT,2026-07-22T03:00:32+08:00,2026-07-22T03:00:33+08:00,2026-07-22T03:03:32+08:00,0.0016629000,5.1470%,5.1138%,5.1005%,3683780.0000000000,148868.0000000000,4.9491x,0.0013540000,22.8139%,0.0013540000,0.0014894000,0.0016846000,0.0000238143,momentum_atr_estimate,0.0016667393,0.0017679500,0.0017052000,0.0015661000,2.5437%,-5.8212%,no,0.0016572136,0.30,not_placed,,0.0016667393,0.40,not_placed,,0.0016762650,0.30,not_placed,,0,rejected_origin_floor,0.0017052000,0.0015657000,0.0015667000
AKEUSDT,2026-07-22T03:05:13+08:00,2026-07-22T03:05:14+08:00,2026-07-22T03:08:13+08:00,0.0016840000,7.2611%,7.1724%,7.4459%,4555265.0000000000,121914.0000000000,7.4729x,0.0013540000,24.3722%,0.0013540000,0.0014894000,0.0017166000,0.0000260714,momentum_atr_estimate,0.0016970464,0.0018078500,0.0016922000,0.0015631000,0.4869%,-7.1793%,no,0.0016866179,0.30,filled,2026-07-22T03:05:16+08:00,0.0016970464,0.40,unfilled,,0.0017074750,0.30,unfilled,,1,partial_filled,0.0016922000,0.0015458000,0.0015494000
AKEUSDT,2026-07-22T03:18:07+08:00,2026-07-22T03:18:08+08:00,2026-07-22T03:21:10+08:00,0.0016990000,8.6456%,8.9172%,9.2394%,6475676.0000000000,355225.0000000000,3.6460x,0.0013540000,25.4801%,0.0013540000,0.0014894000,0.0017166000,0.0000247071,momentum_atr_estimate,0.0016980696,0.0018030750,0.0017081000,0.0015592000,0.5356%,-8.2284%,no,0.0016881868,0.30,not_placed,,0.0016980696,0.40,not_placed,,0.0017079525,0.30,not_placed,,0,rejected_origin_floor,0.0017081000,0.0015450000,0.0015453000
AKEUSDT,2026-07-22T03:31:21+08:00,2026-07-22T03:31:22+08:00,2026-07-22T03:34:21+08:00,0.0016750000,7.5580%,7.4338%,7.5441%,11959191.0000000000,226864.0000000000,10.5430x,0.0013540000,23.7075%,0.0013540000,0.0014894000,0.0017166000,0.0000244643,momentum_atr_estimate,0.0016982518,0.0018022250,0.0016695000,0.0015570000,-0.3284%,-7.0448%,no,0.0016884661,0.30,unfilled,,0.0016982518,0.40,unfilled,,0.0017080375,0.30,unfilled,,0,no_fill,0.0016697000,0.0015570000,0.0015659000
AKEUSDT,2026-07-22T03:36:32+08:00,2026-07-22T03:36:33+08:00,2026-07-22T03:39:35+08:00,0.0016638000,6.2452%,6.2316%,6.2249%,10569359.0000000000,172218.0000000000,12.2744x,0.0013540000,22.8804%,0.0013540000,0.0014894000,0.0017131000,0.0000233286,momentum_atr_estimate,0.0016956036,0.0017947500,0.0016667000,0.0015600000,0.1743%,-6.2387%,no,0.0016862721,0.30,unfilled,,0.0016956036,0.40,unfilled,,0.0017049350,0.30,unfilled,,0,no_fill,0.0016681000,0.0015600000,0.0015699000
AKEUSDT,2026-07-22T03:44:04+08:00,2026-07-22T03:44:05+08:00,2026-07-22T03:47:05+08:00,0.0016727000,6.4465%,6.6297%,6.5821%,6394636.0000000000,153618.0000000000,8.3254x,0.0013540000,23.5377%,0.0013540000,0.0014894000,0.0017131000,0.0000242143,momentum_atr_estimate,0.0016949393,0.0017978500,0.0017289000,0.0015684000,3.3598%,-6.2354%,no,0.0016852536,0.30,filled,2026-07-22T03:44:47+08:00,0.0016949393,0.40,filled,2026-07-22T03:44:47+08:00,0.0017046250,0.30,filled,2026-07-22T03:45:38+08:00,3,all_filled,0.0017289000,0.0015684000,0.0015817000
AKEUSDT,2026-07-22T03:49:32+08:00,2026-07-22T03:49:33+08:00,2026-07-22T03:52:33+08:00,0.0017023000,7.6655%,7.5363%,-0.2403%,2942277.0000000000,179396.0000000000,3.2802x,0.0013540000,25.7238%,0.0013540000,0.0014894000,0.0017385000,0.0000256429,momentum_atr_estimate,0.0017192679,0.0018282500,0.0017125000,0.0015805000,0.5992%,-7.1550%,no,0.0017090107,0.30,filled,2026-07-22T03:52:14+08:00,0.0017192679,0.40,unfilled,,0.0017295250,0.30,unfilled,,1,partial_filled,0.0017127000,0.0015805000,0.0016028000
AKEUSDT,2026-07-22T08:26:51+08:00,2026-07-22T08:26:52+08:00,2026-07-22T08:29:51+08:00,0.0018275000,10.6235%,-0.0656%,0.0274%,6948988.0000000000,455384.0000000000,3.0519x,0.0015210000,20.1512%,0.0013540000,0.0014894000,0.0018286000,0.0000227357,momentum_atr_estimate,0.0018115482,0.0019081750,0.0018348000,0.0016574000,0.3995%,-9.3078%,no,0.0018024539,0.30,not_placed,,0.0018115482,0.40,not_placed,,0.0018206425,0.30,not_placed,,0,rejected_origin_floor,0.0018348000,0.0016574000,0.0017819000
AKEUSDT,2026-07-22T13:23:03+08:00,2026-07-22T13:23:04+08:00,2026-07-22T13:26:03+08:00,0.0018916000,10.2845%,0.3288%,0.5689%,6149500.0000000000,377157.0000000000,3.2610x,0.0015341000,23.3036%,0.0015210000,0.0016731000,0.0018916000,0.0000270500,momentum_atr_estimate,0.0018713125,0.0019862750,0.0018943000,0.0017149000,0.1427%,-9.3413%,no,0.0018604925,0.30,not_placed,,0.0018713125,0.40,not_placed,,0.0018821325,0.30,not_placed,,0,rejected_origin_floor,0.0018947000,0.0017149000,0.0018635000
AKEUSDT,2026-07-22T13:26:31+08:00,2026-07-22T13:26:32+08:00,2026-07-22T13:29:31+08:00,0.0018903000,8.8444%,-0.0899%,0.3397%,8333866.0000000000,468936.0000000000,3.5544x,0.0015341000,23.2188%,0.0015210000,0.0016731000,0.0018909000,0.0000254571,momentum_atr_estimate,0.0018718071,0.0019800000,0.0018905000,0.0018511000,0.0106%,-2.0737%,no,0.0018616243,0.30,not_placed,,0.0018718071,0.40,not_placed,,0.0018819900,0.30,not_placed,,0,rejected_origin_floor,0.0018905000,0.0018434000,0.0018633000
AKEUSDT,2026-07-22T14:10:29+08:00,2026-07-22T14:10:30+08:00,2026-07-22T14:13:29+08:00,0.0018529000,5.0218%,-0.0971%,0.2760%,15774594.0000000000,384972.0000000000,8.1952x,0.0015341000,20.7809%,0.0015210000,0.0016731000,0.0018569000,0.0000227000,momentum_atr_estimate,0.0018398750,0.0019363500,0.0018550000,0.0017602000,0.1133%,-5.0030%,no,0.0018307950,0.30,not_placed,,0.0018398750,0.40,not_placed,,0.0018489550,0.30,not_placed,,0,rejected_origin_floor,0.0018550000,0.0017594000,0.0018428000
AKEUSDT,2026-07-22T14:21:53+08:00,2026-07-22T14:21:54+08:00,2026-07-22T14:24:53+08:00,0.0018586000,6.2482%,-0.0161%,0.6826%,6577913.0000000000,272444.0000000000,4.8288x,0.0015341000,21.1525%,0.0015210000,0.0016731000,0.0018600000,0.0000265500,momentum_atr_estimate,0.0018400875,0.0019529250,0.0018640000,0.0017342000,0.2905%,-6.6932%,no,0.0018294675,0.30,not_placed,,0.0018400875,0.40,not_placed,,0.0018507075,0.30,not_placed,,0,rejected_origin_floor,0.0018640000,0.0017342000,0.0018498000
AKEUSDT,2026-07-22T14:40:55+08:00,2026-07-22T14:40:56+08:00,2026-07-22T14:43:55+08:00,0.0018750000,6.4978%,0.1175%,-0.2553%,36906395.0000000000,697591.0000000000,10.5811x,0.0015341000,22.2215%,0.0015210000,0.0016731000,0.0018750000,0.0000264571,momentum_atr_estimate,0.0018551571,0.0019676000,0.0018863000,0.0017566000,0.6027%,-6.3147%,no,0.0018445743,0.30,not_placed,,0.0018551571,0.40,not_placed,,0.0018657400,0.30,not_placed,,0,rejected_origin_floor,0.0018942000,0.0017566000,0.0018813000
AKEUSDT,2026-07-22T14:52:46+08:00,2026-07-22T14:52:47+08:00,2026-07-22T14:55:47+08:00,0.0018678000,5.5791%,0.0268%,0.0268%,10141741.0000000000,344630.0000000000,5.8856x,0.0015341000,21.7522%,0.0015210000,0.0016731000,0.0018678000,0.0000246857,momentum_atr_estimate,0.0018492857,0.0019542000,0.0018697000,0.0017434000,0.1017%,-6.6602%,no,0.0018394114,0.30,not_placed,,0.0018492857,0.40,not_placed,,0.0018591600,0.30,not_placed,,0,rejected_origin_floor,0.0018793000,0.0017434000,0.0018748000
AKEUSDT,2026-07-22T14:58:18+08:00,2026-07-22T14:58:19+08:00,2026-07-22T15:01:18+08:00,0.0018673000,7.1806%,-0.3469%,-0.0161%,10846525.0000000000,305655.0000000000,7.0972x,0.0015341000,21.7196%,0.0015210000,0.0016731000,0.0018676000,0.0000247929,momentum_atr_estimate,0.0018490054,0.0019543750,0.0018701000,0.0017328000,0.1499%,-7.2029%,no,0.0018390882,0.30,not_placed,,0.0018490054,0.40,not_placed,,0.0018589225,0.30,not_placed,,0,rejected_origin_floor,0.0018701000,0.0017328000,0.0018536000
AKEUSDT,2026-07-22T15:01:19+08:00,2026-07-22T15:01:20+08:00,2026-07-22T15:04:19+08:00,0.0018560000,5.6827%,0.0054%,-0.4719%,7611675.0000000000,455015.0000000000,3.3457x,0.0015341000,20.9830%,0.0015210000,0.0016731000,0.0018560000,0.0000243571,momentum_atr_estimate,0.0018377321,0.0019412500,0.0018616000,0.0017496000,0.3017%,-5.7328%,no,0.0018279893,0.30,not_placed,,0.0018377321,0.40,not_placed,,0.0018474750,0.30,not_placed,,0,rejected_origin_floor,0.0018800000,0.0017280000,0.0018619000
AKEUSDT,2026-07-22T15:08:14+08:00,2026-07-22T15:08:15+08:00,2026-07-22T15:11:14+08:00,0.0018603000,6.4671%,6.3029%,0.0108%,3892824.0000000000,241313.0000000000,3.2264x,0.0015341000,21.2633%,0.0015210000,0.0016731000,0.0018612000,0.0000245429,momentum_atr_estimate,0.0018427929,0.0019471000,0.0018647000,0.0017463000,0.2365%,-6.1280%,no,0.0018329757,0.30,not_placed,,0.0018427929,0.40,not_placed,,0.0018526100,0.30,not_placed,,0,rejected_origin_floor,0.0018647000,0.0017463000,0.0018548000
AKEUSDT,2026-07-22T15:11:25+08:00,2026-07-22T15:11:26+08:00,2026-07-22T15:14:25+08:00,0.0018573000,5.3190%,-0.1291%,-0.2524%,7445444.0000000000,214676.0000000000,6.9364x,0.0015341000,21.0677%,0.0015210000,0.0016731000,0.0018586000,0.0000244357,momentum_atr_estimate,0.0018402732,0.0019441250,0.0018621000,0.0017637000,0.2584%,-5.0396%,no,0.0018304989,0.30,not_placed,,0.0018402732,0.40,not_placed,,0.0018500475,0.30,not_placed,,0,rejected_origin_floor,0.0018626000,0.0017637000,0.0018570000
AKEUSDT,2026-07-22T15:16:18+08:00,2026-07-22T15:16:19+08:00,2026-07-22T15:19:18+08:00,0.0018576000,5.0857%,0.1402%,-0.2417%,5812325.0000000000,308636.0000000000,3.7665x,0.0015341000,21.0873%,0.0015210000,0.0016731000,0.0018576000,0.0000243929,momentum_atr_estimate,0.0018393054,0.0019429750,0.0018612000,0.0017649000,0.1938%,-4.9903%,no,0.0018295482,0.30,not_placed,,0.0018393054,0.40,not_placed,,0.0018490625,0.30,not_placed,,0,rejected_origin_floor,0.0018612000,0.0017648000,0.0018558000
AKEUSDT,2026-07-22T15:22:57+08:00,2026-07-22T15:22:58+08:00,2026-07-22T15:25:57+08:00,0.0018548000,5.2070%,0.1025%,0.2703%,5493719.0000000000,148278.0000000000,7.4100x,0.0015341000,20.9048%,0.0015210000,0.0016731000,0.0018560000,0.0000233500,momentum_atr_estimate,0.0018384875,0.0019377250,0.0018750000,0.0017565000,1.0891%,-5.2998%,no,0.0018291475,0.30,not_placed,,0.0018384875,0.40,not_placed,,0.0018478275,0.30,not_placed,,0,rejected_origin_floor,0.0018787000,0.0017565000,0.0018722000
AKEUSDT,2026-07-22T15:32:28+08:00,2026-07-22T15:32:29+08:00,2026-07-22T15:35:28+08:00,0.0018652000,6.4187%,0.1288%,0.7127%,4535130.0000000000,260240.0000000000,3.4853x,0.0015341000,21.5827%,0.0015210000,0.0016731000,0.0018656000,0.0000208214,momentum_atr_estimate,0.0018499839,0.0019384750,0.0019046000,0.0017479000,2.1124%,-6.2889%,no,0.0018416554,0.30,not_placed,,0.0018499839,0.40,not_placed,,0.0018583125,0.30,not_placed,,0,rejected_origin_floor,0.0019046000,0.0017359000,0.0018816000
AKEUSDT,2026-07-22T15:39:57+08:00,2026-07-22T15:39:58+08:00,2026-07-22T15:42:57+08:00,0.0018604000,5.9212%,0.2587%,-0.1020%,7271897.0000000000,412603.0000000000,3.5249x,0.0015341000,21.2698%,0.0015210000,0.0016731000,0.0018604000,0.0000222714,momentum_atr_estimate,0.0018436964,0.0019383500,0.0018726000,0.0017569000,0.6558%,-5.5633%,no,0.0018347879,0.30,not_placed,,0.0018436964,0.40,not_placed,,0.0018526050,0.30,not_placed,,0,rejected_origin_floor,0.0018726000,0.0017347000,0.0018599000
AKEUSDT,2026-07-22T15:43:24+08:00,2026-07-22T15:43:25+08:00,2026-07-22T15:46:24+08:00,0.0018602000,5.1198%,-0.1449%,-0.0215%,9988572.0000000000,172407.0000000000,11.5872x,0.0015341000,21.2568%,0.0015210000,0.0016731000,0.0018619000,0.0000272286,momentum_atr_estimate,0.0018414786,0.0019572000,0.0018685000,0.0017192000,0.4462%,-7.5798%,no,0.0018305871,0.30,not_placed,,0.0018414786,0.40,not_placed,,0.0018523700,0.30,not_placed,,0,rejected_origin_floor,0.0018685000,0.0017192000,0.0018613000
AKEUSDT,2026-07-22T15:46:54+08:00,2026-07-22T15:46:55+08:00,2026-07-22T15:49:54+08:00,0.0018593000,7.6732%,7.0409%,-0.0967%,10055700.0000000000,308269.0000000000,6.5240x,0.0015341000,21.1981%,0.0015210000,0.0016731000,0.0018593000,0.0000301571,momentum_atr_estimate,0.0018366821,0.0019648500,0.0018851000,0.0017332000,1.3876%,-6.7821%,no,0.0018246193,0.30,not_placed,,0.0018366821,0.40,not_placed,,0.0018487450,0.30,not_placed,,0,rejected_origin_floor,0.0019075000,0.0017332000,0.0018851000
AKEUSDT,2026-07-22T15:50:03+08:00,2026-07-22T15:50:04+08:00,2026-07-22T15:53:03+08:00,0.0018851000,6.5329%,6.3106%,0.3407%,12106647.0000000000,405464.0000000000,5.9717x,0.0015341000,22.8799%,0.0015210000,0.0016731000,0.0018851000,0.0000301571,momentum_atr_estimate,0.0018624821,0.0019906500,0.0019075000,0.0018753000,1.1883%,-0.5199%,no,0.0018504193,0.30,not_placed,,0.0018624821,0.40,not_placed,,0.0018745450,0.30,not_placed,,0,rejected_origin_floor,0.0019075000,0.0018055000,0.0018954000
AKEUSDT,2026-07-22T16:31:09+08:00,2026-07-22T16:31:10+08:00,2026-07-22T16:34:09+08:00,0.0018766000,5.2614%,0.0213%,-0.1755%,6232160.0000000000,213475.0000000000,5.8388x,0.0015341000,22.3258%,0.0015341000,0.0016875100,0.0018950000,0.0000495571,momentum_atr_estimate,0.0018578321,0.0020684500,0.0018860000,0.0017610000,0.5009%,-6.1601%,no,0.0018380093,0.30,not_placed,,0.0018578321,0.40,not_placed,,0.0018776550,0.30,not_placed,,0,rejected_origin_floor,0.0018860000,0.0017610000,0.0018749000
AKEUSDT,2026-07-22T16:34:42+08:00,2026-07-22T16:34:43+08:00,2026-07-22T16:37:42+08:00,0.0018783000,6.3048%,-0.0213%,0.1653%,3206184.0000000000,200720.0000000000,3.1947x,0.0015341000,22.4366%,0.0015341000,0.0016875100,0.0018794000,0.0000495571,momentum_atr_estimate,0.0018422321,0.0020528500,0.0018831000,0.0017515000,0.2556%,-6.7508%,no,0.0018224093,0.30,not_placed,,0.0018422321,0.40,not_placed,,0.0018620550,0.30,not_placed,,0,rejected_origin_floor,0.0018897000,0.0017515000,0.0018893000
AKEUSDT,2026-07-22T16:39:10+08:00,2026-07-22T16:39:11+08:00,2026-07-22T16:42:10+08:00,0.0018821000,7.1750%,-0.0372%,0.1597%,9811932.0000000000,196249.0000000000,9.9995x,0.0015341000,22.6843%,0.0015341000,0.0016875100,0.0018823000,0.0000521571,momentum_atr_estimate,0.0018431821,0.0020648500,0.0019099000,0.0018812000,1.4771%,-0.0478%,no,0.0018223193,0.30,not_placed,,0.0018431821,0.40,not_placed,,0.0018640450,0.30,not_placed,,0,rejected_origin_floor,0.0019099000,0.0018812000,0.0018903000
AKEUSDT,2026-07-22T16:52:00+08:00,2026-07-22T16:52:01+08:00,2026-07-22T16:55:00+08:00,0.0018799000,9.3601%,0.1385%,-0.2017%,3425888.0000000000,198369.0000000000,3.4541x,0.0015341000,22.5409%,0.0015341000,0.0016875100,0.0018808000,0.0000485643,momentum_atr_estimate,0.0018443768,0.0020507750,0.0018801000,0.0017181000,0.0106%,-8.6068%,no,0.0018249511,0.30,not_placed,,0.0018443768,0.40,not_placed,,0.0018638025,0.30,not_placed,,0,rejected_origin_floor,0.0018801000,0.0017145000,0.0018672000
AKEUSDT,2026-07-22T16:55:27+08:00,2026-07-22T16:55:28+08:00,2026-07-22T16:58:27+08:00,0.0018645000,8.1120%,0.0859%,-0.0268%,2889753.0000000000,188832.0000000000,3.0607x,0.0015341000,21.5371%,0.0015341000,0.0016875100,0.0018645000,0.0000485643,momentum_atr_estimate,0.0018280768,0.0020344750,0.0018704000,0.0017145000,0.3164%,-8.0451%,no,0.0018086511,0.30,not_placed,,0.0018280768,0.40,not_placed,,0.0018475025,0.30,not_placed,,0,rejected_origin_floor,0.0018895000,0.0017145000,0.0018854000
AKEUSDT,2026-07-22T16:58:30+08:00,2026-07-22T16:58:31+08:00,2026-07-22T17:01:30+08:00,0.0018657000,7.5455%,0.0268%,0.0322%,2744863.0000000000,156519.0000000000,3.5074x,0.0015341000,21.6153%,0.0015341000,0.0016875100,0.0018662000,0.0000467643,momentum_atr_estimate,0.0018311268,0.0020298750,0.0018895000,0.0017322000,1.2757%,-7.1555%,no,0.0018124211,0.30,not_placed,,0.0018311268,0.40,not_placed,,0.0018498325,0.30,not_placed,,0,rejected_origin_floor,0.0018895000,0.0017322000,0.0018694000
AKEUSDT,2026-07-22T17:04:00+08:00,2026-07-22T17:04:01+08:00,2026-07-22T17:07:00+08:00,0.0018646000,7.0748%,-0.1232%,-0.3953%,13480879.0000000000,242074.0000000000,11.1378x,0.0015341000,21.5436%,0.0015341000,0.0016875100,0.0018646000,0.0000431571,momentum_atr_estimate,0.0018322321,0.0020156500,0.0018673000,0.0017371000,0.1448%,-6.8379%,no,0.0018149693,0.30,not_placed,,0.0018322321,0.40,not_placed,,0.0018494950,0.30,not_placed,,0,rejected_origin_floor,0.0018729000,0.0017368000,0.0018633000
AKEUSDT,2026-07-22T17:11:40+08:00,2026-07-22T17:11:41+08:00,2026-07-22T17:14:42+08:00,0.0018714000,8.3111%,0.0267%,0.0588%,3040971.0000000000,178416.0000000000,3.4089x,0.0015341000,21.9868%,0.0015341000,0.0016875100,0.0018714000,0.0000373000,momentum_atr_estimate,0.0018434250,0.0020019500,0.0018744000,0.0017267000,0.1603%,-7.7322%,no,0.0018285050,0.30,not_placed,,0.0018434250,0.40,not_placed,,0.0018583450,0.30,not_placed,,0,rejected_origin_floor,0.0018744000,0.0017267000,0.0018551000
AKEUSDT,2026-07-22T17:19:52+08:00,2026-07-22T17:19:53+08:00,2026-07-22T17:22:52+08:00,0.0018500000,8.4154%,-0.0648%,-0.5697%,5519296.0000000000,249172.0000000000,4.4301x,0.0015341000,20.5919%,0.0015341000,0.0016875100,0.0018500000,0.0000363571,momentum_atr_estimate,0.0018227321,0.0019772500,0.0018669000,0.0016722000,0.9135%,-9.6108%,no,0.0018081893,0.30,not_placed,,0.0018227321,0.40,not_placed,,0.0018372750,0.30,not_placed,,0,rejected_origin_floor,0.0018731000,0.0016535000,0.0018653000
AKEUSDT,2026-07-22T17:23:21+08:00,2026-07-22T17:23:22+08:00,2026-07-22T17:26:21+08:00,0.0018646000,11.3659%,0.0161%,10.9353%,5913105.0000000000,345768.0000000000,3.4203x,0.0015341000,21.5436%,0.0015341000,0.0016875100,0.0018654000,0.0000378071,momentum_atr_estimate,0.0018370446,0.0019977250,0.0018800000,0.0016535000,0.8259%,-11.3215%,no,0.0018219218,0.30,not_placed,,0.0018370446,0.40,not_placed,,0.0018521675,0.30,not_placed,,0,rejected_origin_floor,0.0018800000,0.0016535000,0.0016941000
AKEUSDT,2026-07-22T17:28:25+08:00,2026-07-22T17:28:26+08:00,2026-07-22T17:31:25+08:00,0.0018638000,10.0106%,-0.1714%,-0.0483%,2754161.0000000000,171136.0000000000,3.2187x,0.0015341000,21.4914%,0.0015341000,0.0016875100,0.0018640000,0.0000373643,momentum_atr_estimate,0.0018359768,0.0019947750,0.0018667000,0.0016673000,0.1556%,-10.5430%,no,0.0018210311,0.30,not_placed,,0.0018359768,0.40,not_placed,,0.0018509225,0.30,not_placed,,0,rejected_origin_floor,0.0018667000,0.0016673000,0.0018525000
AKEUSDT,2026-07-22T17:31:57+08:00,2026-07-22T17:31:58+08:00,2026-07-22T17:34:57+08:00,0.0018578000,10.6163%,0.1401%,-0.1720%,3671272.0000000000,138993.0000000000,5.2827x,0.0015341000,21.1003%,0.0015341000,0.0016875100,0.0018578000,0.0000368286,momentum_atr_estimate,0.0018301786,0.0019867000,0.0018643000,0.0016720000,0.3499%,-10.0011%,no,0.0018154471,0.30,not_placed,,0.0018301786,0.40,not_placed,,0.0018449100,0.30,not_placed,,0,rejected_origin_floor,0.0018804000,0.0016673000,0.0018756000
AKEUSDT,2026-07-22T17:35:25+08:00,2026-07-22T17:35:26+08:00,2026-07-22T17:38:26+08:00,0.0018690000,11.1706%,0.4731%,0.4461%,16016421.0000000000,118871.0000000000,26.9476x,0.0015341000,21.8304%,0.0015341000,0.0016875100,0.0018694000,0.0000368286,momentum_atr_estimate,0.0018417786,0.0019983000,0.0018804000,0.0016560000,0.6100%,-11.3965%,no,0.0018270471,0.30,not_placed,,0.0018417786,0.40,not_placed,,0.0018565100,0.30,not_placed,,0,rejected_origin_floor,0.0018804000,0.0016553000,0.0016651000
AKEUSDT,2026-07-22T17:39:36+08:00,2026-07-22T17:39:37+08:00,2026-07-22T17:42:37+08:00,0.0018657000,12.4254%,0.0536%,-0.1979%,6462300.0000000000,139981.0000000000,9.2331x,0.0015341000,21.6153%,0.0015341000,0.0016875100,0.0018657000,0.0000370429,momentum_atr_estimate,0.0018379179,0.0019953500,0.0018760000,0.0016540000,0.5521%,-11.3469%,no,0.0018231007,0.30,not_placed,,0.0018379179,0.40,not_placed,,0.0018527350,0.30,not_placed,,0,rejected_origin_floor,0.0018760000,0.0016525000,0.0018698000
AKEUSDT,2026-07-22T17:42:50+08:00,2026-07-22T17:42:51+08:00,2026-07-22T17:45:51+08:00,0.0018701000,12.7313%,0.0963%,-0.2028%,2633124.0000000000,148854.0000000000,3.5379x,0.0015341000,21.9021%,0.0015341000,0.0016875100,0.0018701000,0.0000348071,momentum_atr_estimate,0.0018439946,0.0019919250,0.0018737000,0.0016493000,0.1925%,-11.8069%,no,0.0018300718,0.30,not_placed,,0.0018439946,0.40,not_placed,,0.0018579175,0.30,not_placed,,0,rejected_origin_floor,0.0018737000,0.0016413000,0.0018567000
AKEUSDT,2026-07-22T17:46:32+08:00,2026-07-22T17:46:33+08:00,2026-07-22T17:49:33+08:00,0.0018604000,13.2388%,-0.0484%,-0.3054%,4202396.0000000000,206624.0000000000,4.0677x,0.0015341000,21.2698%,0.0015341000,0.0016875100,0.0018606000,0.0000327214,momentum_atr_estimate,0.0018360589,0.0019751250,0.0018606000,0.0016413000,0.0108%,-11.7770%,no,0.0018229704,0.30,not_placed,,0.0018360589,0.40,not_placed,,0.0018491475,0.30,not_placed,,0,rejected_origin_floor,0.0018606000,0.0016413000,0.0018445000
AKEUSDT,2026-07-22T17:52:28+08:00,2026-07-22T17:52:29+08:00,2026-07-22T17:55:28+08:00,0.0018483000,11.3031%,-0.0379%,0.1463%,4717636.0000000000,172550.0000000000,5.4681x,0.0015341000,20.4811%,0.0015341000,0.0016875100,0.0018491000,0.0000325571,momentum_atr_estimate,0.0018246821,0.0019630500,0.0018484000,0.0016394000,0.0054%,-11.3023%,no,0.0018116593,0.30,not_placed,,0.0018246821,0.40,not_placed,,0.0018377050,0.30,not_placed,,0,rejected_origin_floor,0.0018484000,0.0016394000,0.0018278000
AKEUSDT,2026-07-22T20:34:22+08:00,2026-07-22T20:34:23+08:00,2026-07-22T20:37:22+08:00,0.0018434000,7.2056%,7.0997%,7.2680%,27080230.0000000000,182604.0000000000,29.6601x,0.0015341000,20.1617%,0.0015341000,0.0016875100,0.0018498000,0.0000417929,momentum_atr_estimate,0.0018184554,0.0019960750,0.0018500000,0.0017040000,0.3580%,-7.5621%,no,0.0018017382,0.30,not_placed,,0.0018184554,0.40,not_placed,,0.0018351725,0.30,not_placed,,0,rejected_origin_floor,0.0018634000,0.0017003000,0.0017092000
AKEUSDT,2026-07-22T20:37:27+08:00,2026-07-22T20:37:28+08:00,2026-07-22T20:40:27+08:00,0.0018504000,8.4388%,8.4134%,8.3753%,4464509.0000000000,273901.0000000000,3.2599x,0.0015341000,20.6180%,0.0015341000,0.0016875100,0.0018699000,0.0000424786,momentum_atr_estimate,0.0018380411,0.0020185750,0.0018692000,0.0017003000,1.0160%,-8.1118%,no,0.0018210496,0.30,not_placed,,0.0018380411,0.40,not_placed,,0.0018550325,0.30,not_placed,,0,rejected_origin_floor,0.0018712000,0.0017003000,0.0017112000
AKEUSDT,2026-07-22T20:40:41+08:00,2026-07-22T20:40:42+08:00,2026-07-22T20:43:41+08:00,0.0018672000,9.2249%,9.1994%,9.2185%,7103990.0000000000,240457.0000000000,5.9087x,0.0015341000,21.7131%,0.0015341000,0.0016875100,0.0018722000,0.0000424786,momentum_atr_estimate,0.0018403411,0.0020208750,0.0018712000,0.0017058000,0.2142%,-8.6440%,no,0.0018233496,0.30,not_placed,,0.0018403411,0.40,not_placed,,0.0018573325,0.30,not_placed,,0,rejected_origin_floor,0.0018712000,0.0017010000,0.0018571000
AKEUSDT,2026-07-22T20:43:53+08:00,2026-07-22T20:43:54+08:00,2026-07-22T20:46:53+08:00,0.0018560000,8.4809%,8.3479%,8.4049%,2963213.0000000000,158675.0000000000,3.7349x,0.0015341000,20.9830%,0.0015341000,0.0016875100,0.0018723000,0.0000405714,momentum_atr_estimate,0.0018418714,0.0020143000,0.0018654000,0.0017000000,0.5065%,-8.4052%,no,0.0018256429,0.30,not_placed,,0.0018418714,0.40,not_placed,,0.0018581000,0.30,not_placed,,0,rejected_origin_floor,0.0019111000,0.0017000000,0.0017091000
AKEUSDT,2026-07-22T20:47:04+08:00,2026-07-22T20:47:05+08:00,2026-07-22T20:50:04+08:00,0.0018757000,10.0892%,10.1474%,9.8635%,7052940.0000000000,162734.0000000000,8.6681x,0.0015341000,22.2671%,0.0015341000,0.0016875100,0.0019000000,0.0000428500,momentum_atr_estimate,0.0018678625,0.0020499750,0.0019237000,0.0017004000,2.5590%,-9.3458%,no,0.0018507225,0.30,not_placed,,0.0018678625,0.40,not_placed,,0.0018850025,0.30,not_placed,,0,rejected_origin_floor,0.0019469000,0.0017004000,0.0017176000
AKEUSDT,2026-07-22T20:51:34+08:00,2026-07-22T20:51:35+08:00,2026-07-22T20:54:34+08:00,0.0019466000,12.9970%,13.0889%,12.5267%,4083221.0000000000,194525.0000000000,4.1981x,0.0015341000,26.8887%,0.0015341000,0.0016875100,0.0019500000,0.0000433357,momentum_atr_estimate,0.0019174982,0.0021016750,0.0019511000,0.0017117000,0.2312%,-12.0672%,no,0.0019001639,0.30,not_placed,,0.0019174982,0.40,not_placed,,0.0019348325,0.30,not_placed,,0,rejected_origin_floor,0.0019583000,0.0017117000,0.0017330000
AKEUSDT,2026-07-22T20:54:41+08:00,2026-07-22T20:54:42+08:00,2026-07-22T20:57:41+08:00,0.0019524000,13.4325%,13.3798%,13.9688%,15077212.0000000000,299736.0000000000,10.0603x,0.0015341000,27.2668%,0.0015341000,0.0016875100,0.0019650000,0.0000433357,momentum_atr_estimate,0.0019324982,0.0021166750,0.0019583000,0.0017180000,0.3022%,-12.0057%,no,0.0019151639,0.30,not_placed,,0.0019324982,0.40,not_placed,,0.0019498325,0.30,not_placed,,0,rejected_origin_floor,0.0019583000,0.0017180000,0.0018653000
AKEUSDT,2026-07-22T20:58:15+08:00,2026-07-22T20:58:16+08:00,2026-07-22T21:01:15+08:00,0.0019099000,9.7896%,9.9919%,9.5503%,4647724.0000000000,245673.0000000000,3.7837x,0.0015341000,24.4964%,0.0015341000,0.0016875100,0.0019680000,0.0000492286,momentum_atr_estimate,0.0019310786,0.0021403000,0.0019123000,0.0017297000,0.1257%,-9.4350%,no,0.0019113871,0.30,filled,2026-07-22T20:58:17+08:00,0.0019310786,0.40,unfilled,,0.0019507700,0.30,unfilled,,1,partial_filled,0.0019123000,0.0017297000,0.0017506000
AKEUSDT,2026-07-22T21:02:59+08:00,2026-07-22T21:03:00+08:00,2026-07-22T21:05:59+08:00,0.0018550000,5.8307%,5.6920%,6.5235%,18374968.0000000000,393391.0000000000,9.3418x,0.0015341000,20.9178%,0.0015341000,0.0016875100,0.0019680000,0.0000478500,momentum_atr_estimate,0.0019321125,0.0021354750,0.0018709000,0.0017452000,0.8571%,-5.9191%,no,0.0019129725,0.30,unfilled,,0.0019321125,0.40,unfilled,,0.0019512525,0.30,unfilled,,0,no_fill,0.0018709000,0.0017452000,0.0017594000
AKEUSDT,2026-07-22T21:08:23+08:00,2026-07-22T21:08:24+08:00,2026-07-22T21:11:23+08:00,0.0018571000,5.7875%,5.8840%,5.3136%,4006641.0000000000,254811.0000000000,3.1448x,0.0015341000,21.0547%,0.0015341000,0.0016875100,0.0019680000,0.0000473929,momentum_atr_estimate,0.0019324554,0.0021338750,0.0018669000,0.0017504000,0.5277%,-5.7455%,no,0.0019134982,0.30,unfilled,,0.0019324554,0.40,unfilled,,0.0019514125,0.30,unfilled,,0,no_fill,0.0018669000,0.0017502000,0.0017536000
AKEUSDT,2026-07-22T21:11:38+08:00,2026-07-22T21:11:39+08:00,2026-07-22T21:14:38+08:00,0.0018646000,6.2390%,0.1396%,6.2450%,3775276.0000000000,209249.0000000000,3.6084x,0.0015341000,21.5436%,0.0015341000,0.0016875100,0.0019680000,0.0000475500,momentum_atr_estimate,0.0019323375,0.0021344250,0.0019072000,0.0017489000,2.2847%,-6.2051%,no,0.0019133175,0.30,unfilled,,0.0019323375,0.40,unfilled,,0.0019513575,0.30,unfilled,,0,no_fill,0.0019072000,0.0017489000,0.0017699000
AKEUSDT,2026-07-22T21:15:39+08:00,2026-07-22T21:15:40+08:00,2026-07-22T21:18:39+08:00,0.0018751000,6.1177%,6.0037%,7.0140%,2573897.0000000000,153820.0000000000,3.3466x,0.0015341000,22.2280%,0.0015341000,0.0016875100,0.0019680000,0.0000475500,momentum_atr_estimate,0.0019323375,0.0021344250,0.0018968000,0.0017473000,1.1573%,-6.8156%,no,0.0019133175,0.30,unfilled,,0.0019323375,0.40,unfilled,,0.0019513575,0.30,unfilled,,0,no_fill,0.0019030000,0.0017431000,0.0017447000
AKEUSDT,2026-07-22T21:18:55+08:00,2026-07-22T21:18:56+08:00,2026-07-22T21:21:55+08:00,0.0018923000,8.3047%,8.2551%,7.6026%,3932148.0000000000,219606.0000000000,3.5811x,0.0015341000,23.3492%,0.0015341000,0.0016875100,0.0019680000,0.0000485571,momentum_atr_estimate,0.0019315821,0.0021379500,0.0019030000,0.0017371000,0.5654%,-8.2017%,no,0.0019121593,0.30,unfilled,,0.0019315821,0.40,unfilled,,0.0019510050,0.30,unfilled,,0,no_fill,0.0019030000,0.0017371000,0.0017603000
AKEUSDT,2026-07-22T21:22:05+08:00,2026-07-22T21:22:06+08:00,2026-07-22T21:25:07+08:00,0.0018826000,8.0216%,8.3074%,7.9287%,6057717.0000000000,287645.0000000000,4.2119x,0.0015341000,22.7169%,0.0015341000,0.0016875100,0.0019680000,0.0000481929,momentum_atr_estimate,0.0019318554,0.0021366750,0.0018943000,0.0017393000,0.6215%,-7.6118%,no,0.0019125782,0.30,unfilled,,0.0019318554,0.40,unfilled,,0.0019511325,0.30,unfilled,,0,no_fill,0.0018943000,0.0017393000,0.0017800000
AKEUSDT,2026-07-22T21:26:27+08:00,2026-07-22T21:26:28+08:00,2026-07-22T21:29:27+08:00,0.0018909000,6.5116%,6.7883%,6.3618%,6032886.0000000000,361871.0000000000,3.3343x,0.0015341000,23.2579%,0.0015341000,0.0016875100,0.0019433000,0.0000487143,momentum_atr_estimate,0.0019067643,0.0021138000,0.0018911000,0.0017717000,0.0106%,-6.3039%,no,0.0018872786,0.30,not_placed,,0.0019067643,0.40,not_placed,,0.0019262500,0.30,not_placed,,0,rejected_origin_floor,0.0018911000,0.0017717000,0.0017882000
AKEUSDT,2026-07-22T21:36:28+08:00,2026-07-22T21:36:29+08:00,2026-07-22T21:39:28+08:00,0.0018442000,5.1305%,4.6117%,4.4754%,14724626.0000000000,367955.0000000000,8.0035x,0.0015341000,20.2138%,0.0015341000,0.0016875100,0.0019114000,0.0000499000,momentum_atr_estimate,0.0018739750,0.0020860500,0.0018465000,0.0017445000,0.1247%,-5.4061%,no,0.0018540150,0.30,unfilled,,0.0018739750,0.40,unfilled,,0.0018939350,0.30,unfilled,,0,no_fill,0.0018465000,0.0017360000,0.0017360000
AKEUSDT,2026-07-22T21:42:29+08:00,2026-07-22T21:42:30+08:00,2026-07-22T21:45:30+08:00,0.0018426000,5.9087%,5.9818%,6.1711%,10735110.0000000000,296103.0000000000,7.2509x,0.0015341000,20.1095%,0.0015341000,0.0016875100,0.0019114000,0.0000483571,momentum_atr_estimate,0.0018751321,0.0020806500,0.0018422000,0.0017291000,-0.0217%,-6.1598%,no,0.0018557893,0.30,unfilled,,0.0018751321,0.40,unfilled,,0.0018944750,0.30,unfilled,,0,no_fill,0.0018638000,0.0017200000,0.0017339000
AKEUSDT,2026-07-22T21:53:38+08:00,2026-07-22T21:53:39+08:00,2026-07-22T21:56:38+08:00,0.0018423000,6.6022%,6.8930%,7.0109%,3550716.0000000000,117038.0000000000,6.0676x,0.0015341000,20.0900%,0.0015341000,0.0016875100,0.0018947000,0.0000486714,momentum_atr_estimate,0.0018581964,0.0020650500,0.0018502000,0.0017245000,0.4288%,-6.3942%,no,0.0018387279,0.30,not_placed,,0.0018581964,0.40,not_placed,,0.0018776650,0.30,not_placed,,0,rejected_origin_floor,0.0018502000,0.0017245000,0.0018226000
AKEUSDT,2026-07-22T22:03:14+08:00,2026-07-22T22:03:15+08:00,2026-07-22T22:06:15+08:00,0.0018528000,7.1726%,7.6333%,7.8150%,4338575.0000000000,252585.0000000000,3.4353x,0.0015341000,20.7744%,0.0015341000,0.0016875100,0.0018699000,0.0000447000,momentum_atr_estimate,0.0018363750,0.0020263500,0.0018492000,0.0017044000,-0.1943%,-8.0095%,no,0.0018184950,0.30,not_placed,,0.0018363750,0.40,not_placed,,0.0018542550,0.30,not_placed,,0,rejected_origin_floor,0.0018664000,0.0017044000,0.0017213000
AKEUSDT,2026-07-22T22:06:59+08:00,2026-07-22T22:07:00+08:00,2026-07-22T22:10:00+08:00,0.0018454000,7.4344%,7.4656%,7.8929%,3696474.0000000000,235844.0000000000,3.1347x,0.0015341000,20.2920%,0.0015341000,0.0016875100,0.0018699000,0.0000374286,momentum_atr_estimate,0.0018418286,0.0020009000,0.0018664000,0.0017140000,1.1380%,-7.1204%,no,0.0018268571,0.30,not_placed,,0.0018418286,0.40,not_placed,,0.0018568000,0.30,not_placed,,0,rejected_origin_floor,0.0018664000,0.0017138000,0.0017292000
AKEUSDT,2026-07-22T22:10:47+08:00,2026-07-22T22:10:48+08:00,2026-07-22T22:13:48+08:00,0.0018502000,7.8142%,7.7954%,7.7577%,2146511.0000000000,100544.0000000000,4.2698x,0.0015341000,20.6049%,0.0015341000,0.0016875100,0.0018699000,0.0000374286,momentum_atr_estimate,0.0018418286,0.0020009000,0.0018516000,0.0017139000,0.0757%,-7.3668%,no,0.0018268571,0.30,not_placed,,0.0018418286,0.40,not_placed,,0.0018568000,0.30,not_placed,,0,rejected_origin_floor,0.0018516000,0.0017100000,0.0018437000
AKEUSDT,2026-07-22T22:15:21+08:00,2026-07-22T22:15:22+08:00,2026-07-22T22:18:22+08:00,0.0018439000,7.6353%,7.4972%,7.6416%,4137677.0000000000,156800.0000000000,5.2776x,0.0015341000,20.1943%,0.0015341000,0.0016875100,0.0018699000,0.0000367000,momentum_atr_estimate,0.0018423750,0.0019983500,0.0018620000,0.0017096000,0.9816%,-7.2835%,no,0.0018276950,0.30,not_placed,,0.0018423750,0.40,not_placed,,0.0018570550,0.30,not_placed,,0,rejected_origin_floor,0.0018620000,0.0017040000,0.0017051000
AKEUSDT,2026-07-22T22:19:59+08:00,2026-07-22T22:20:00+08:00,2026-07-22T22:23:00+08:00,0.0018543000,8.6292%,8.5656%,8.4957%,4589899.0000000000,171284.0000000000,5.3594x,0.0015341000,20.8722%,0.0015341000,0.0016875100,0.0018668000,0.0000372786,momentum_atr_estimate,0.0018388411,0.0019972750,0.0018629000,0.0017003000,0.4638%,-8.3050%,no,0.0018239296,0.30,not_placed,,0.0018388411,0.40,not_placed,,0.0018537525,0.30,not_placed,,0,rejected_origin_floor,0.0018640000,0.0017003000,0.0017090000
AKEUSDT,2026-07-22T22:23:16+08:00,2026-07-22T22:23:17+08:00,2026-07-22T22:26:17+08:00,0.0018492000,8.5466%,8.4575%,8.3304%,33284431.0000000000,246222.0000000000,27.0361x,0.0015341000,20.5397%,0.0015341000,0.0016875100,0.0018668000,0.0000352214,momentum_atr_estimate,0.0018403839,0.0019900750,0.0018640000,0.0017009000,0.8003%,-8.0197%,no,0.0018262954,0.30,not_placed,,0.0018403839,0.40,not_placed,,0.0018544725,0.30,not_placed,,0,rejected_origin_floor,0.0018640000,0.0016598000,0.0017046000
AKEUSDT,2026-07-22T22:30:31+08:00,2026-07-22T22:30:32+08:00,2026-07-22T22:33:31+08:00,0.0018449000,8.9787%,8.9465%,8.3260%,5233632.0000000000,341326.0000000000,3.0666x,0.0015341000,20.2594%,0.0015341000,0.0016875100,0.0018668000,0.0000340000,momentum_atr_estimate,0.0018413000,0.0019858000,0.0018619000,0.0016800000,0.9215%,-8.9382%,no,0.0018277000,0.30,not_placed,,0.0018413000,0.40,not_placed,,0.0018549000,0.30,not_placed,,0,rejected_origin_floor,0.0018619000,0.0016800000,0.0018549000
AKEUSDT,2026-07-22T22:35:46+08:00,2026-07-22T22:35:47+08:00,2026-07-22T22:38:46+08:00,0.0018511000,8.8114%,-0.2049%,-0.3123%,4084549.0000000000,264767.0000000000,3.0854x,0.0015341000,20.6636%,0.0015341000,0.0016875100,0.0018737000,0.0000346143,momentum_atr_estimate,0.0018477393,0.0019948500,0.0018620000,0.0017001000,0.5888%,-8.1573%,no,0.0018338936,0.30,not_placed,,0.0018477393,0.40,not_placed,,0.0018615850,0.30,not_placed,,0,rejected_origin_floor,0.0018859000,0.0016841000,0.0016907000
AKEUSDT,2026-07-22T22:39:19+08:00,2026-07-22T22:39:20+08:00,2026-07-22T22:42:19+08:00,0.0018652000,9.9246%,-0.0589%,8.9231%,32133707.0000000000,364969.0000000000,17.6090x,0.0015341000,21.5827%,0.0015341000,0.0016875100,0.0018859000,0.0000337143,momentum_atr_estimate,0.0018606143,0.0020039000,0.0018859000,0.0016759000,1.1098%,-10.1490%,no,0.0018471286,0.30,not_placed,,0.0018606143,0.40,not_placed,,0.0018741000,0.30,not_placed,,0,rejected_origin_floor,0.0018926000,0.0016744000,0.0016808000
AKEUSDT,2026-07-22T22:44:27+08:00,2026-07-22T22:44:28+08:00,2026-07-22T22:47:28+08:00,0.0018885000,12.3773%,12.5179%,12.2103%,6822843.0000000000,297473.0000000000,4.5872x,0.0015341000,23.1015%,0.0015341000,0.0016875100,0.0018942000,0.0000337143,momentum_atr_estimate,0.0018689143,0.0020122000,0.0018875000,0.0016767000,-0.0530%,-11.2153%,no,0.0018554286,0.30,not_placed,,0.0018689143,0.40,not_placed,,0.0018824000,0.30,not_placed,,0,rejected_origin_floor,0.0018899000,0.0016745000,0.0018628000
AKEUSDT,2026-07-22T22:50:43+08:00,2026-07-22T22:50:44+08:00,2026-07-22T22:53:43+08:00,0.0018711000,11.5144%,11.6142%,11.4480%,6165991.0000000000,182593.0000000000,6.7538x,0.0015341000,21.9673%,0.0015341000,0.0016875100,0.0018942000,0.0000315357,momentum_atr_estimate,0.0018705482,0.0020045750,0.0018712000,0.0016624000,0.0053%,-11.1539%,no,0.0018579339,0.30,not_placed,,0.0018705482,0.40,not_placed,,0.0018831625,0.30,not_placed,,0,rejected_origin_floor,0.0018712000,0.0016612000,0.0016668000
AKEUSDT,2026-07-22T22:55:40+08:00,2026-07-22T22:55:41+08:00,2026-07-22T22:58:40+08:00,0.0018607000,11.6934%,11.5126%,11.8680%,5227659.0000000000,244678.0000000000,4.2731x,0.0015341000,21.2894%,0.0015341000,0.0016875100,0.0018942000,0.0000303500,momentum_atr_estimate,0.0018714375,0.0020004250,0.0018605000,0.0016647000,-0.0107%,-10.5337%,no,0.0018592975,0.30,not_placed,,0.0018714375,0.40,not_placed,,0.0018835775,0.30,not_placed,,0,rejected_origin_floor,0.0018655000,0.0016646000,0.0016709000
AKEUSDT,2026-07-22T23:04:31+08:00,2026-07-22T23:04:32+08:00,2026-07-22T23:07:31+08:00,0.0018663000,11.0959%,11.0628%,11.3544%,8256767.0000000000,192844.0000000000,8.5632x,0.0015341000,21.6544%,0.0015341000,0.0016875100,0.0018942000,0.0000290500,momentum_atr_estimate,0.0018724125,0.0019958750,0.0018782000,0.0016713000,0.6376%,-10.4485%,no,0.0018607925,0.30,not_placed,,0.0018724125,0.40,not_placed,,0.0018840325,0.30,not_placed,,0,rejected_origin_floor,0.0018782000,0.0016647000,0.0016702000
AKEUSDT,2026-07-22T23:08:10+08:00,2026-07-22T23:08:11+08:00,2026-07-22T23:11:10+08:00,0.0018580000,10.8658%,10.8526%,10.8526%,2290673.0000000000,92140.0000000000,4.9722x,0.0015341000,21.1134%,0.0015341000,0.0016875100,0.0018942000,0.0000286929,momentum_atr_estimate,0.0018726804,0.0019946250,0.0018633000,0.0016558000,0.2853%,-10.8827%,no,0.0018612032,0.30,filled,2026-07-22T23:08:21+08:00,0.0018726804,0.40,unfilled,,0.0018841575,0.30,unfilled,,1,partial_filled,0.0018633000,0.0016550000,0.0016635000
AKEUSDT,2026-07-22T23:13:33+08:00,2026-07-22T23:13:34+08:00,2026-07-22T23:16:33+08:00,0.0018507000,11.2868%,11.3873%,11.3873%,8716643.0000000000,175108.0000000000,9.9557x,0.0015341000,20.6375%,0.0015341000,0.0016875100,0.0018942000,0.0000271786,momentum_atr_estimate,0.0018738161,0.0019893250,0.0018599000,0.0016633000,0.4971%,-10.1259%,no,0.0018629446,0.30,unfilled,,0.0018738161,0.40,unfilled,,0.0018846875,0.30,unfilled,,0,no_fill,0.0018599000,0.0016633000,0.0016883000
AKEUSDT,2026-07-22T23:24:17+08:00,2026-07-22T23:24:18+08:00,2026-07-22T23:27:18+08:00,0.0018673000,10.2042%,9.9641%,9.9965%,3346881.0000000000,188048.0000000000,3.5596x,0.0015455000,20.8217%,0.0015341000,0.0016875100,0.0018800000,0.0000267286,momentum_atr_estimate,0.0018599536,0.0019735500,0.0018738000,0.0016935000,0.3481%,-9.3076%,no,0.0018492621,0.30,not_placed,,0.0018599536,0.40,not_placed,,0.0018706450,0.30,not_placed,,0,rejected_origin_floor,0.0018783000,0.0016935000,0.0017054000
AKEUSDT,2026-07-22T23:27:26+08:00,2026-07-22T23:27:27+08:00,2026-07-22T23:30:27+08:00,0.0018744000,9.3518%,9.3646%,9.4221%,17351039.0000000000,375202.0000000000,9.2489x,0.0015526000,20.7265%,0.0015341000,0.0016875100,0.0018800000,0.0000261714,momentum_atr_estimate,0.0018603714,0.0019716000,0.0018783000,0.0017020000,0.2081%,-9.1976%,no,0.0018499029,0.30,not_placed,,0.0018603714,0.40,not_placed,,0.0018708400,0.30,not_placed,,0,rejected_origin_floor,0.0018783000,0.0017020000,0.0017130000
AKEUSDT,2026-07-22T23:34:24+08:00,2026-07-22T23:34:25+08:00,2026-07-22T23:37:25+08:00,0.0018990000,10.7935%,10.9229%,11.8638%,39247836.0000000000,776803.0000000000,10.1050x,0.0015600000,21.7308%,0.0015341000,0.0016875100,0.0019046000,0.0000281143,momentum_atr_estimate,0.0018835143,0.0020030000,0.0019046000,0.0017048000,0.2949%,-10.2264%,no,0.0018722686,0.30,not_placed,,0.0018835143,0.40,not_placed,,0.0018947600,0.30,not_placed,,0,rejected_origin_floor,0.0019046000,0.0016945000,0.0017043000
AKEUSDT,2026-07-22T23:37:42+08:00,2026-07-22T23:37:43+08:00,2026-07-22T23:40:43+08:00,0.0018744000,9.4540%,9.2562%,9.3455%,2287558.0000000000,136177.0000000000,3.3597x,0.0015600000,20.1538%,0.0015341000,0.0016875100,0.0019046000,0.0000298071,momentum_atr_estimate,0.0018822446,0.0020089250,0.0018743000,0.0016945000,-0.0053%,-9.5977%,no,0.0018703218,0.30,not_placed,,0.0018822446,0.40,not_placed,,0.0018941675,0.30,not_placed,,0,rejected_origin_floor,0.0018743000,0.0016941000,0.0018612000
AKEUSDT,2026-07-22T23:59:32+08:00,2026-07-22T23:59:33+08:00,2026-07-23T00:02:32+08:00,0.0019162000,12.2357%,1.0654%,11.8884%,12979690.0000000000,174203.0000000000,14.9018x,0.0015909000,20.4475%,0.0015341000,0.0016875100,0.0019273000,0.0000299786,momentum_atr_estimate,0.0019048161,0.0020322250,0.0019247000,0.0016935000,0.4436%,-11.6220%,no,0.0018928246,0.30,not_placed,,0.0019048161,0.40,not_placed,,0.0019168075,0.30,not_placed,,0,rejected_origin_floor,0.0019247000,0.0016935000,0.0017290000
AKEUSDT,2026-07-23T11:34:26+08:00,2026-07-23T11:34:27+08:00,2026-07-23T11:37:28+08:00,0.0020387000,15.7892%,15.5922%,-0.0049%,4716147.0000000000,226546.0000000000,4.1635x,0.0016550000,23.1843%,0.0016550000,0.0018205000,0.0020391000,0.0000164071,momentum_atr_estimate,0.0020267946,0.0020965250,0.0020417000,0.0017559000,0.1472%,-13.8716%,no,0.0020202318,0.30,not_placed,,0.0020267946,0.40,not_placed,,0.0020333575,0.30,not_placed,,0,rejected_origin_floor,0.0020417000,0.0017446000,0.0020323000
AKEUSDT,2026-07-23T11:43:59+08:00,2026-07-23T11:44:00+08:00,2026-07-23T11:46:59+08:00,0.0020249000,14.8293%,-0.1085%,-0.3445%,5048813.0000000000,298252.0000000000,3.3856x,0.0016550000,22.3505%,0.0016550000,0.0018205000,0.0020251000,0.0000178714,momentum_atr_estimate,0.0020116964,0.0020876500,0.0020365000,0.0017649000,0.5729%,-12.8401%,no,0.0020045479,0.30,not_placed,,0.0020116964,0.40,not_placed,,0.0020188450,0.30,not_placed,,0,rejected_origin_floor,0.0020365000,0.0017649000,0.0020241000
AKEUSDT,2026-07-23T11:49:32+08:00,2026-07-23T11:49:33+08:00,2026-07-23T11:52:33+08:00,0.0020237000,14.0048%,-0.0839%,-0.0790%,4296151.0000000000,173578.0000000000,4.9501x,0.0016550000,22.2779%,0.0016550000,0.0018205000,0.0020245000,0.0000176786,momentum_atr_estimate,0.0020112411,0.0020863750,0.0020347000,0.0020236000,0.5436%,-0.0049%,no,0.0020041696,0.30,not_placed,,0.0020112411,0.40,not_placed,,0.0020183125,0.30,not_placed,,0,rejected_origin_floor,0.0020423000,0.0017643000,0.0020311000
AKEUSDT,2026-07-23T11:53:57+08:00,2026-07-23T11:53:58+08:00,2026-07-23T11:57:00+08:00,0.0020268000,14.8589%,-0.2657%,-0.0641%,4730687.0000000000,306443.0000000000,3.0875x,0.0016550000,22.4653%,0.0016550000,0.0018205000,0.0020272000,0.0000170286,momentum_atr_estimate,0.0020144286,0.0020868000,0.0020377000,0.0017620000,0.5378%,-13.0649%,no,0.0020076171,0.30,not_placed,,0.0020144286,0.40,not_placed,,0.0020212400,0.30,not_placed,,0,rejected_origin_floor,0.0020377000,0.0017615000,0.0020206000
AKEUSDT,2026-07-23T12:06:08+08:00,2026-07-23T12:06:09+08:00,2026-07-23T12:09:08+08:00,0.0020089000,12.5939%,0.0299%,0.5003%,9509635.0000000000,421517.0000000000,4.5121x,0.0016550000,21.3837%,0.0016550000,0.0018205000,0.0020094000,0.0000199071,momentum_atr_estimate,0.0019944696,0.0020790750,0.0020126000,0.0017952000,0.1842%,-10.6377%,no,0.0019865068,0.30,not_placed,,0.0019944696,0.40,not_placed,,0.0020024325,0.30,not_placed,,0,rejected_origin_floor,0.0020126000,0.0017952000,0.0019869000
AKEUSDT,2026-07-23T12:11:20+08:00,2026-07-23T12:11:21+08:00,2026-07-23T12:14:20+08:00,0.0019866000,9.4666%,0.0050%,0.1765%,7511763.0000000000,456122.0000000000,3.2938x,0.0016550000,20.0363%,0.0016550000,0.0018205000,0.0019893000,0.0000200929,momentum_atr_estimate,0.0019742304,0.0020596250,0.0019891000,0.0018090000,0.1258%,-8.9399%,no,0.0019661932,0.30,not_placed,,0.0019742304,0.40,not_placed,,0.0019822675,0.30,not_placed,,0,rejected_origin_floor,0.0020036000,0.0018090000,0.0020015000
AKEUSDT,2026-07-23T12:23:25+08:00,2026-07-23T12:23:26+08:00,2026-07-23T12:26:26+08:00,0.0020172000,9.9891%,-0.0149%,0.0050%,13430611.0000000000,390805.0000000000,6.8733x,0.0016550000,21.8852%,0.0016550000,0.0018205000,0.0020202000,0.0000212286,momentum_atr_estimate,0.0020042786,0.0020945000,0.0020219000,0.0018267000,0.2330%,-9.4438%,no,0.0019957871,0.30,not_placed,,0.0020042786,0.40,not_placed,,0.0020127700,0.30,not_placed,,0,rejected_origin_floor,0.0020219000,0.0018267000,0.0018367000
AKEUSDT,2026-07-23T12:27:20+08:00,2026-07-23T12:27:21+08:00,2026-07-23T12:30:20+08:00,0.0019991000,8.8242%,-0.0350%,-0.3887%,4409040.0000000000,261975.0000000000,3.3660x,0.0016550000,20.7915%,0.0016550000,0.0018205000,0.0019991000,0.0000212500,momentum_atr_estimate,0.0019831625,0.0020734750,0.0020072000,0.0018367000,0.4052%,-8.1237%,no,0.0019746625,0.30,not_placed,,0.0019831625,0.40,not_placed,,0.0019916625,0.30,not_placed,,0,rejected_origin_floor,0.0020117000,0.0018350000,0.0020028000
AKEUSDT,2026-07-23T12:33:21+08:00,2026-07-23T12:33:22+08:00,2026-07-23T12:36:22+08:00,0.0020018000,8.9178%,0.0000%,-0.0150%,5932760.0000000000,168956.0000000000,7.0228x,0.0016550000,20.9547%,0.0016550000,0.0018205000,0.0020020000,0.0000210286,momentum_atr_estimate,0.0019862286,0.0020756000,0.0020029000,0.0018372000,0.0550%,-8.2226%,no,0.0019778171,0.30,not_placed,,0.0019862286,0.40,not_placed,,0.0019946400,0.30,not_placed,,0,rejected_origin_floor,0.0020029000,0.0018372000,0.0019655000
AKEUSDT,2026-07-23T12:42:27+08:00,2026-07-23T12:42:28+08:00,2026-07-23T12:45:27+08:00,0.0019863000,7.1590%,0.1614%,0.1361%,2901133.0000000000,189133.0000000000,3.0678x,0.0016550000,20.0181%,0.0016550000,0.0018205000,0.0019867000,0.0000210429,momentum_atr_estimate,0.0019709179,0.0020603500,0.0019947000,0.0018414000,0.4229%,-7.2950%,no,0.0019625007,0.30,not_placed,,0.0019709179,0.40,not_placed,,0.0019793350,0.30,not_placed,,0,rejected_origin_floor,0.0019947000,0.0018414000,0.0019695000
AKEUSDT,2026-07-23T12:45:37+08:00,2026-07-23T12:45:38+08:00,2026-07-23T12:48:37+08:00,0.0019870000,7.6615%,0.0504%,0.1714%,4925461.0000000000,159800.0000000000,6.1645x,0.0016550000,20.0604%,0.0016550000,0.0018205000,0.0019880000,0.0000210429,momentum_atr_estimate,0.0019722179,0.0020616500,0.0019881000,0.0018454000,0.0554%,-7.1263%,no,0.0019638007,0.30,not_placed,,0.0019722179,0.40,not_placed,,0.0019806350,0.30,not_placed,,0,rejected_origin_floor,0.0019881000,0.0018454000,0.0019715000
AKEUSDT,2026-07-23T12:52:47+08:00,2026-07-23T12:52:48+08:00,2026-07-23T12:55:50+08:00,0.0019899000,6.9494%,0.0251%,0.8208%,5875449.0000000000,196807.0000000000,5.9708x,0.0016550000,20.2356%,0.0016550000,0.0018205000,0.0019899000,0.0000197429,momentum_atr_estimate,0.0019750929,0.0020590000,0.0019939000,0.0018567000,0.2010%,-6.6938%,no,0.0019671957,0.30,not_placed,,0.0019750929,0.40,not_placed,,0.0019829900,0.30,not_placed,,0,rejected_origin_floor,0.0020028000,0.0018548000,0.0019941000
AKEUSDT,2026-07-23T12:57:33+08:00,2026-07-23T12:57:34+08:00,2026-07-23T13:00:33+08:00,0.0019972000,7.3937%,-0.0950%,0.0802%,4685167.0000000000,293566.0000000000,3.1919x,0.0016550000,20.6767%,0.0016550000,0.0018205000,0.0019972000,0.0000190857,momentum_atr_estimate,0.0019828857,0.0020640000,0.0020038000,0.0018548000,0.3305%,-7.1300%,no,0.0019752514,0.30,not_placed,,0.0019828857,0.40,not_placed,,0.0019905200,0.30,not_placed,,0,rejected_origin_floor,0.0020148000,0.0018548000,0.0020148000
AKEUSDT,2026-07-23T13:28:03+08:00,2026-07-23T13:28:04+08:00,2026-07-23T13:31:03+08:00,0.0020436000,11.4346%,0.0490%,-0.1319%,7630227.0000000000,481963.0000000000,3.1663x,0.0016550000,23.4804%,0.0016550000,0.0018205000,0.0020437000,0.0000225429,momentum_atr_estimate,0.0020267929,0.0021226000,0.0020725000,0.0018290000,1.4142%,-10.5011%,no,0.0020177757,0.30,not_placed,,0.0020267929,0.40,not_placed,,0.0020358100,0.30,not_placed,,0,rejected_origin_floor,0.0021199000,0.0018290000,0.0021142000
AKEUSDT,2026-07-23T13:39:01+08:00,2026-07-23T13:39:02+08:00,2026-07-23T13:42:01+08:00,0.0020744000,12.9048%,-0.0193%,-0.1252%,11600274.0000000000,632825.0000000000,3.6662x,0.0016550000,25.3414%,0.0016550000,0.0018205000,0.0020750000,0.0000224357,momentum_atr_estimate,0.0020581732,0.0021535250,0.0020800000,0.0018454000,0.2700%,-11.0393%,no,0.0020491989,0.30,not_placed,,0.0020581732,0.40,not_placed,,0.0020671475,0.30,not_placed,,0,rejected_origin_floor,0.0020800000,0.0018454000,0.0020599000
AKEUSDT,2026-07-23T13:47:04+08:00,2026-07-23T13:47:05+08:00,2026-07-23T13:50:04+08:00,0.0020502000,10.9656%,-0.1753%,-0.2675%,8665014.0000000000,478687.0000000000,3.6203x,0.0016550000,23.8792%,0.0016550000,0.0018205000,0.0020514000,0.0000213929,momentum_atr_estimate,0.0020353554,0.0021262750,0.0020558000,0.0018489000,0.2731%,-9.8186%,no,0.0020267982,0.30,not_placed,,0.0020353554,0.40,not_placed,,0.0020439125,0.30,not_placed,,0,rejected_origin_floor,0.0020558000,0.0018356000,0.0020453000
AKEUSDT,2026-07-23T14:00:00+08:00,2026-07-23T14:00:01+08:00,2026-07-23T14:03:00+08:00,0.0020493000,11.3992%,11.4356%,-0.3016%,4148137.0000000000,220036.0000000000,3.7704x,0.0016550000,23.8248%,0.0016550000,0.0018205000,0.0020500000,0.0000204071,momentum_atr_estimate,0.0020346946,0.0021214250,0.0020493000,0.0018291000,0.0000%,-10.7451%,no,0.0020265318,0.30,not_placed,,0.0020346946,0.40,not_placed,,0.0020428575,0.30,not_placed,,0,rejected_origin_floor,0.0020493000,0.0018291000,0.0020323000
AKEUSDT,2026-07-23T14:05:47+08:00,2026-07-23T14:05:48+08:00,2026-07-23T14:08:48+08:00,0.0020363000,10.2610%,0.1771%,0.1377%,3597148.0000000000,202592.0000000000,3.5511x,0.0016550000,23.0393%,0.0016550000,0.0018205000,0.0020363000,0.0000208286,momentum_atr_estimate,0.0020206786,0.0021092000,0.0020470000,0.0018495000,0.5255%,-9.1735%,no,0.0020123471,0.30,not_placed,,0.0020206786,0.40,not_placed,,0.0020290100,0.30,not_placed,,0,rejected_origin_floor,0.0020470000,0.0018495000,0.0020206000
AKEUSDT,2026-07-23T14:11:51+08:00,2026-07-23T14:11:52+08:00,2026-07-23T14:14:52+08:00,0.0020226000,8.9176%,0.0000%,0.1138%,2291279.0000000000,145062.0000000000,3.1590x,0.0016550000,22.2115%,0.0016550000,0.0018205000,0.0020230000,0.0000200857,momentum_atr_estimate,0.0020079357,0.0020933000,0.0020386000,0.0018559000,0.7911%,-8.2419%,no,0.0019999014,0.30,not_placed,,0.0020079357,0.40,not_placed,,0.0020159700,0.30,not_placed,,0,rejected_origin_floor,0.0020872000,0.0018559000,0.0020738000
AKEUSDT,2026-07-23T14:19:06+08:00,2026-07-23T14:19:07+08:00,2026-07-23T14:22:07+08:00,0.0020588000,10.7179%,-0.1697%,-0.2471%,8686875.0000000000,493369.0000000000,3.5215x,0.0016550000,24.3988%,0.0016550000,0.0018205000,0.0020604000,0.0000181429,momentum_atr_estimate,0.0020467929,0.0021239000,0.0020756000,0.0018591000,0.8160%,-9.6998%,no,0.0020395357,0.30,not_placed,,0.0020467929,0.40,not_placed,,0.0020540500,0.30,not_placed,,0,rejected_origin_floor,0.0020756000,0.0018538000,0.0020677000
AKEUSDT,2026-07-23T14:23:08+08:00,2026-07-23T14:23:09+08:00,2026-07-23T14:26:08+08:00,0.0020654000,11.4144%,0.1940%,0.2621%,6500049.0000000000,235084.0000000000,5.5300x,0.0016550000,24.7976%,0.0016550000,0.0018205000,0.0020656000,0.0000184357,momentum_atr_estimate,0.0020517732,0.0021301250,0.0020736000,0.0018435000,0.3970%,-10.7437%,no,0.0020443989,0.30,not_placed,,0.0020517732,0.40,not_placed,,0.0020591475,0.30,not_placed,,0,rejected_origin_floor,0.0020736000,0.0018435000,0.0020654000
AKEUSDT,2026-07-23T14:29:00+08:00,2026-07-23T14:29:01+08:00,2026-07-23T14:32:00+08:00,0.0020683000,10.9305%,0.1210%,0.1695%,2608062.0000000000,131515.0000000000,3.9662x,0.0016550000,24.9728%,0.0016550000,0.0018205000,0.0020694000,0.0000171429,momentum_atr_estimate,0.0020565429,0.0021294000,0.0020901000,0.0018755000,1.0540%,-9.3217%,no,0.0020496857,0.30,not_placed,,0.0020565429,0.40,not_placed,,0.0020634000,0.30,not_placed,,0,rejected_origin_floor,0.0020901000,0.0018755000,0.0020847000
AKEUSDT,2026-07-23T14:33:19+08:00,2026-07-23T14:33:20+08:00,2026-07-23T14:36:20+08:00,0.0020843000,10.8729%,0.0288%,-0.0432%,11170379.0000000000,290722.0000000000,7.6846x,0.0016550000,25.9396%,0.0016550000,0.0018205000,0.0020843000,0.0000150571,momentum_atr_estimate,0.0020730071,0.0021370000,0.0020867000,0.0018797000,0.1151%,-9.8162%,no,0.0020669843,0.30,not_placed,,0.0020730071,0.40,not_placed,,0.0020790300,0.30,not_placed,,0,rejected_origin_floor,0.0020867000,0.0018797000,0.0020728000
AKEUSDT,2026-07-23T14:38:03+08:00,2026-07-23T14:38:04+08:00,2026-07-23T14:41:04+08:00,0.0020690000,9.1360%,-0.0869%,-0.2988%,3061830.0000000000,165255.0000000000,3.7056x,0.0016550000,25.0151%,0.0016550000,0.0018205000,0.0020695000,0.0000146786,momentum_atr_estimate,0.0020584911,0.0021208750,0.0020813000,0.0018915000,0.5945%,-8.5790%,no,0.0020526196,0.30,not_placed,,0.0020584911,0.40,not_placed,,0.0020643625,0.30,not_placed,,0,rejected_origin_floor,0.0020813000,0.0018915000,0.0018943000
AKEUSDT,2026-07-23T14:41:04+08:00,2026-07-23T14:41:05+08:00,2026-07-23T14:44:04+08:00,0.0020770000,9.7780%,-0.1106%,0.1446%,3584293.0000000000,230301.0000000000,3.1127x,0.0016550000,25.4985%,0.0016550000,0.0018205000,0.0020773000,0.0000150929,momentum_atr_estimate,0.0020659804,0.0021301250,0.0020850000,0.0018911000,0.3852%,-8.9504%,no,0.0020599432,0.30,not_placed,,0.0020659804,0.40,not_placed,,0.0020720175,0.30,not_placed,,0,rejected_origin_floor,0.0020976000,0.0018784000,0.0020876000
AKEUSDT,2026-07-23T14:45:04+08:00,2026-07-23T14:45:05+08:00,2026-07-23T14:48:04+08:00,0.0020880000,10.8692%,-0.1912%,0.1439%,13766942.0000000000,456507.0000000000,6.0314x,0.0016550000,26.1631%,0.0016550000,0.0018205000,0.0020891000,0.0000150929,momentum_atr_estimate,0.0020777804,0.0021419250,0.0020996000,0.0018784000,0.5556%,-10.0383%,no,0.0020717432,0.30,not_placed,,0.0020777804,0.40,not_placed,,0.0020838175,0.30,not_placed,,0,rejected_origin_floor,0.0021109000,0.0018784000,0.0021087000
AKEUSDT,2026-07-23T14:48:18+08:00,2026-07-23T14:48:19+08:00,2026-07-23T14:51:18+08:00,0.0021052000,11.2273%,0.4869%,0.5157%,68119647.0000000000,664891.0000000000,20.4905x,0.0016550000,27.2024%,0.0016550000,0.0018205000,0.0021087000,0.0000150429,momentum_atr_estimate,0.0020974179,0.0021613500,0.0021154000,0.0021006000,0.4845%,-0.2185%,no,0.0020914007,0.30,not_placed,,0.0020974179,0.40,not_placed,,0.0021034350,0.30,not_placed,,0,rejected_origin_floor,0.0021154000,0.0018807000,0.0020932000
AKEUSDT,2026-07-23T14:55:45+08:00,2026-07-23T14:55:46+08:00,2026-07-23T14:58:45+08:00,0.0020882000,13.2000%,-0.0574%,-0.2532%,6411851.0000000000,332222.0000000000,3.8600x,0.0016550000,26.1752%,0.0016550000,0.0018205000,0.0020887000,0.0000174643,momentum_atr_estimate,0.0020756018,0.0021498250,0.0020893000,0.0018065000,0.0527%,-13.4901%,no,0.0020686161,0.30,not_placed,,0.0020756018,0.40,not_placed,,0.0020825875,0.30,not_placed,,0,rejected_origin_floor,0.0020894000,0.0018013000,0.0020759000
AKEUSDT,2026-07-23T14:59:09+08:00,2026-07-23T14:59:10+08:00,2026-07-23T15:02:09+08:00,0.0020843000,14.7995%,-0.1772%,0.0624%,9553467.0000000000,379158.0000000000,5.0393x,0.0016550000,25.9396%,0.0016550000,0.0018205000,0.0020846000,0.0000216714,momentum_atr_estimate,0.0020683464,0.0021604500,0.0020868000,0.0018013000,0.1199%,-13.5777%,no,0.0020596779,0.30,not_placed,,0.0020683464,0.40,not_placed,,0.0020770150,0.30,not_placed,,0,rejected_origin_floor,0.0020868000,0.0018013000,0.0020553000
AKEUSDT,2026-07-23T15:04:28+08:00,2026-07-23T15:04:29+08:00,2026-07-23T15:07:28+08:00,0.0020532000,12.7636%,-0.0146%,-0.1993%,7741755.0000000000,377586.0000000000,4.1007x,0.0016550000,24.0604%,0.0016550000,0.0018205000,0.0020541000,0.0000234929,momentum_atr_estimate,0.0020364804,0.0021363250,0.0020864000,0.0018036000,1.6170%,-12.1566%,no,0.0020270832,0.30,not_placed,,0.0020364804,0.40,not_placed,,0.0020458775,0.30,not_placed,,0,rejected_origin_floor,0.0021029000,0.0018016000,0.0020979000
AKEUSDT,2026-07-23T15:08:42+08:00,2026-07-23T15:08:43+08:00,2026-07-23T15:11:42+08:00,0.0020950000,16.2855%,0.0095%,0.0191%,10996373.0000000000,438623.0000000000,5.0140x,0.0016550000,26.5861%,0.0016550000,0.0018205000,0.0020951000,0.0000248500,momentum_atr_estimate,0.0020764625,0.0021820750,0.0021029000,0.0018035000,0.3771%,-13.9141%,no,0.0020665225,0.30,not_placed,,0.0020764625,0.40,not_placed,,0.0020864025,0.30,not_placed,,0,rejected_origin_floor,0.0021029000,0.0018035000,0.0020950000
AKEUSDT,2026-07-23T15:28:00+08:00,2026-07-23T15:28:01+08:00,2026-07-23T15:31:00+08:00,0.0020940000,13.4652%,-0.1288%,-0.1526%,11396501.0000000000,335115.0000000000,6.8015x,0.0016550000,26.5257%,0.0016550000,0.0018205000,0.0020950000,0.0000319714,momentum_atr_estimate,0.0020710214,0.0022069000,0.0020987000,0.0018365000,0.2245%,-12.2970%,no,0.0020582329,0.30,not_placed,,0.0020710214,0.40,not_placed,,0.0020838100,0.30,not_placed,,0,rejected_origin_floor,0.0020987000,0.0018331000,0.0020944000
AKEUSDT,2026-07-23T15:31:12+08:00,2026-07-23T15:31:13+08:00,2026-07-23T15:34:12+08:00,0.0020892000,13.7041%,0.0479%,0.0958%,13805888.0000000000,197075.0000000000,14.0108x,0.0016550000,26.2356%,0.0016550000,0.0018205000,0.0020892000,0.0000311643,momentum_atr_estimate,0.0020658268,0.0021982750,0.0020952000,0.0018331000,0.2872%,-12.2583%,no,0.0020533611,0.30,not_placed,,0.0020658268,0.40,not_placed,,0.0020782925,0.30,not_placed,,0,rejected_origin_floor,0.0020955000,0.0018331000,0.0020909000
AKEUSDT,2026-07-23T15:37:09+08:00,2026-07-23T15:37:10+08:00,2026-07-23T15:40:10+08:00,0.0020983000,14.3986%,0.2197%,0.2580%,12973844.0000000000,222008.0000000000,11.6877x,0.0016550000,26.7855%,0.0016550000,0.0018205000,0.0020983000,0.0000306071,momentum_atr_estimate,0.0020753446,0.0022054250,0.0021003000,0.0018336000,0.0953%,-12.6150%,no,0.0020631018,0.30,not_placed,,0.0020753446,0.40,not_placed,,0.0020875875,0.30,not_placed,,0,rejected_origin_floor,0.0021024000,0.0018336000,0.0020994000
AKEUSDT,2026-07-23T15:40:31+08:00,2026-07-23T15:40:33+08:00,2026-07-23T15:43:32+08:00,0.0021009000,13.9440%,-0.0048%,0.3199%,2253389.0000000000,115607.0000000000,3.8984x,0.0016550000,26.9426%,0.0016550000,0.0018205000,0.0021009000,0.0000306071,momentum_atr_estimate,0.0020779446,0.0022080250,0.0021024000,0.0018414000,0.0714%,-12.3518%,no,0.0020657018,0.30,not_placed,,0.0020779446,0.40,not_placed,,0.0020901875,0.30,not_placed,,0,rejected_origin_floor,0.0021040000,0.0018414000,0.0021006000
AKEUSDT,2026-07-23T15:43:42+08:00,2026-07-23T15:43:43+08:00,2026-07-23T15:46:42+08:00,0.0021020000,13.7877%,0.0286%,0.3485%,5168836.0000000000,203099.0000000000,5.0900x,0.0016550000,27.0091%,0.0016550000,0.0018205000,0.0021020000,0.0000300500,momentum_atr_estimate,0.0020794625,0.0022071750,0.0021040000,0.0018488000,0.0951%,-12.0457%,no,0.0020674425,0.30,not_placed,,0.0020794625,0.40,not_placed,,0.0020914825,0.30,not_placed,,0,rejected_origin_floor,0.0021472000,0.0018436000,0.0020986000
AKEUSDT,2026-07-23T15:47:16+08:00,2026-07-23T15:47:17+08:00,2026-07-23T15:50:16+08:00,0.0020991000,13.8155%,0.0811%,-0.1760%,4483002.0000000000,191967.0000000000,4.6706x,0.0016550000,26.8338%,0.0016550000,0.0018205000,0.0020998000,0.0000300286,momentum_atr_estimate,0.0020772786,0.0022049000,0.0021472000,0.0018448000,2.2915%,-12.1147%,no,0.0020652671,0.30,not_placed,,0.0020772786,0.40,not_placed,,0.0020892900,0.30,not_placed,,0,rejected_origin_floor,0.0021472000,0.0018448000,0.0020960000
AKEUSDT,2026-07-23T15:53:27+08:00,2026-07-23T15:53:28+08:00,2026-07-23T15:56:27+08:00,0.0021118000,13.6843%,0.0616%,0.3755%,4553515.0000000000,298369.0000000000,3.0523x,0.0016550000,27.6012%,0.0016550000,0.0018205000,0.0021139000,0.0000303357,momentum_atr_estimate,0.0020911482,0.0022200750,0.0021200000,0.0018723000,0.3883%,-11.3410%,no,0.0020790139,0.30,not_placed,,0.0020911482,0.40,not_placed,,0.0021032825,0.30,not_placed,,0,rejected_origin_floor,0.0021200000,0.0018716000,0.0020967000
AKEUSDT,2026-07-23T16:04:43+08:00,2026-07-23T16:04:44+08:00,2026-07-23T16:07:43+08:00,0.0021106000,11.7488%,0.0711%,0.0474%,6894931.0000000000,369755.0000000000,3.7295x,0.0016550000,27.5287%,0.0016550000,0.0018205000,0.0021106000,0.0000284857,momentum_atr_estimate,0.0020892357,0.0022103000,0.0022800000,0.0021088000,8.0262%,-0.0853%,yes,0.0020778414,0.30,not_placed,,0.0020892357,0.40,not_placed,,0.0021006300,0.30,not_placed,,0,rejected_origin_floor,0.0022800000,0.0021088000,0.0022043000
AKEUSDT,2026-07-23T17:23:01+08:00,2026-07-23T17:23:02+08:00,2026-07-23T17:26:01+08:00,0.0026566000,5.7227%,5.7732%,5.8744%,1417399904.0000000000,676091.0000000000,419.2926x,0.0016550000,60.5196%,0.0016550000,0.0018205000,0.0027499000,0.0000234357,momentum_atr_estimate,0.0027323232,0.0028319250,0.0027500000,0.0023499000,3.5158%,-11.5448%,no,0.0027229489,0.30,filled,2026-07-23T17:23:03+08:00,0.0027323232,0.40,filled,2026-07-23T17:23:03+08:00,0.0027416975,0.30,filled,2026-07-23T17:23:03+08:00,3,all_filled,0.0027500000,0.0023499000,0.0024890000
AKEUSDT,2026-07-23T19:51:09+08:00,2026-07-23T19:51:10+08:00,2026-07-23T19:54:09+08:00,0.0021928000,8.2811%,-0.7783%,-0.7962%,15704170.0000000000,482246.0000000000,6.5129x,0.0016833000,30.2679%,0.0016550000,0.0018205000,0.0021944000,0.0000325429,momentum_atr_estimate,0.0021699929,0.0023083000,0.0021947000,0.0020374000,0.0866%,-7.0868%,no,0.0021569757,0.30,not_placed,,0.0021699929,0.40,not_placed,,0.0021830100,0.30,not_placed,,0,rejected_origin_floor,0.0021947000,0.0020340000,0.0021466000
AKEUSDT,2026-07-23T23:25:59+08:00,2026-07-23T23:26:00+08:00,2026-07-23T23:28:59+08:00,0.0024955000,18.7203%,-0.0401%,-0.0320%,6829702.0000000000,218144.0000000000,6.2616x,0.0017416000,43.2878%,0.0016833000,0.0018516300,0.0024964000,0.0000306071,momentum_atr_estimate,0.0024734446,0.0026035250,0.0025008000,0.0020949000,0.2124%,-16.0529%,no,0.0024612018,0.30,not_placed,,0.0024734446,0.40,not_placed,,0.0024856875,0.30,not_placed,,0,rejected_origin_floor,0.0025047000,0.0020946000,0.0025016000
AKEUSDT,2026-07-24T02:26:58+08:00,2026-07-24T02:26:59+08:00,2026-07-24T02:29:58+08:00,0.0024537000,14.4076%,14.3330%,14.8145%,16253433.0000000000,307951.0000000000,10.5559x,0.0017847000,37.4853%,0.0017293000,0.0019022300,0.0026789000,0.0000865643,momentum_atr_estimate,0.0026139768,0.0029818750,0.0021493000,0.0021079000,-12.4058%,-14.0930%,no,0.0025793511,0.30,unfilled,,0.0026139768,0.40,unfilled,,0.0026486025,0.30,unfilled,,0,no_fill,0.0021493000,0.0021079000,0.0021189000
AKEUSDT,2026-07-24T04:03:48+08:00,2026-07-24T04:03:49+08:00,2026-07-24T04:06:48+08:00,0.0022832000,6.7365%,0.7724%,0.7324%,14087339.0000000000,549239.0000000000,5.1298x,0.0018450000,23.7507%,0.0017524000,0.0019276400,0.0022843000,0.0000773071,momentum_atr_estimate,0.0022263196,0.0025548750,0.0022974000,0.0022717000,0.6219%,-0.5037%,no,0.0021953968,0.30,not_placed,,0.0022263196,0.40,not_placed,,0.0022572425,0.30,not_placed,,0,rejected_origin_floor,0.0023006000,0.0021713000,0.0022951000
AKEUSDT,2026-07-24T04:16:27+08:00,2026-07-24T04:16:28+08:00,2026-07-24T04:19:27+08:00,0.0024558000,7.6444%,7.4278%,7.1653%,11805357.0000000000,604644.0000000000,3.9049x,0.0018450000,33.1057%,0.0017847000,0.0019631700,0.0024999000,0.0000949214,momentum_atr_estimate,0.0024287089,0.0028321250,0.0022822000,0.0021980000,-7.0690%,-10.4976%,no,0.0023907404,0.30,not_placed,,0.0024287089,0.40,not_placed,,0.0024666775,0.30,not_placed,,0,rejected_origin_floor,0.0022822000,0.0021701000,0.0022286000
AKEUSDT,2026-07-24T04:46:41+08:00,2026-07-24T04:46:42+08:00,2026-07-24T04:49:41+08:00,0.0025106000,9.3705%,9.2705%,9.2325%,21297891.0000000000,380514.0000000000,11.1943x,0.0018450000,36.0759%,0.0017847000,0.0019631700,0.0025406000,0.0000836786,momentum_atr_estimate,0.0024778411,0.0028334750,0.0023106000,0.0022954000,-7.9662%,-8.5717%,no,0.0024443696,0.30,not_placed,,0.0024778411,0.40,not_placed,,0.0025113125,0.30,not_placed,,0,rejected_origin_floor,0.0023175000,0.0022954000,0.0023150000
AKEUSDT,2026-07-24T10:01:00+08:00,2026-07-24T10:01:01+08:00,2026-07-24T10:04:00+08:00,0.0025018000,12.0577%,0.0720%,0.2203%,16621821.0000000000,911417.0000000000,3.6475x,0.0020025000,24.9338%,0.0019280000,0.0021208000,0.0025022000,0.0000553357,momentum_atr_estimate,0.0024606982,0.0026958750,0.0025250000,0.0024961000,0.9273%,-0.2278%,no,0.0024385639,0.30,not_placed,,0.0024606982,0.40,not_placed,,0.0024828325,0.30,not_placed,,0,rejected_origin_floor,0.0025250000,0.0024552000,0.0024720000
AKEUSDT,2026-07-24T10:10:33+08:00,2026-07-24T10:10:34+08:00,2026-07-24T10:13:33+08:00,0.0024824000,16.8518%,0.3760%,-0.3892%,7963379.0000000000,432152.0000000000,3.6855x,0.0020137000,23.2756%,0.0019311000,0.0021242100,0.0024826000,0.0000570929,momentum_atr_estimate,0.0024397804,0.0026824250,0.0024869000,0.0021309000,0.1813%,-14.1597%,no,0.0024169432,0.30,not_placed,,0.0024397804,0.40,not_placed,,0.0024626175,0.30,not_placed,,0,rejected_origin_floor,0.0024869000,0.0021198000,0.0024556000
AKEUSDT,2026-07-24T10:15:00+08:00,2026-07-24T10:15:01+08:00,2026-07-24T10:18:00+08:00,0.0024415000,13.7433%,-0.2859%,-0.5904%,4385405.0000000000,210480.0000000000,4.1671x,0.0020310000,20.2117%,0.0019311000,0.0021242100,0.0024454000,0.0000559214,momentum_atr_estimate,0.0024034589,0.0026411250,0.0025026000,0.0021198000,2.5026%,-13.1763%,no,0.0023810904,0.30,not_placed,,0.0024034589,0.40,not_placed,,0.0024258275,0.30,not_placed,,0,rejected_origin_floor,0.0025199000,0.0021198000,0.0025176000
AKEUSDT,2026-07-24T10:41:37+08:00,2026-07-24T10:41:38+08:00,2026-07-24T10:44:37+08:00,0.0025451000,31.9183%,-0.0942%,0.0511%,7310630.0000000000,314614.0000000000,4.6474x,0.0018564000,37.0987%,0.0018564000,0.0020420400,0.0025504000,0.0000772857,momentum_atr_estimate,0.0024924357,0.0028209000,0.0025670000,0.0019002000,0.8605%,-25.3389%,no,0.0024615214,0.30,not_placed,,0.0024924357,0.40,not_placed,,0.0025233500,0.30,not_placed,,0,rejected_origin_floor,0.0025670000,0.0019002000,0.0025425000
AKEUSDT,2026-07-24T13:10:25+08:00,2026-07-24T13:10:26+08:00,2026-07-24T13:13:25+08:00,0.0026809000,10.7490%,0.2206%,0.1382%,8168641.0000000000,347806.0000000000,4.6972x,0.0018564000,44.4139%,0.0018564000,0.0020420400,0.0026815000,0.0000548429,momentum_atr_estimate,0.0026403679,0.0028734500,0.0026942000,0.0026606000,0.4961%,-0.7572%,no,0.0026184307,0.30,not_placed,,0.0026403679,0.40,not_placed,,0.0026623050,0.30,not_placed,,0,rejected_origin_floor,0.0026942000,0.0024626000,0.0026747000
AKEUSDT,2026-07-24T17:39:36+08:00,2026-07-24T17:39:37+08:00,2026-07-24T17:42:36+08:00,0.0029878000,20.2479%,0.2247%,0.1240%,32447565.0000000000,925737.0000000000,7.0101x,0.0018564000,60.9459%,0.0018564000,0.0020420400,0.0029959000,0.0000602857,momentum_atr_estimate,0.0029506857,0.0032069000,0.0030231000,0.0029762000,1.1815%,-0.3882%,no,0.0029265714,0.30,not_placed,,0.0029506857,0.40,not_placed,,0.0029748000,0.30,not_placed,,0,rejected_origin_floor,0.0030231000,0.0029762000,0.0029961000
AKEUSDT,2026-07-24T20:44:31+08:00,2026-07-24T20:44:32+08:00,2026-07-24T20:47:31+08:00,0.0027109000,5.3390%,5.2858%,4.9557%,6438687.0000000000,272495.0000000000,4.7257x,0.0018564000,46.0300%,0.0018564000,0.0020420400,0.0028199000,0.0000792214,momentum_atr_estimate,0.0027604839,0.0030971750,0.0025747000,0.0025416000,-5.0242%,-6.2452%,no,0.0027287954,0.30,unfilled,,0.0027604839,0.40,unfilled,,0.0027921725,0.30,unfilled,,0,no_fill,0.0027102000,0.0025416000,0.0025974000
AKEUSDT,2026-07-24T20:47:44+08:00,2026-07-24T20:47:45+08:00,2026-07-24T20:50:44+08:00,0.0027076000,5.8483%,5.8566%,6.3681%,5381092.0000000000,289587.0000000000,3.7164x,0.0018564000,45.8522%,0.0018564000,0.0020420400,0.0028199000,0.0000780500,momentum_atr_estimate,0.0027613625,0.0030930750,0.0026111000,0.0025594000,-3.5640%,-5.4735%,no,0.0027301425,0.30,unfilled,,0.0027613625,0.40,unfilled,,0.0027925825,0.30,unfilled,,0,no_fill,0.0026122000,0.0025594000,0.0025956000
AKEUSDT,2026-07-24T21:35:41+08:00,2026-07-24T21:35:42+08:00,2026-07-24T21:38:41+08:00,0.0027077000,5.4482%,5.5017%,5.1657%,6465418.0000000000,144907.0000000000,8.9235x,0.0018564000,45.8576%,0.0018564000,0.0020420400,0.0027299000,0.0000644714,momentum_atr_estimate,0.0026815464,0.0029555500,0.0027243000,0.0025134000,0.6131%,-7.1758%,no,0.0026557579,0.30,not_placed,,0.0026815464,0.40,not_placed,,0.0027073350,0.30,not_placed,,0,rejected_origin_floor,0.0027243000,0.0025105000,0.0025369000
AKEUSDT,2026-07-24T21:53:12+08:00,2026-07-24T21:53:13+08:00,2026-07-24T21:56:12+08:00,0.0026545000,5.9300%,-0.2668%,-1.1838%,13556730.0000000000,792306.0000000000,3.4221x,0.0018564000,42.9918%,0.0018564000,0.0020420400,0.0027345000,0.0000823714,momentum_atr_estimate,0.0026727214,0.0030228000,0.0027120000,0.0026544000,2.1661%,-0.0038%,no,0.0026397729,0.30,not_placed,,0.0026727214,0.40,not_placed,,0.0027056700,0.30,not_placed,,0,rejected_origin_floor,0.0027120000,0.0025036000,0.0026594000
AKEUSDT,2026-07-24T21:57:59+08:00,2026-07-24T21:58:00+08:00,2026-07-24T22:00:59+08:00,0.0026614000,6.2054%,-0.0601%,-0.4675%,6232474.0000000000,354698.0000000000,3.5142x,0.0018564000,43.3635%,0.0018564000,0.0020420400,0.0027345000,0.0000800500,momentum_atr_estimate,0.0026744625,0.0030146750,0.0027000000,0.0025023000,1.4504%,-5.9781%,no,0.0026424425,0.30,not_placed,,0.0026744625,0.40,not_placed,,0.0027064825,0.30,not_placed,,0,rejected_origin_floor,0.0027000000,0.0025023000,0.0026705000
AKEUSDT,2026-07-24T22:08:15+08:00,2026-07-24T22:08:16+08:00,2026-07-24T22:11:15+08:00,0.0026632000,6.5578%,-0.2771%,-0.4113%,3233614.0000000000,206663.0000000000,3.1294x,0.0018564000,43.4605%,0.0018564000,0.0020420400,0.0027277000,0.0000790500,momentum_atr_estimate,0.0026684125,0.0030043750,0.0027045000,0.0024905000,1.5508%,-6.4847%,no,0.0026367925,0.30,not_placed,,0.0026684125,0.40,not_placed,,0.0027000325,0.30,not_placed,,0,rejected_origin_floor,0.0027050000,0.0024905000,0.0026961000
AKEUSDT,2026-07-24T22:19:09+08:00,2026-07-24T22:19:10+08:00,2026-07-24T22:22:09+08:00,0.0027392000,9.8316%,0.1389%,-0.1058%,4947439.0000000000,207208.0000000000,4.7753x,0.0018564000,47.5544%,0.0018564000,0.0020420400,0.0027399000,0.0000741286,momentum_atr_estimate,0.0026843036,0.0029993500,0.0027490000,0.0024941000,0.3578%,-8.9479%,no,0.0026546521,0.30,not_placed,,0.0026843036,0.40,not_placed,,0.0027139550,0.30,not_placed,,0,rejected_origin_floor,0.0027490000,0.0024941000,0.0026981000
AKEUSDT,2026-07-24T22:23:24+08:00,2026-07-24T22:23:25+08:00,2026-07-24T22:26:24+08:00,0.0027123000,8.3879%,-0.5682%,-0.9748%,12589750.0000000000,170759.0000000000,14.7456x,0.0018564000,46.1054%,0.0018564000,0.0020420400,0.0027164000,0.0000768071,momentum_atr_estimate,0.0026587946,0.0029852250,0.0027147000,0.0024981000,0.0885%,-7.8974%,no,0.0026280718,0.30,not_placed,,0.0026587946,0.40,not_placed,,0.0026895175,0.30,not_placed,,0,rejected_origin_floor,0.0027147000,0.0024981000,0.0026883000
AKEUSDT,2026-07-24T22:29:44+08:00,2026-07-24T22:29:45+08:00,2026-07-24T22:32:44+08:00,0.0027094000,8.3413%,-0.1732%,0.7736%,6792603.0000000000,303510.0000000000,4.4760x,0.0018564000,45.9491%,0.0018564000,0.0020420400,0.0027094000,0.0000748714,momentum_atr_estimate,0.0026532464,0.0029714500,0.0027300000,0.0025003000,0.7603%,-7.7176%,no,0.0026232979,0.30,not_placed,,0.0026532464,0.40,not_placed,,0.0026831950,0.30,not_placed,,0,rejected_origin_floor,0.0027300000,0.0024992000,0.0027134000
AKEUSDT,2026-07-24T22:33:54+08:00,2026-07-24T22:33:55+08:00,2026-07-24T22:36:54+08:00,0.0027000000,8.0346%,0.0667%,-0.2623%,2555067.0000000000,119206.0000000000,4.2868x,0.0018564000,45.4428%,0.0018564000,0.0020420400,0.0027000000,0.0000716429,momentum_atr_estimate,0.0026462679,0.0029507500,0.0027165000,0.0024844000,0.6111%,-7.9852%,no,0.0026176107,0.30,not_placed,,0.0026462679,0.40,not_placed,,0.0026749250,0.30,not_placed,,0,rejected_origin_floor,0.0027165000,0.0024844000,0.0026929000
AKEUSDT,2026-07-24T22:39:22+08:00,2026-07-24T22:39:23+08:00,2026-07-24T22:42:22+08:00,0.0026845000,7.6038%,-0.0447%,-0.1042%,3566007.0000000000,139244.0000000000,5.1220x,0.0018564000,44.6078%,0.0018564000,0.0020420400,0.0026860000,0.0000691000,momentum_atr_estimate,0.0026341750,0.0029278500,0.0027065000,0.0024874000,0.8195%,-7.3421%,no,0.0026065350,0.30,not_placed,,0.0026341750,0.40,not_placed,,0.0026618150,0.30,not_placed,,0,rejected_origin_floor,0.0027065000,0.0024874000,0.0027012000
AKEUSDT,2026-07-24T22:44:29+08:00,2026-07-24T22:44:30+08:00,2026-07-24T22:47:29+08:00,0.0027040000,8.5551%,0.1000%,0.2819%,4858387.0000000000,304503.0000000000,3.1910x,0.0018768000,44.0750%,0.0018564000,0.0020420400,0.0027054000,0.0000644500,momentum_atr_estimate,0.0026570625,0.0029309750,0.0027298000,0.0024862000,0.9541%,-8.0547%,no,0.0026312825,0.30,not_placed,,0.0026570625,0.40,not_placed,,0.0026828425,0.30,not_placed,,0,rejected_origin_floor,0.0027298000,0.0024862000,0.0027221000
AKEUSDT,2026-07-24T22:49:18+08:00,2026-07-24T22:49:19+08:00,2026-07-24T22:52:18+08:00,0.0027204000,9.1347%,0.2432%,0.2321%,23243700.0000000000,377914.0000000000,12.3011x,0.0019085000,42.5413%,0.0018564000,0.0020420400,0.0027210000,0.0000605071,momentum_atr_estimate,0.0026756196,0.0029327750,0.0027469000,0.0024908000,0.9741%,-8.4399%,no,0.0026514168,0.30,not_placed,,0.0026756196,0.40,not_placed,,0.0026998225,0.30,not_placed,,0,rejected_origin_floor,0.0027469000,0.0024908000,0.0027116000
AKEUSDT,2026-07-24T22:54:21+08:00,2026-07-24T22:54:22+08:00,2026-07-24T22:57:21+08:00,0.0027137000,8.8659%,0.1328%,0.2105%,3856878.0000000000,234814.0000000000,3.2850x,0.0020563000,31.9700%,0.0018564000,0.0020420400,0.0027143000,0.0000486143,momentum_atr_estimate,0.0026778393,0.0028844500,0.0027146000,0.0024911000,0.0332%,-8.2028%,no,0.0026583936,0.30,not_placed,,0.0026778393,0.40,not_placed,,0.0026972850,0.30,not_placed,,0,rejected_origin_floor,0.0027146000,0.0024900000,0.0026804000
AKEUSDT,2026-07-24T22:59:18+08:00,2026-07-24T22:59:19+08:00,2026-07-24T23:02:18+08:00,0.0026810000,7.5152%,-0.4382%,-0.3753%,6546449.0000000000,324131.0000000000,4.0394x,0.0020802000,28.8818%,0.0018564000,0.0020420400,0.0026831000,0.0000318286,momentum_atr_estimate,0.0026592286,0.0027945000,0.0026946000,0.0025030000,0.5073%,-6.6393%,no,0.0026464971,0.30,not_placed,,0.0026592286,0.40,not_placed,,0.0026719600,0.30,not_placed,,0,rejected_origin_floor,0.0027231000,0.0025030000,0.0027128000
AKEUSDT,2026-07-24T23:06:00+08:00,2026-07-24T23:06:01+08:00,2026-07-24T23:09:00+08:00,0.0027116000,8.5161%,0.3330%,-0.3711%,4603080.0000000000,239558.0000000000,3.8430x,0.0020802000,30.3529%,0.0018564000,0.0020420400,0.0027119000,0.0000260786,momentum_atr_estimate,0.0026923411,0.0028031750,0.0027517000,0.0027089000,1.4788%,-0.0996%,no,0.0026819096,0.30,not_placed,,0.0026923411,0.40,not_placed,,0.0027027725,0.30,not_placed,,0,rejected_origin_floor,0.0027833000,0.0027089000,0.0027806000
AKEUSDT,2026-07-24T23:28:04+08:00,2026-07-24T23:28:05+08:00,2026-07-24T23:31:04+08:00,0.0027580000,10.5056%,-0.3253%,-0.9019%,5150408.0000000000,290932.0000000000,3.5406x,0.0021701000,27.0909%,0.0018564000,0.0020420400,0.0027604000,0.0000222929,momentum_atr_estimate,0.0027436804,0.0028384250,0.0027872000,0.0024977000,1.0587%,-9.4380%,no,0.0027347632,0.30,not_placed,,0.0027436804,0.40,not_placed,,0.0027525975,0.30,not_placed,,0,rejected_origin_floor,0.0027994000,0.0024949000,0.0027935000
AKEUSDT,2026-07-24T23:32:49+08:00,2026-07-24T23:32:50+08:00,2026-07-24T23:35:49+08:00,0.0027902000,11.8048%,-0.2609%,0.2191%,4303568.0000000000,257777.0000000000,3.3390x,0.0021701000,28.5747%,0.0018564000,0.0020420400,0.0027946000,0.0000178000,momentum_atr_estimate,0.0027812500,0.0028569000,0.0028035000,0.0024986000,0.4767%,-10.4509%,no,0.0027741300,0.30,not_placed,,0.0027812500,0.40,not_placed,,0.0027883700,0.30,not_placed,,0,rejected_origin_floor,0.0028191000,0.0024970000,0.0028024000
AKEUSDT,2026-07-24T23:39:38+08:00,2026-07-24T23:39:39+08:00,2026-07-24T23:42:38+08:00,0.0028170000,12.6755%,-0.0284%,0.1102%,5991615.0000000000,287624.0000000000,4.1663x,0.0021701000,29.8097%,0.0018564000,0.0020420400,0.0028199000,0.0000171857,momentum_atr_estimate,0.0028070107,0.0028800500,0.0028233000,0.0024993000,0.2236%,-11.2780%,no,0.0028001364,0.30,not_placed,,0.0028070107,0.40,not_placed,,0.0028138850,0.30,not_placed,,0,rejected_origin_floor,0.0028233000,0.0024993000,0.0028045000
AKEUSDT,2026-07-24T23:44:29+08:00,2026-07-24T23:44:30+08:00,2026-07-24T23:47:29+08:00,0.0028112000,12.4165%,0.1104%,0.5724%,4938108.0000000000,256877.0000000000,3.8447x,0.0021701000,29.5424%,0.0018564000,0.0020420400,0.0028140000,0.0000170143,momentum_atr_estimate,0.0028012393,0.0028735500,0.0028134000,0.0024986000,0.0783%,-11.1198%,no,0.0027944336,0.30,not_placed,,0.0028012393,0.40,not_placed,,0.0028080450,0.30,not_placed,,0,rejected_origin_floor,0.0028134000,0.0024986000,0.0027050000
AKEUSDT,2026-07-24T23:57:12+08:00,2026-07-24T23:57:13+08:00,2026-07-25T00:00:12+08:00,0.0027272000,8.9921%,0.1763%,0.2352%,10293328.0000000000,394436.0000000000,5.2193x,0.0021701000,25.6716%,0.0018564000,0.0020420400,0.0027272000,0.0000151714,momentum_atr_estimate,0.0027158214,0.0027803000,0.0027323000,0.0024940000,0.1870%,-8.5509%,no,0.0027097529,0.30,not_placed,,0.0027158214,0.40,not_placed,,0.0027218900,0.30,not_placed,,0,rejected_origin_floor,0.0027493000,0.0024940000,0.0027456000
AKEUSDT,2026-07-25T00:09:35+08:00,2026-07-25T00:09:36+08:00,2026-07-25T00:12:35+08:00,0.0027498000,8.5376%,-0.2394%,-0.0182%,11189671.0000000000,231965.0000000000,9.6477x,0.0021701000,26.7131%,0.0018564000,0.0020420400,0.0027503000,0.0000265357,momentum_atr_estimate,0.0027303982,0.0028431750,0.0027763000,0.0025988000,0.9637%,-5.4913%,no,0.0027197839,0.30,not_placed,,0.0027303982,0.40,not_placed,,0.0027410125,0.30,not_placed,,0,rejected_origin_floor,0.0027763000,0.0025988000,0.0027621000
AKEUSDT,2026-07-25T01:01:59+08:00,2026-07-25T01:02:00+08:00,2026-07-25T01:04:59+08:00,0.0028541000,5.0305%,5.0305%,5.1854%,4504103.0000000000,298179.0000000000,3.0211x,0.0022820000,25.0701%,0.0018564000,0.0020420400,0.0028774000,0.0001120357,momentum_atr_estimate,0.0027933732,0.0032695250,0.0028843000,0.0027180000,1.0581%,-4.7686%,no,0.0027485589,0.30,not_placed,,0.0027933732,0.40,not_placed,,0.0028381875,0.30,not_placed,,0,rejected_origin_floor,0.0028900000,0.0027180000,0.0027999000
AKEUSDT,2026-07-25T01:12:49+08:00,2026-07-25T01:12:50+08:00,2026-07-25T01:15:49+08:00,0.0029319000,5.2558%,5.5172%,5.2671%,6279503.0000000000,318552.0000000000,3.9425x,0.0022820000,28.4794%,0.0018564000,0.0020420400,0.0029386000,0.0001219929,momentum_atr_estimate,0.0028471054,0.0033655750,0.0029500000,0.0027600000,0.6173%,-5.8631%,no,0.0027983082,0.30,not_placed,,0.0028471054,0.40,not_placed,,0.0028959025,0.30,not_placed,,0,rejected_origin_floor,0.0029500000,0.0027558000,0.0027824000
AKEUSDT,2026-07-25T01:19:15+08:00,2026-07-25T01:19:16+08:00,2026-07-25T01:22:15+08:00,0.0029569000,6.0239%,6.1914%,6.2448%,5814578.0000000000,196029.0000000000,5.9324x,0.0022820000,29.5749%,0.0018564000,0.0020420400,0.0029697000,0.0001193357,momentum_atr_estimate,0.0028801982,0.0033873750,0.0029605000,0.0027488000,0.1217%,-7.0378%,no,0.0028324639,0.30,not_placed,,0.0028801982,0.40,not_placed,,0.0029279325,0.30,not_placed,,0,rejected_origin_floor,0.0029605000,0.0027484000,0.0027696000
AKEUSDT,2026-07-25T01:23:30+08:00,2026-07-25T01:23:31+08:00,2026-07-25T01:26:30+08:00,0.0029455000,6.6746%,6.6051%,6.6940%,7983186.0000000000,202114.0000000000,7.8997x,0.0022820000,29.0754%,0.0018564000,0.0020420400,0.0030000000,0.0001098500,momentum_atr_estimate,0.0029176125,0.0033844750,0.0029465000,0.0027341000,0.0340%,-7.1770%,no,0.0028736725,0.30,not_placed,,0.0029176125,0.40,not_placed,,0.0029615525,0.30,not_placed,,0,rejected_origin_floor,0.0029530000,0.0027341000,0.0027388000
AKEUSDT,2026-07-25T01:27:50+08:00,2026-07-25T01:27:51+08:00,2026-07-25T01:30:50+08:00,0.0029519000,7.7061%,7.6079%,7.7493%,3407607.0000000000,153536.0000000000,4.4388x,0.0022820000,29.3558%,0.0018564000,0.0020420400,0.0030000000,0.0001003429,momentum_atr_estimate,0.0029247429,0.0033512000,0.0029654000,0.0027343000,0.4573%,-7.3715%,no,0.0028846057,0.30,not_placed,,0.0029247429,0.40,not_placed,,0.0029648800,0.30,not_placed,,0,rejected_origin_floor,0.0029890000,0.0027343000,0.0027476000
AKEUSDT,2026-07-25T01:31:04+08:00,2026-07-25T01:31:05+08:00,2026-07-25T01:34:04+08:00,0.0029734000,7.5682%,7.6227%,7.5254%,10462154.0000000000,258634.0000000000,8.0903x,0.0022820000,30.2980%,0.0018564000,0.0020420400,0.0030000000,0.0000897286,momentum_atr_estimate,0.0029327036,0.0033140500,0.0029890000,0.0027441000,0.5247%,-7.7117%,no,0.0028968121,0.30,not_placed,,0.0029327036,0.40,not_placed,,0.0029685950,0.30,not_placed,,0,rejected_origin_floor,0.0029908000,0.0027403000,0.0027447000
AKEUSDT,2026-07-25T01:34:19+08:00,2026-07-25T01:34:20+08:00,2026-07-25T01:37:19+08:00,0.0029699000,7.9493%,8.1340%,7.8160%,6040819.0000000000,158560.0000000000,7.6196x,0.0022820000,30.1446%,0.0018564000,0.0020420400,0.0030000000,0.0000897286,momentum_atr_estimate,0.0029327036,0.0033140500,0.0029908000,0.0027242000,0.7037%,-8.2730%,no,0.0028968121,0.30,not_placed,,0.0029327036,0.40,not_placed,,0.0029685950,0.30,not_placed,,0,rejected_origin_floor,0.0029908000,0.0027242000,0.0027499000
AKEUSDT,2026-07-25T01:39:45+08:00,2026-07-25T01:39:46+08:00,2026-07-25T01:42:45+08:00,0.0029919000,8.7529%,8.7608%,9.1735%,4423331.0000000000,178811.0000000000,4.9475x,0.0022820000,31.1087%,0.0018564000,0.0020420400,0.0030231000,0.0000856071,momentum_atr_estimate,0.0029588946,0.0033227250,0.0030020000,0.0027456000,0.3376%,-8.2322%,no,0.0029246518,0.30,not_placed,,0.0029588946,0.40,not_placed,,0.0029931375,0.30,not_placed,,0,rejected_origin_floor,0.0030047000,0.0027456000,0.0027505000
AKEUSDT,2026-07-25T01:42:45+08:00,2026-07-25T01:42:46+08:00,2026-07-25T01:45:45+08:00,0.0030020000,9.0447%,9.0368%,8.9695%,2735018.0000000000,114797.0000000000,4.7650x,0.0022820000,31.5513%,0.0018564000,0.0020420400,0.0030231000,0.0000830143,momentum_atr_estimate,0.0029608393,0.0033136500,0.0030054000,0.0027130000,0.1133%,-9.6269%,no,0.0029276336,0.30,not_placed,,0.0029608393,0.40,not_placed,,0.0029940450,0.30,not_placed,,0,rejected_origin_floor,0.0030054000,0.0027091000,0.0027374000
AKEUSDT,2026-07-25T01:48:43+08:00,2026-07-25T01:48:44+08:00,2026-07-25T01:51:43+08:00,0.0029983000,9.2994%,9.2595%,9.5910%,4166465.0000000000,194281.0000000000,4.2891x,0.0022820000,31.3891%,0.0018564000,0.0020420400,0.0030231000,0.0000787500,momentum_atr_estimate,0.0029640375,0.0032987250,0.0030053000,0.0027103000,0.2335%,-9.6054%,no,0.0029325375,0.30,not_placed,,0.0029640375,0.40,not_placed,,0.0029955375,0.30,not_placed,,0,rejected_origin_floor,0.0031241000,0.0027009000,0.0027136000
AKEUSDT,2026-07-25T01:53:32+08:00,2026-07-25T01:53:33+08:00,2026-07-25T01:56:32+08:00,0.0031175000,14.6688%,14.6477%,14.9817%,31552056.0000000000,237193.0000000000,26.6045x,0.0022820000,36.6126%,0.0018564000,0.0020420400,0.0031750000,0.0000890643,momentum_atr_estimate,0.0031082018,0.0034867250,0.0031200000,0.0027127000,0.0802%,-12.9848%,no,0.0030725761,0.30,not_placed,,0.0031082018,0.40,not_placed,,0.0031438275,0.30,not_placed,,0,rejected_origin_floor,0.0031200000,0.0027071000,0.0027153000
AKEUSDT,2026-07-25T01:57:29+08:00,2026-07-25T01:57:30+08:00,2026-07-25T02:00:29+08:00,0.0029913000,10.4575%,10.4208%,9.7886%,2895585.0000000000,161801.0000000000,3.5792x,0.0022820000,31.0824%,0.0018564000,0.0020420400,0.0031750000,0.0000861571,momentum_atr_estimate,0.0031103821,0.0034765500,0.0030104000,0.0027089000,0.6385%,-9.4407%,no,0.0030759193,0.30,unfilled,,0.0031103821,0.40,unfilled,,0.0031448450,0.30,unfilled,,0,no_fill,0.0030531000,0.0027089000,0.0029982000
AKEUSDT,2026-07-25T02:02:02+08:00,2026-07-25T02:02:03+08:00,2026-07-25T02:05:02+08:00,0.0030426000,12.2110%,12.1613%,12.0539%,6840386.0000000000,208890.0000000000,6.5493x,0.0022820000,33.3304%,0.0018564000,0.0020420400,0.0031750000,0.0000924214,momentum_atr_estimate,0.0031056839,0.0034984750,0.0030299000,0.0027086000,-0.4174%,-10.9775%,no,0.0030687154,0.30,unfilled,,0.0031056839,0.40,unfilled,,0.0031426525,0.30,unfilled,,0,no_fill,0.0030299000,0.0027086000,0.0027222000
AKEUSDT,2026-07-25T02:05:18+08:00,2026-07-25T02:05:19+08:00,2026-07-25T02:08:18+08:00,0.0029995000,10.1785%,10.1988%,10.3609%,5716554.0000000000,85731.0000000000,13.3360x,0.0022820000,31.4417%,0.0018564000,0.0020420400,0.0031750000,0.0000924214,momentum_atr_estimate,0.0031056839,0.0034984750,0.0030141000,0.0027090000,0.4867%,-9.6849%,no,0.0030687154,0.30,unfilled,,0.0031056839,0.40,unfilled,,0.0031426525,0.30,unfilled,,0,no_fill,0.0030432000,0.0027090000,0.0027343000
AKEUSDT,2026-07-25T02:08:35+08:00,2026-07-25T02:08:36+08:00,2026-07-25T02:11:35+08:00,0.0030330000,11.1641%,11.2170%,11.1274%,7749373.0000000000,248051.0000000000,6.2482x,0.0022820000,32.9097%,0.0018564000,0.0020420400,0.0031750000,0.0001009929,momentum_atr_estimate,0.0030992554,0.0035284750,0.0030432000,0.0027144000,0.3363%,-10.5045%,no,0.0030588582,0.30,unfilled,,0.0030992554,0.40,unfilled,,0.0031396525,0.30,unfilled,,0,no_fill,0.0030432000,0.0027144000,0.0029520000
AKEUSDT,2026-07-25T02:12:35+08:00,2026-07-25T02:12:36+08:00,2026-07-25T02:15:35+08:00,0.0028953000,6.4057%,6.5271%,6.5781%,4427343.0000000000,170075.0000000000,5.2063x,0.0022820000,26.8755%,0.0018564000,0.0020420400,0.0031750000,0.0001125571,momentum_atr_estimate,0.0030905821,0.0035689500,0.0030746000,0.0027122000,6.1928%,-6.3240%,no,0.0030455593,0.30,filled,2026-07-25T02:14:26+08:00,0.0030905821,0.40,unfilled,,0.0031356050,0.30,unfilled,,1,partial_filled,0.0030746000,0.0026456000,0.0026747000
AKEUSDT,2026-07-25T02:37:51+08:00,2026-07-25T02:37:52+08:00,2026-07-25T02:40:51+08:00,0.0030238000,15.1836%,15.2275%,14.7596%,5666584.0000000000,306472.0000000000,3.6979x,0.0022820000,32.5066%,0.0018564000,0.0020420400,0.0031942000,0.0001220857,momentum_atr_estimate,0.0031026357,0.0036215000,0.0030041000,0.0026154000,-0.6515%,-13.5062%,no,0.0030538014,0.30,unfilled,,0.0031026357,0.40,unfilled,,0.0031514700,0.30,unfilled,,0,no_fill,0.0030051000,0.0026154000,0.0029933000
AKEUSDT,2026-07-25T02:43:32+08:00,2026-07-25T02:43:33+08:00,2026-07-25T02:46:32+08:00,0.0029989000,12.5967%,12.2301%,12.5038%,4039557.0000000000,261075.0000000000,3.0946x,0.0022820000,31.4154%,0.0018768000,0.0020644800,0.0031942000,0.0001224929,momentum_atr_estimate,0.0031023304,0.0036229250,0.0029982000,0.0026635000,-0.0233%,-11.1841%,no,0.0030533332,0.30,unfilled,,0.0031023304,0.40,unfilled,,0.0031513275,0.30,unfilled,,0,no_fill,0.0029982000,0.0026277000,0.0026321000
AKEUSDT,2026-07-25T02:46:33+08:00,2026-07-25T02:46:34+08:00,2026-07-25T02:49:33+08:00,0.0029511000,10.4330%,10.4164%,10.2020%,7491379.0000000000,294418.0000000000,5.0889x,0.0022820000,29.3208%,0.0018768000,0.0020644800,0.0031942000,0.0001265286,momentum_atr_estimate,0.0030993036,0.0036370500,0.0029096000,0.0026255000,-1.4063%,-11.0332%,no,0.0030486921,0.30,unfilled,,0.0030993036,0.40,unfilled,,0.0031499150,0.30,unfilled,,0,no_fill,0.0029866000,0.0026255000,0.0026494000
AKEUSDT,2026-07-25T02:49:47+08:00,2026-07-25T02:49:48+08:00,2026-07-25T02:52:47+08:00,0.0029866000,12.8723%,13.1374%,13.4080%,10080033.0000000000,226783.0000000000,8.8896x,0.0022820000,30.8764%,0.0019085000,0.0020993500,0.0031942000,0.0001265286,momentum_atr_estimate,0.0030993036,0.0036370500,0.0029857000,0.0026298000,-0.0301%,-11.9467%,no,0.0030486921,0.30,unfilled,,0.0030993036,0.40,unfilled,,0.0031499150,0.30,unfilled,,0,no_fill,0.0029971000,0.0026241000,0.0026405000
AKEUSDT,2026-07-25T02:53:35+08:00,2026-07-25T02:53:36+08:00,2026-07-25T02:56:35+08:00,0.0029871000,13.5866%,13.5909%,13.3108%,3935275.0000000000,229066.0000000000,3.4359x,0.0022820000,30.8983%,0.0020075000,0.0022082500,0.0031942000,0.0001319000,momentum_atr_estimate,0.0030952750,0.0036558500,0.0029971000,0.0026255000,0.3348%,-12.1054%,no,0.0030425150,0.30,unfilled,,0.0030952750,0.40,unfilled,,0.0031480350,0.30,unfilled,,0,no_fill,0.0029971000,0.0026154000,0.0026303000
AKEUSDT,2026-07-25T02:56:52+08:00,2026-07-25T02:56:53+08:00,2026-07-25T02:59:52+08:00,0.0029414000,11.6281%,11.5223%,10.6871%,5929581.0000000000,237342.0000000000,4.9967x,0.0022820000,28.8957%,0.0020716000,0.0022787600,0.0031930000,0.0001300714,momentum_atr_estimate,0.0030954464,0.0036482500,0.0029466000,0.0026154000,0.1768%,-11.0832%,no,0.0030434179,0.30,unfilled,,0.0030954464,0.40,unfilled,,0.0031474750,0.30,unfilled,,0,no_fill,0.0029489000,0.0026154000,0.0026233000
AKEUSDT,2026-07-25T02:59:56+08:00,2026-07-25T02:59:57+08:00,2026-07-25T03:02:56+08:00,0.0029276000,10.5339%,10.3922%,10.8939%,4780520.0000000000,244190.0000000000,3.9154x,0.0022820000,28.2910%,0.0020802000,0.0022882200,0.0031847000,0.0001300714,momentum_atr_estimate,0.0030871464,0.0036399500,0.0029489000,0.0026112000,0.7276%,-10.8075%,no,0.0030351179,0.30,unfilled,,0.0030871464,0.40,unfilled,,0.0031391750,0.30,unfilled,,0,no_fill,0.0029489000,0.0026112000,0.0026480000
AKEUSDT,2026-07-25T03:39:51+08:00,2026-07-25T03:39:52+08:00,2026-07-25T03:42:51+08:00,0.0027035000,6.0945%,0.0592%,0.2893%,5060439.0000000000,135004.0000000000,7.4967x,0.0022363000,20.8917%,0.0021701000,0.0023871100,0.0028255000,0.0001929786,momentum_atr_estimate,0.0026807661,0.0035009250,0.0027291000,0.0025002000,0.9469%,-7.5199%,no,0.0026035746,0.30,not_placed,,0.0026807661,0.40,not_placed,,0.0027579575,0.30,not_placed,,0,rejected_origin_floor,0.0027359000,0.0024686000,0.0027208000
AKEUSDT,2026-07-25T03:53:01+08:00,2026-07-25T03:53:02+08:00,2026-07-25T03:56:01+08:00,0.0027277000,5.5203%,0.1800%,-0.3143%,13436719.0000000000,110474.0000000000,24.3256x,0.0022363000,21.9738%,0.0021701000,0.0023871100,0.0028255000,0.0001970857,momentum_atr_estimate,0.0026776857,0.0035153000,0.0027292000,0.0025657000,0.0550%,-5.9391%,no,0.0025988514,0.30,not_placed,,0.0026776857,0.40,not_placed,,0.0027565200,0.30,not_placed,,0,rejected_origin_floor,0.0027292000,0.0025657000,0.0027028000
AKEUSDT,2026-07-25T03:56:04+08:00,2026-07-25T03:56:05+08:00,2026-07-25T03:59:04+08:00,0.0027186000,5.1520%,-0.0184%,0.0478%,2390516.0000000000,98728.0000000000,4.8426x,0.0022363000,21.5669%,0.0021701000,0.0023871100,0.0028255000,0.0001936643,momentum_atr_estimate,0.0026802518,0.0035033250,0.0027196000,0.0025767000,0.0368%,-5.2196%,no,0.0026027861,0.30,not_placed,,0.0026802518,0.40,not_placed,,0.0027577175,0.30,not_placed,,0,rejected_origin_floor,0.0027216000,0.0025657000,0.0026964000
AKEUSDT,2026-07-25T04:00:50+08:00,2026-07-25T04:00:51+08:00,2026-07-25T04:03:50+08:00,0.0026997000,5.2227%,-0.2623%,-0.5782%,8389791.0000000000,412214.0000000000,4.0706x,0.0022363000,20.7217%,0.0021701000,0.0023871100,0.0028255000,0.0001936643,momentum_atr_estimate,0.0026802518,0.0035033250,0.0027020000,0.0025182000,0.0852%,-6.7230%,no,0.0026027861,0.30,not_placed,,0.0026802518,0.40,not_placed,,0.0027577175,0.30,not_placed,,0,rejected_origin_floor,0.0027020000,0.0025182000,0.0026842000
AKEUSDT,2026-07-25T04:04:11+08:00,2026-07-25T04:04:12+08:00,2026-07-25T04:07:11+08:00,0.0026939000,5.1812%,0.5562%,0.6238%,4711156.0000000000,164708.0000000000,5.7206x,0.0022363000,20.4624%,0.0021701000,0.0023871100,0.0028255000,0.0001929357,momentum_atr_estimate,0.0026807982,0.0035007750,0.0027011000,0.0025580000,0.2673%,-5.0447%,no,0.0026036239,0.30,not_placed,,0.0026807982,0.40,not_placed,,0.0027579725,0.30,not_placed,,0,rejected_origin_floor,0.0027011000,0.0025580000,0.0025784000
AKEUSDT,2026-07-25T05:07:43+08:00,2026-07-25T05:07:44+08:00,2026-07-25T05:10:43+08:00,0.0027325000,5.3514%,-0.0987%,-1.0287%,19743733.0000000000,658278.0000000000,5.9986x,0.0022363000,22.1884%,0.0022363000,0.0024599300,0.0027351000,0.0000623643,momentum_atr_estimate,0.0026883268,0.0029533750,0.0027854000,0.0025821000,1.9360%,-5.5041%,no,0.0026633811,0.30,not_placed,,0.0026883268,0.40,not_placed,,0.0027132725,0.30,not_placed,,0,rejected_origin_floor,0.0027854000,0.0025736000,0.0027673000
AKEUSDT,2026-07-25T05:13:44+08:00,2026-07-25T05:13:45+08:00,2026-07-25T05:16:44+08:00,0.0027654000,8.0319%,0.1376%,-0.0361%,4633366.0000000000,292906.0000000000,3.1637x,0.0022363000,23.6596%,0.0022363000,0.0024599300,0.0027664000,0.0000594071,momentum_atr_estimate,0.0027218446,0.0029743250,0.0028280000,0.0025533000,2.2637%,-7.6698%,no,0.0026980818,0.30,not_placed,,0.0027218446,0.40,not_placed,,0.0027456075,0.30,not_placed,,0,rejected_origin_floor,0.0028500000,0.0025533000,0.0028446000
AKEUSDT,2026-07-25T05:29:24+08:00,2026-07-25T05:29:25+08:00,2026-07-25T05:32:24+08:00,0.0027754000,7.7449%,-0.0324%,0.1299%,5014992.0000000000,314928.0000000000,3.1848x,0.0022363000,24.1068%,0.0022363000,0.0024599300,0.0027754000,0.0000534714,momentum_atr_estimate,0.0027352964,0.0029625500,0.0027979000,0.0027630000,0.8107%,-0.4468%,no,0.0027139079,0.30,not_placed,,0.0027352964,0.40,not_placed,,0.0027566850,0.30,not_placed,,0,rejected_origin_floor,0.0028053000,0.0025721000,0.0028041000
AKEUSDT,2026-07-25T05:34:07+08:00,2026-07-25T05:34:08+08:00,2026-07-25T05:37:07+08:00,0.0027993000,8.7571%,0.4269%,0.5712%,3209998.0000000000,186125.0000000000,3.4493x,0.0022363000,25.1755%,0.0022363000,0.0024599300,0.0027995000,0.0000525357,momentum_atr_estimate,0.0027600982,0.0029833750,0.0028439000,0.0027948000,1.5933%,-0.1608%,no,0.0027390839,0.30,not_placed,,0.0027600982,0.40,not_placed,,0.0027811125,0.30,not_placed,,0,rejected_origin_floor,0.0028439000,0.0027915000,0.0028044000
AKEUSDT,2026-07-25T07:34:45+08:00,2026-07-25T07:34:46+08:00,2026-07-25T07:37:45+08:00,0.0031781000,13.9839%,0.4583%,0.2018%,13025591.0000000000,650433.0000000000,4.0052x,0.0022363000,42.1142%,0.0022363000,0.0024599300,0.0031822000,0.0000462786,momentum_atr_estimate,0.0031474911,0.0033441750,0.0031891000,0.0027940000,0.3461%,-12.0858%,no,0.0031289796,0.30,not_placed,,0.0031474911,0.40,not_placed,,0.0031660025,0.30,not_placed,,0,rejected_origin_floor,0.0031896000,0.0027940000,0.0031814000
AKEUSDT,2026-07-25T07:59:51+08:00,2026-07-25T07:59:52+08:00,2026-07-25T08:02:51+08:00,0.0031871000,17.1383%,-0.4405%,-0.2129%,8021120.0000000000,441468.0000000000,3.6338x,0.0022363000,42.5167%,0.0022363000,0.0024599300,0.0031875000,0.0000527857,momentum_atr_estimate,0.0031479107,0.0033722500,0.0032460000,0.0027191000,1.8481%,-14.6842%,no,0.0031267964,0.30,not_placed,,0.0031479107,0.40,not_placed,,0.0031690250,0.30,not_placed,,0,rejected_origin_floor,0.0032460000,0.0027191000,0.0031964000
AKEUSDT,2026-07-25T08:05:34+08:00,2026-07-25T08:05:35+08:00,2026-07-25T08:08:34+08:00,0.0032017000,16.5102%,-0.0187%,0.3479%,6159413.0000000000,402192.0000000000,3.0629x,0.0022363000,43.1695%,0.0022363000,0.0024599300,0.0032017000,0.0000524571,momentum_atr_estimate,0.0031623571,0.0033853000,0.0032320000,0.0031957000,0.9464%,-0.1874%,no,0.0031413743,0.30,not_placed,,0.0031623571,0.40,not_placed,,0.0031833400,0.30,not_placed,,0,rejected_origin_floor,0.0032320000,0.0027406000,0.0031945000
AKEUSDT,2026-07-25T08:14:00+08:00,2026-07-25T08:14:01+08:00,2026-07-25T08:17:00+08:00,0.0031983000,15.5247%,0.0939%,0.1440%,2622725.0000000000,159851.0000000000,3.2815x,0.0022363000,43.0175%,0.0022363000,0.0024599300,0.0031992000,0.0000543714,momentum_atr_estimate,0.0031584214,0.0033895000,0.0031992000,0.0027643000,0.0281%,-13.5697%,no,0.0031366729,0.30,not_placed,,0.0031584214,0.40,not_placed,,0.0031801700,0.30,not_placed,,0,rejected_origin_floor,0.0032000000,0.0027643000,0.0031967000
AKEUSDT,2026-07-25T08:19:57+08:00,2026-07-25T08:19:58+08:00,2026-07-25T08:22:57+08:00,0.0031879000,13.5616%,-0.1159%,-0.1629%,3609979.0000000000,239659.0000000000,3.0126x,0.0022363000,42.5524%,0.0022363000,0.0024599300,0.0031881000,0.0000523643,momentum_atr_estimate,0.0031488268,0.0033713750,0.0032081000,0.0028104000,0.6336%,-11.8417%,no,0.0031278811,0.30,not_placed,,0.0031488268,0.40,not_placed,,0.0031697725,0.30,not_placed,,0,rejected_origin_floor,0.0032200000,0.0027499000,0.0032151000
AKEUSDT,2026-07-25T10:14:50+08:00,2026-07-25T10:14:51+08:00,2026-07-25T10:17:50+08:00,0.0033084000,21.7219%,0.0877%,0.2545%,5923620.0000000000,223297.0000000000,5.3056x,0.0022363000,47.9408%,0.0022363000,0.0024599300,0.0033084000,0.0000348929,momentum_atr_estimate,0.0032822304,0.0034305250,0.0033094000,0.0032300000,0.0302%,-2.3697%,no,0.0032682732,0.30,not_placed,,0.0032822304,0.40,not_placed,,0.0032961875,0.30,not_placed,,0,rejected_origin_floor,0.0033094000,0.0032300000,0.0032797000
AKEUSDT,2026-07-25T10:41:55+08:00,2026-07-25T10:41:56+08:00,2026-07-25T10:44:56+08:00,0.0032172000,20.5666%,0.0404%,0.4841%,4219935.0000000000,238537.0000000000,3.5382x,0.0022363000,43.8626%,0.0022363000,0.0024599300,0.0032199000,0.0000458000,momentum_atr_estimate,0.0031855500,0.0033802000,0.0032479000,0.0026672000,0.9542%,-17.0956%,no,0.0031672300,0.30,not_placed,,0.0031855500,0.40,not_placed,,0.0032038700,0.30,not_placed,,0,rejected_origin_floor,0.0032479000,0.0026672000,0.0032199000
AKEUSDT,2026-07-25T11:08:42+08:00,2026-07-25T11:08:43+08:00,2026-07-25T11:11:42+08:00,0.0031682000,18.8194%,-0.2267%,0.1739%,4326697.0000000000,234193.0000000000,3.6950x,0.0022363000,41.6715%,0.0022363000,0.0024599300,0.0031712000,0.0000487000,momentum_atr_estimate,0.0031346750,0.0033416500,0.0031943000,0.0031443000,0.8238%,-0.7544%,no,0.0031151950,0.30,not_placed,,0.0031346750,0.40,not_placed,,0.0031541550,0.30,not_placed,,0,rejected_origin_floor,0.0032075000,0.0026602000,0.0031941000
AKEUSDT,2026-07-25T11:19:26+08:00,2026-07-25T11:19:27+08:00,2026-07-25T11:22:27+08:00,0.0031983000,20.4315%,-0.1405%,0.1315%,7038919.0000000000,179026.0000000000,7.8636x,0.0022363000,43.0175%,0.0022363000,0.0024599300,0.0031999000,0.0000498214,momentum_atr_estimate,0.0031625339,0.0033742750,0.0032055000,0.0026494000,0.2251%,-17.1622%,no,0.0031426054,0.30,not_placed,,0.0031625339,0.40,not_placed,,0.0031824625,0.30,not_placed,,0,rejected_origin_floor,0.0032114000,0.0026494000,0.0032025000
AKEUSDT,2026-07-25T11:22:43+08:00,2026-07-25T11:22:44+08:00,2026-07-25T11:25:43+08:00,0.0031879000,18.8495%,-0.1847%,0.0596%,1581169.0000000000,97777.0000000000,3.2342x,0.0022363000,42.5524%,0.0022363000,0.0024599300,0.0031892000,0.0000519286,momentum_atr_estimate,0.0031502536,0.0033709500,0.0032415000,0.0026786000,1.6814%,-15.9760%,no,0.0031294821,0.30,not_placed,,0.0031502536,0.40,not_placed,,0.0031710250,0.30,not_placed,,0,rejected_origin_floor,0.0032415000,0.0026786000,0.0032166000
AKEUSDT,2026-07-25T12:13:40+08:00,2026-07-25T12:13:41+08:00,2026-07-25T12:16:41+08:00,0.0032933000,23.6595%,0.0213%,0.2344%,5782314.0000000000,262184.0000000000,4.4109x,0.0022363000,47.2656%,0.0022363000,0.0024599300,0.0032949000,0.0000361571,momentum_atr_estimate,0.0032677821,0.0034214500,0.0032958000,0.0026527000,0.0759%,-19.4516%,no,0.0032533193,0.30,not_placed,,0.0032677821,0.40,not_placed,,0.0032822450,0.30,not_placed,,0,rejected_origin_floor,0.0032976000,0.0026527000,0.0032976000
AKEUSDT,2026-07-25T12:34:34+08:00,2026-07-25T12:34:35+08:00,2026-07-25T12:37:34+08:00,0.0032856000,26.8718%,-0.1368%,-0.4062%,5036365.0000000000,151361.0000000000,6.6548x,0.0022363000,46.9213%,0.0022363000,0.0024599300,0.0032859000,0.0000365357,momentum_atr_estimate,0.0032584982,0.0034137750,0.0032938000,0.0025826000,0.2496%,-21.3964%,no,0.0032438839,0.30,not_placed,,0.0032584982,0.40,not_placed,,0.0032731125,0.30,not_placed,,0,rejected_origin_floor,0.0032938000,0.0025826000,0.0032670000
AKEUSDT,2026-07-25T12:54:22+08:00,2026-07-25T12:54:23+08:00,2026-07-25T12:57:23+08:00,0.0032746000,23.5558%,0.0642%,0.2173%,3258396.0000000000,179563.0000000000,3.6293x,0.0022363000,46.4294%,0.0022363000,0.0024599300,0.0032767000,0.0000386714,momentum_atr_estimate,0.0032476964,0.0034120500,0.0032764000,0.0026540000,0.0550%,-18.9519%,no,0.0032322279,0.30,not_placed,,0.0032476964,0.40,not_placed,,0.0032631650,0.30,not_placed,,0,rejected_origin_floor,0.0032764000,0.0026540000,0.0032591000
AKEUSDT,2026-07-25T12:58:01+08:00,2026-07-25T12:58:02+08:00,2026-07-25T13:01:01+08:00,0.0032736000,22.3959%,22.1812%,0.2419%,3199782.0000000000,79521.0000000000,8.0476x,0.0022363000,46.3847%,0.0022363000,0.0024599300,0.0032736000,0.0000394071,momentum_atr_estimate,0.0032440446,0.0034115250,0.0032764000,0.0026644000,0.0855%,-18.6095%,no,0.0032282818,0.30,not_placed,,0.0032440446,0.40,not_placed,,0.0032598075,0.30,not_placed,,0,rejected_origin_floor,0.0032764000,0.0026644000,0.0032544000
AKEUSDT,2026-07-25T13:04:25+08:00,2026-07-25T13:04:26+08:00,2026-07-25T13:07:25+08:00,0.0032616000,19.2149%,-0.2050%,-0.3879%,8724319.0000000000,358037.0000000000,4.8734x,0.0022363000,45.8481%,0.0022363000,0.0024599300,0.0032650000,0.0000427500,momentum_atr_estimate,0.0032329375,0.0034146250,0.0032722000,0.0027370000,0.3250%,-16.0841%,no,0.0032158375,0.30,not_placed,,0.0032329375,0.40,not_placed,,0.0032500375,0.30,not_placed,,0,rejected_origin_floor,0.0032722000,0.0027224000,0.0032710000
AKEUSDT,2026-07-25T13:07:38+08:00,2026-07-25T13:07:39+08:00,2026-07-25T13:10:38+08:00,0.0032400000,18.3086%,-0.1233%,0.1638%,3979032.0000000000,199228.0000000000,3.9945x,0.0022363000,44.8822%,0.0022363000,0.0024599300,0.0032400000,0.0000453571,momentum_atr_estimate,0.0032059821,0.0033987500,0.0032710000,0.0027224000,0.9568%,-15.9753%,no,0.0031878393,0.30,not_placed,,0.0032059821,0.40,not_placed,,0.0032241250,0.30,not_placed,,0,rejected_origin_floor,0.0032710000,0.0027224000,0.0032243000
AKEUSDT,2026-07-25T13:13:26+08:00,2026-07-25T13:13:27+08:00,2026-07-25T13:16:26+08:00,0.0032273000,16.7662%,-0.0650%,0.0372%,3035858.0000000000,158002.0000000000,3.8428x,0.0022363000,44.3143%,0.0022363000,0.0024599300,0.0032274000,0.0000462143,momentum_atr_estimate,0.0031927393,0.0033891500,0.0032496000,0.0027626000,0.6910%,-14.3990%,no,0.0031742536,0.30,not_placed,,0.0031927393,0.40,not_placed,,0.0032112250,0.30,not_placed,,0,rejected_origin_floor,0.0032496000,0.0027626000,0.0032227000
AKEUSDT,2026-07-25T13:20:28+08:00,2026-07-25T13:20:29+08:00,2026-07-25T13:23:28+08:00,0.0032184000,13.8290%,-0.3499%,-0.4639%,4395348.0000000000,184806.0000000000,4.7567x,0.0022363000,43.9163%,0.0022363000,0.0024599300,0.0032184000,0.0000474714,momentum_atr_estimate,0.0031827964,0.0033845500,0.0032391000,0.0027667000,0.6432%,-14.0349%,no,0.0031638079,0.30,not_placed,,0.0031827964,0.40,not_placed,,0.0032017850,0.30,not_placed,,0,rejected_origin_floor,0.0032391000,0.0027610000,0.0031993000
AKEUSDT,2026-07-25T13:24:36+08:00,2026-07-25T13:24:37+08:00,2026-07-25T13:27:36+08:00,0.0032245000,16.6986%,-0.1826%,-0.0868%,8637469.0000000000,149149.0000000000,11.5823x,0.0022363000,44.1891%,0.0022363000,0.0024599300,0.0032245000,0.0000513000,momentum_atr_estimate,0.0031860250,0.0034040500,0.0032250000,0.0027815000,0.0155%,-13.7386%,no,0.0031655050,0.30,not_placed,,0.0031860250,0.40,not_placed,,0.0032065450,0.30,not_placed,,0,rejected_origin_floor,0.0032250000,0.0027712000,0.0031923000
AKEUSDT,2026-07-25T13:39:00+08:00,2026-07-25T13:39:01+08:00,2026-07-25T13:42:00+08:00,0.0031990000,14.0992%,0.1095%,-0.7138%,4793724.0000000000,232700.0000000000,4.1201x,0.0022363000,43.0488%,0.0022363000,0.0024599300,0.0031990000,0.0000543643,momentum_atr_estimate,0.0031582268,0.0033892750,0.0032157000,0.0028070000,0.5220%,-12.2538%,no,0.0031364811,0.30,not_placed,,0.0031582268,0.40,not_placed,,0.0031799725,0.30,not_placed,,0,rejected_origin_floor,0.0032157000,0.0028070000,0.0031937000
AKEUSDT,2026-07-25T13:42:46+08:00,2026-07-25T13:42:47+08:00,2026-07-25T13:45:46+08:00,0.0032015000,11.5933%,0.2819%,-0.1341%,3224775.0000000000,153483.0000000000,4.2021x,0.0022363000,43.1606%,0.0022363000,0.0024599300,0.0032015000,0.0000573929,momentum_atr_estimate,0.0031584554,0.0034023750,0.0032146000,0.0028688000,0.4092%,-10.3920%,no,0.0031354982,0.30,not_placed,,0.0031584554,0.40,not_placed,,0.0031814125,0.30,not_placed,,0,rejected_origin_floor,0.0032274000,0.0028688000,0.0032096000
AKEUSDT,2026-07-25T13:45:53+08:00,2026-07-25T13:45:54+08:00,2026-07-25T13:48:53+08:00,0.0032124000,11.5610%,0.0218%,-0.0125%,15628687.0000000000,185493.0000000000,16.8510x,0.0022363000,43.6480%,0.0022363000,0.0024599300,0.0032124000,0.0000573929,momentum_atr_estimate,0.0031693554,0.0034132750,0.0032274000,0.0028899000,0.4669%,-10.0392%,no,0.0031463982,0.30,not_placed,,0.0031693554,0.40,not_placed,,0.0031923125,0.30,not_placed,,0,rejected_origin_floor,0.0032274000,0.0028899000,0.0031972000
AKEUSDT,2026-07-25T13:49:46+08:00,2026-07-25T13:49:47+08:00,2026-07-25T13:52:46+08:00,0.0032064000,9.0353%,0.1343%,0.0312%,4296271.0000000000,187793.0000000000,4.5755x,0.0022363000,43.3797%,0.0022363000,0.0024599300,0.0032064000,0.0000615071,momentum_atr_estimate,0.0031602696,0.0034216750,0.0032083000,0.0029221000,0.0593%,-8.8666%,no,0.0031356668,0.30,not_placed,,0.0031602696,0.40,not_placed,,0.0031848725,0.30,not_placed,,0,rejected_origin_floor,0.0032146000,0.0029221000,0.0032106000
AKEUSDT,2026-07-25T14:50:10+08:00,2026-07-25T14:50:11+08:00,2026-07-25T14:53:10+08:00,0.0033495000,6.4550%,-0.0298%,0.4739%,7052477.0000000000,203292.0000000000,6.9383x,0.0022363000,49.7787%,0.0022363000,0.0024599300,0.0033496000,0.0001113000,momentum_atr_estimate,0.0032661250,0.0037391500,0.0033618000,0.0031390000,0.3672%,-6.2845%,no,0.0032216050,0.30,not_placed,,0.0032661250,0.40,not_placed,,0.0033106450,0.30,not_placed,,0,rejected_origin_floor,0.0033783000,0.0031390000,0.0033501000
AKEUSDT,2026-07-25T14:57:19+08:00,2026-07-25T14:57:20+08:00,2026-07-25T15:00:19+08:00,0.0033574000,5.6351%,0.1462%,0.2538%,7664557.0000000000,397482.0000000000,3.8566x,0.0022363000,50.1319%,0.0022363000,0.0024599300,0.0033595000,0.0001074714,momentum_atr_estimate,0.0032788964,0.0037356500,0.0034869000,0.0033429000,3.8572%,-0.4319%,no,0.0032359079,0.30,not_placed,,0.0032788964,0.40,not_placed,,0.0033218850,0.30,not_placed,,0,rejected_origin_floor,0.0034869000,0.0033429000,0.0033819000
AKEUSDT,2026-07-25T16:31:43+08:00,2026-07-25T16:31:44+08:00,2026-07-25T16:34:43+08:00,0.0033672000,6.0235%,6.1304%,5.6045%,33484023.0000000000,239346.0000000000,27.9796x,0.0025105000,34.1247%,0.0022363000,0.0024599300,0.0034388000,0.0000753500,momentum_atr_estimate,0.0033822875,0.0037025250,0.0034400000,0.0031701000,2.1620%,-5.8535%,no,0.0033521475,0.30,not_placed,,0.0033822875,0.40,not_placed,,0.0034124275,0.30,not_placed,,0,rejected_origin_floor,0.0034400000,0.0031701000,0.0032312000
AKEUSDT,2026-07-25T17:48:58+08:00,2026-07-25T17:48:59+08:00,2026-07-25T17:51:58+08:00,0.0032387000,6.3682%,0.2135%,0.1237%,2727558.0000000000,142955.0000000000,3.8160x,0.0025560000,26.7097%,0.0022363000,0.0024599300,0.0032390000,0.0000867143,momentum_atr_estimate,0.0031739643,0.0035425000,0.0032470000,0.0030204000,0.2563%,-6.7404%,no,0.0031392786,0.30,not_placed,,0.0031739643,0.40,not_placed,,0.0032086500,0.30,not_placed,,0,rejected_origin_floor,0.0032470000,0.0030204000,0.0031153000
AKEUSDT,2026-07-25T17:56:35+08:00,2026-07-25T17:56:36+08:00,2026-07-25T17:59:35+08:00,0.0033127000,5.1751%,4.8688%,5.7155%,13869237.0000000000,726133.0000000000,3.8200x,0.0025560000,29.6049%,0.0022363000,0.0024599300,0.0033367000,0.0000935286,momentum_atr_estimate,0.0032665536,0.0036640500,0.0033155000,0.0031493000,0.0845%,-4.9325%,no,0.0032291421,0.30,not_placed,,0.0032665536,0.40,not_placed,,0.0033039650,0.30,not_placed,,0,rejected_origin_floor,0.0033155000,0.0031493000,0.0031673000
AKEUSDT,2026-07-25T20:23:32+08:00,2026-07-25T20:23:33+08:00,2026-07-25T20:26:32+08:00,0.0033325000,6.2151%,6.1373%,6.0293%,4114151.0000000000,191032.0000000000,4.3073x,0.0025560000,30.3795%,0.0025105000,0.0027615500,0.0033421000,0.0000649286,momentum_atr_estimate,0.0032934036,0.0035693500,0.0033599000,0.0031238000,0.8222%,-6.2626%,no,0.0032674321,0.30,not_placed,,0.0032934036,0.40,not_placed,,0.0033193750,0.30,not_placed,,0,rejected_origin_floor,0.0033599000,0.0031196000,0.0031233000
AKEUSDT,2026-07-25T20:26:32+08:00,2026-07-25T20:26:33+08:00,2026-07-25T20:29:32+08:00,0.0033379000,6.6933%,6.6592%,6.6183%,5121052.0000000000,101816.0000000000,10.0594x,0.0025560000,30.5908%,0.0025105000,0.0027615500,0.0033843000,0.0000664000,momentum_atr_estimate,0.0033345000,0.0036167000,0.0033364000,0.0031196000,-0.0449%,-6.5400%,no,0.0033079400,0.30,not_placed,,0.0033345000,0.40,not_placed,,0.0033610600,0.30,not_placed,,0,rejected_origin_floor,0.0033364000,0.0031196000,0.0031319000
AKEUSDT,2026-07-25T20:29:32+08:00,2026-07-25T20:29:33+08:00,2026-07-25T20:32:32+08:00,0.0033044000,5.7476%,-0.0212%,5.7984%,2115043.0000000000,121235.0000000000,3.4892x,0.0025560000,29.2801%,0.0025105000,0.0027615500,0.0033843000,0.0000664000,momentum_atr_estimate,0.0033345000,0.0036167000,0.0032955000,0.0031220000,-0.2693%,-5.5199%,no,0.0033079400,0.30,unfilled,,0.0033345000,0.40,unfilled,,0.0033610600,0.30,unfilled,,0,no_fill,0.0033011000,0.0031208000,0.0031290000
AKEUSDT,2026-07-25T20:33:09+08:00,2026-07-25T20:33:10+08:00,2026-07-25T20:36:09+08:00,0.0032957000,5.5604%,5.4759%,5.4118%,3022726.0000000000,143340.0000000000,4.2176x,0.0025560000,28.9397%,0.0025105000,0.0027615500,0.0033843000,0.0000654643,momentum_atr_estimate,0.0033352018,0.0036134250,0.0032955000,0.0031219000,-0.0061%,-5.2735%,no,0.0033090161,0.30,unfilled,,0.0033352018,0.40,unfilled,,0.0033613875,0.30,unfilled,,0,no_fill,0.0032955000,0.0031219000,0.0031532000
AKEUSDT,2026-07-25T21:45:43+08:00,2026-07-25T21:45:44+08:00,2026-07-25T21:48:43+08:00,0.0032101000,6.2947%,6.2138%,6.2701%,2205004.0000000000,133477.0000000000,3.3039x,0.0025560000,25.5908%,0.0025260000,0.0027786000,0.0032525000,0.0000455857,momentum_atr_estimate,0.0032183107,0.0034120500,0.0030408000,0.0030052000,-5.2740%,-6.3830%,no,0.0032000764,0.30,not_placed,,0.0032183107,0.40,not_placed,,0.0032365450,0.30,not_placed,,0,rejected_origin_floor,0.0032067000,0.0030052000,0.0030286000
AKEUSDT,2026-07-25T21:55:15+08:00,2026-07-25T21:55:16+08:00,2026-07-25T21:58:15+08:00,0.0032141000,5.6401%,5.3561%,5.5049%,3320342.0000000000,189669.0000000000,3.5012x,0.0025560000,25.7473%,0.0025560000,0.0028116000,0.0032525000,0.0000445857,momentum_atr_estimate,0.0032190607,0.0034085500,0.0032141000,0.0030300000,0.0000%,-5.7279%,no,0.0032012264,0.30,not_placed,,0.0032190607,0.40,not_placed,,0.0032368950,0.30,not_placed,,0,rejected_origin_floor,0.0032141000,0.0030300000,0.0031928000
AKEUSDT,2026-07-25T22:14:46+08:00,2026-07-25T22:14:47+08:00,2026-07-25T22:17:46+08:00,0.0032493000,5.3155%,5.3087%,5.2609%,10330025.0000000000,74094.0000000000,27.8836x,0.0025560000,27.1244%,0.0025560000,0.0028116000,0.0032774000,0.0000500214,momentum_atr_estimate,0.0032398839,0.0034524750,0.0033102000,0.0030687000,1.8742%,-5.5581%,no,0.0032198754,0.30,not_placed,,0.0032398839,0.40,not_placed,,0.0032598925,0.30,not_placed,,0,rejected_origin_floor,0.0033102000,0.0030634000,0.0030644000
AKEUSDT,2026-07-25T22:17:58+08:00,2026-07-25T22:17:59+08:00,2026-07-25T22:20:58+08:00,0.0032979000,7.4900%,7.4235%,7.0191%,3471219.0000000000,174994.0000000000,3.9672x,0.0025560000,29.0258%,0.0025560000,0.0028116000,0.0033200000,0.0000515571,momentum_atr_estimate,0.0032813321,0.0035004500,0.0033261000,0.0030634000,0.8551%,-7.1106%,no,0.0032607093,0.30,not_placed,,0.0032813321,0.40,not_placed,,0.0033019550,0.30,not_placed,,0,rejected_origin_floor,0.0033380000,0.0030634000,0.0030702000
AKEUSDT,2026-07-25T22:21:13+08:00,2026-07-25T22:21:14+08:00,2026-07-25T22:24:13+08:00,0.0033197000,7.8350%,8.1758%,8.2852%,3271422.0000000000,189073.0000000000,3.4605x,0.0025560000,29.8787%,0.0025560000,0.0028116000,0.0033380000,0.0000527786,momentum_atr_estimate,0.0032984161,0.0035227250,0.0033380000,0.0030672000,0.5513%,-7.6061%,no,0.0032773046,0.30,not_placed,,0.0032984161,0.40,not_placed,,0.0033195275,0.30,not_placed,,0,rejected_origin_floor,0.0033469000,0.0030672000,0.0030830000
AKEUSDT,2026-07-25T22:24:33+08:00,2026-07-25T22:24:34+08:00,2026-07-25T22:27:33+08:00,0.0033323000,8.4733%,8.5404%,8.4662%,3506811.0000000000,176506.0000000000,3.9736x,0.0025560000,30.3717%,0.0025560000,0.0028116000,0.0033420000,0.0000527786,momentum_atr_estimate,0.0033024161,0.0035267250,0.0033584000,0.0030683000,0.7832%,-7.9225%,no,0.0032813046,0.30,not_placed,,0.0033024161,0.40,not_placed,,0.0033235275,0.30,not_placed,,0,rejected_origin_floor,0.0033720000,0.0030683000,0.0030772000
AKEUSDT,2026-07-25T22:27:56+08:00,2026-07-25T22:27:57+08:00,2026-07-25T22:30:56+08:00,0.0033506000,8.8175%,8.8034%,8.8635%,3964035.0000000000,82044.0000000000,9.6632x,0.0025560000,31.0876%,0.0025560000,0.0028116000,0.0033740000,0.0000525000,momentum_atr_estimate,0.0033346250,0.0035577500,0.0033720000,0.0030536000,0.6387%,-8.8641%,no,0.0033136250,0.30,not_placed,,0.0033346250,0.40,not_placed,,0.0033556250,0.30,not_placed,,0,rejected_origin_floor,0.0033985000,0.0030420000,0.0030506000
AKEUSDT,2026-07-25T22:31:21+08:00,2026-07-25T22:31:22+08:00,2026-07-25T22:34:21+08:00,0.0033643000,10.3122%,10.2074%,10.0235%,3254443.0000000000,169139.0000000000,3.8482x,0.0025560000,31.6236%,0.0025560000,0.0028116000,0.0033966000,0.0000544500,momentum_atr_estimate,0.0033557625,0.0035871750,0.0033985000,0.0030420000,1.0166%,-9.5800%,no,0.0033339825,0.30,not_placed,,0.0033557625,0.40,not_placed,,0.0033775425,0.30,not_placed,,0,rejected_origin_floor,0.0033985000,0.0030417000,0.0030456000
AKEUSDT,2026-07-25T22:34:26+08:00,2026-07-25T22:34:27+08:00,2026-07-25T22:37:26+08:00,0.0033726000,10.7368%,10.7077%,0.0119%,2430455.0000000000,147589.0000000000,3.2935x,0.0025560000,31.9484%,0.0025560000,0.0028116000,0.0033998000,0.0000544500,momentum_atr_estimate,0.0033589625,0.0035903750,0.0033719000,0.0030370000,-0.0208%,-9.9508%,no,0.0033371825,0.30,not_placed,,0.0033589625,0.40,not_placed,,0.0033807425,0.30,not_placed,,0,rejected_origin_floor,0.0033719000,0.0029973000,0.0030144000
AKEUSDT,2026-07-25T22:39:53+08:00,2026-07-25T22:39:54+08:00,2026-07-25T22:42:53+08:00,0.0033245000,10.2142%,10.2032%,10.2507%,4690184.0000000000,216721.0000000000,4.3283x,0.0025560000,30.0665%,0.0025560000,0.0028116000,0.0033998000,0.0000541000,momentum_atr_estimate,0.0033592250,0.0035891500,0.0033466000,0.0029989000,0.6648%,-9.7940%,no,0.0033375850,0.30,filled,2026-07-25T22:40:06+08:00,0.0033592250,0.40,unfilled,,0.0033808650,0.30,unfilled,,1,partial_filled,0.0033644000,0.0029989000,0.0030218000
AKEUSDT,2026-07-25T22:43:13+08:00,2026-07-25T22:43:14+08:00,2026-07-25T22:46:14+08:00,0.0033477000,11.1454%,11.1454%,11.3895%,5845680.0000000000,123235.0000000000,9.4870x,0.0025560000,30.9742%,0.0025560000,0.0028116000,0.0033998000,0.0000527500,momentum_atr_estimate,0.0033602375,0.0035844250,0.0033644000,0.0030116000,0.4988%,-10.0397%,no,0.0033391375,0.30,not_placed,,0.0033602375,0.40,not_placed,,0.0033813375,0.30,not_placed,,0,rejected_origin_floor,0.0033686000,0.0030116000,0.0030546000
AKEUSDT,2026-07-25T22:46:39+08:00,2026-07-25T22:46:40+08:00,2026-07-25T22:49:40+08:00,0.0033652000,11.2205%,11.2279%,11.2389%,1635143.0000000000,43111.0000000000,7.5857x,0.0025560000,31.6588%,0.0025560000,0.0028116000,0.0033998000,0.0000517929,momentum_atr_estimate,0.0033609554,0.0035810750,0.0033686000,0.0030236000,0.1010%,-10.1510%,no,0.0033402382,0.30,not_placed,,0.0033609554,0.40,not_placed,,0.0033816725,0.30,not_placed,,0,rejected_origin_floor,0.0033686000,0.0030236000,0.0031092000
AKEUSDT,2026-07-25T22:49:56+08:00,2026-07-25T22:49:57+08:00,2026-07-25T22:52:56+08:00,0.0033538000,9.4189%,9.3155%,9.7843%,3440841.0000000000,92605.0000000000,7.4312x,0.0025560000,31.2128%,0.0025560000,0.0028116000,0.0033998000,0.0000517929,momentum_atr_estimate,0.0033609554,0.0035810750,0.0033535000,0.0030593000,-0.0089%,-8.7811%,no,0.0033402382,0.30,not_placed,,0.0033609554,0.40,not_placed,,0.0033816725,0.30,not_placed,,0,rejected_origin_floor,0.0033733000,0.0030593000,0.0031377000
AKEUSDT,2026-07-25T22:53:19+08:00,2026-07-25T22:53:20+08:00,2026-07-25T22:56:19+08:00,0.0033704000,7.9945%,8.0395%,8.7542%,23561220.0000000000,289120.0000000000,16.2986x,0.0025560000,31.8623%,0.0025560000,0.0028116000,0.0033998000,0.0000524143,momentum_atr_estimate,0.0033604893,0.0035832500,0.0033643000,0.0031153000,-0.1810%,-7.5688%,no,0.0033395236,0.30,not_placed,,0.0033604893,0.40,not_placed,,0.0033814550,0.30,not_placed,,0,rejected_origin_floor,0.0033643000,0.0031153000,0.0031653000
AKEUSDT,2026-07-25T22:59:34+08:00,2026-07-25T22:59:35+08:00,2026-07-25T23:02:34+08:00,0.0034498000,9.3508%,9.4167%,8.9571%,6905030.0000000000,330228.0000000000,4.1820x,0.0025560000,34.9687%,0.0025560000,0.0028116000,0.0034869000,0.0000605286,momentum_atr_estimate,0.0034415036,0.0036987500,0.0033756000,0.0031019000,-2.1508%,-10.0846%,no,0.0034172921,0.30,not_placed,,0.0034415036,0.40,not_placed,,0.0034657150,0.30,not_placed,,0,rejected_origin_floor,0.0033756000,0.0031019000,0.0031926000
AKEUSDT,2026-07-25T23:09:18+08:00,2026-07-25T23:09:19+08:00,2026-07-25T23:12:18+08:00,0.0032647000,5.1128%,4.8664%,4.9372%,3262519.0000000000,115910.0000000000,5.6294x,0.0025560000,27.7269%,0.0025560000,0.0028116000,0.0034869000,0.0000863214,momentum_atr_estimate,0.0034221589,0.0037890250,0.0032750000,0.0030447000,0.3155%,-6.7388%,no,0.0033876304,0.30,unfilled,,0.0034221589,0.40,unfilled,,0.0034566875,0.30,unfilled,,0,no_fill,0.0032750000,0.0030447000,0.0030690000
AKEUSDT,2026-07-25T23:13:30+08:00,2026-07-25T23:13:31+08:00,2026-07-25T23:16:30+08:00,0.0032109000,5.1857%,5.2099%,4.9691%,6799828.0000000000,225844.0000000000,6.0217x,0.0025560000,25.6221%,0.0025560000,0.0028116000,0.0034869000,0.0000888500,momentum_atr_estimate,0.0034202625,0.0037978750,0.0032442000,0.0030456000,1.0371%,-5.1481%,no,0.0033847225,0.30,unfilled,,0.0034202625,0.40,unfilled,,0.0034558025,0.30,unfilled,,0,no_fill,0.0032442000,0.0030450000,0.0030530000
AKEUSDT,2026-07-25T23:16:51+08:00,2026-07-25T23:16:52+08:00,2026-07-25T23:19:51+08:00,0.0032344000,6.1956%,6.0216%,5.8654%,3399651.0000000000,176350.0000000000,3.8556x,0.0025560000,26.5415%,0.0025560000,0.0028116000,0.0034869000,0.0000902357,momentum_atr_estimate,0.0034192232,0.0038027250,0.0032299000,0.0030461000,-0.1391%,-5.8218%,no,0.0033831289,0.30,unfilled,,0.0034192232,0.40,unfilled,,0.0034553175,0.30,unfilled,,0,no_fill,0.0032424000,0.0030070000,0.0030392000
AKEUSDT,2026-07-25T23:20:21+08:00,2026-07-25T23:20:22+08:00,2026-07-25T23:23:21+08:00,0.0032424000,6.2211%,6.3012%,6.1168%,4708077.0000000000,54607.0000000000,17.2435x,0.0025560000,26.8545%,0.0025560000,0.0028116000,0.0034869000,0.0000902357,momentum_atr_estimate,0.0034192232,0.0038027250,0.0032419000,0.0030070000,-0.0154%,-7.2601%,no,0.0033831289,0.30,unfilled,,0.0034192232,0.40,unfilled,,0.0034553175,0.30,unfilled,,0,no_fill,0.0032587000,0.0030070000,0.0030247000
AKEUSDT,2026-07-25T23:24:48+08:00,2026-07-25T23:24:49+08:00,2026-07-25T23:27:48+08:00,0.0032566000,7.4856%,7.5282%,7.5780%,1825744.0000000000,113733.0000000000,3.2106x,0.0025560000,27.4100%,0.0025560000,0.0028116000,0.0034869000,0.0000870286,momentum_atr_estimate,0.0034216286,0.0037915000,0.0032552000,0.0030218000,-0.0430%,-7.2100%,no,0.0033868171,0.30,unfilled,,0.0034216286,0.40,unfilled,,0.0034564400,0.30,unfilled,,0,no_fill,0.0032552000,0.0030218000,0.0030500000
AKEUSDT,2026-07-25T23:29:47+08:00,2026-07-25T23:29:48+08:00,2026-07-25T23:32:47+08:00,0.0032279000,5.8050%,5.7080%,5.6457%,1229239.0000000000,65866.0000000000,3.7325x,0.0025560000,26.2872%,0.0025560000,0.0028116000,0.0034869000,0.0000872857,momentum_atr_estimate,0.0034214357,0.0037924000,0.0032338000,0.0030206000,0.1828%,-6.4221%,no,0.0033865214,0.30,unfilled,,0.0034214357,0.40,unfilled,,0.0034563500,0.30,unfilled,,0,no_fill,0.0032338000,0.0030206000,0.0030413000
AKEUSDT,2026-07-25T23:33:03+08:00,2026-07-25T23:33:04+08:00,2026-07-25T23:36:03+08:00,0.0032222000,6.4697%,6.3924%,6.4873%,9246104.0000000000,132588.0000000000,13.9471x,0.0025560000,26.0642%,0.0025560000,0.0028116000,0.0033350000,0.0000868786,momentum_atr_estimate,0.0032698411,0.0036390750,0.0032255000,0.0030248000,0.1024%,-6.1262%,no,0.0032350896,0.30,unfilled,,0.0032698411,0.40,unfilled,,0.0033045925,0.30,unfilled,,0,no_fill,0.0032255000,0.0030248000,0.0030273000
AKEUSDT,2026-07-25T23:38:40+08:00,2026-07-25T23:38:41+08:00,2026-07-25T23:41:41+08:00,0.0032008000,6.0289%,5.8851%,0.8126%,1979077.0000000000,101223.0000000000,3.9103x,0.0025560000,25.2269%,0.0025560000,0.0028116000,0.0032750000,0.0000869286,momentum_atr_estimate,0.0032098036,0.0035792500,0.0031927000,0.0030065000,-0.2531%,-6.0704%,no,0.0031750321,0.30,not_placed,,0.0032098036,0.40,not_placed,,0.0032445750,0.30,not_placed,,0,rejected_origin_floor,0.0031927000,0.0030065000,0.0030573000
AKEUSDT,2026-07-25T23:55:41+08:00,2026-07-25T23:55:42+08:00,2026-07-25T23:58:41+08:00,0.0031903000,5.1724%,5.3078%,4.8062%,10858232.0000000000,393385.0000000000,5.5204x,0.0025560000,24.8161%,0.0025560000,0.0028116000,0.0032730000,0.0000915857,momentum_atr_estimate,0.0032043107,0.0035935500,0.0032364000,0.0030304000,1.4450%,-5.0121%,no,0.0031676764,0.30,not_placed,,0.0032043107,0.40,not_placed,,0.0032409450,0.30,not_placed,,0,rejected_origin_floor,0.0032364000,0.0030100000,0.0030303000
AKEUSDT,2026-07-26T00:07:13+08:00,2026-07-26T00:07:14+08:00,2026-07-26T00:10:13+08:00,0.0032554000,5.9563%,5.7017%,6.3509%,6020273.0000000000,281049.0000000000,4.2841x,0.0025560000,27.3631%,0.0025560000,0.0028116000,0.0032781000,0.0000893214,momentum_atr_estimate,0.0032111089,0.0035907250,0.0032660000,0.0030601000,0.3256%,-5.9993%,no,0.0031753804,0.30,not_placed,,0.0032111089,0.40,not_placed,,0.0032468375,0.30,not_placed,,0,rejected_origin_floor,0.0032660000,0.0030517000,0.0030540000
AKEUSDT,2026-07-26T00:17:16+08:00,2026-07-26T00:17:17+08:00,2026-07-26T00:20:16+08:00,0.0032334000,5.1752%,4.9737%,4.5528%,7383649.0000000000,252767.0000000000,5.8423x,0.0025560000,26.5023%,0.0025560000,0.0028116000,0.0032781000,0.0000703429,momentum_atr_estimate,0.0032253429,0.0035243000,0.0032170000,0.0030559000,-0.5072%,-5.4896%,no,0.0031972057,0.30,not_placed,,0.0032253429,0.40,not_placed,,0.0032534800,0.30,not_placed,,0,rejected_origin_floor,0.0032170000,0.0030544000,0.0030699000
AKEUSDT,2026-07-26T00:34:33+08:00,2026-07-26T00:34:34+08:00,2026-07-26T00:37:34+08:00,0.0032178000,5.0333%,5.0847%,0.5500%,4415017.0000000000,77075.0000000000,11.4564x,0.0025747000,24.9777%,0.0025560000,0.0028116000,0.0032781000,0.0000690714,momentum_atr_estimate,0.0032262964,0.0035198500,0.0032464000,0.0030547000,0.8888%,-5.0687%,no,0.0031986679,0.30,not_placed,,0.0032262964,0.40,not_placed,,0.0032539250,0.30,not_placed,,0,rejected_origin_floor,0.0032464000,0.0030503000,0.0030738000
AKEUSDT,2026-07-26T00:38:54+08:00,2026-07-26T00:38:55+08:00,2026-07-26T00:41:55+08:00,0.0032265000,5.4619%,5.4825%,5.1731%,1345827.0000000000,75794.0000000000,3.5513x,0.0025863000,24.7535%,0.0025560000,0.0028116000,0.0032765000,0.0000659786,momentum_atr_estimate,0.0032270161,0.0035074250,0.0032409000,0.0030527000,0.4463%,-5.3866%,no,0.0032006246,0.30,not_placed,,0.0032270161,0.40,not_placed,,0.0032534075,0.30,not_placed,,0,rejected_origin_floor,0.0032409000,0.0030527000,0.0030797000
AKEUSDT,2026-07-26T00:51:07+08:00,2026-07-26T00:51:08+08:00,2026-07-26T00:54:08+08:00,0.0032074000,5.0367%,4.9954%,0.0999%,1425404.0000000000,93517.0000000000,3.0484x,0.0026427000,21.3683%,0.0025560000,0.0028116000,0.0032464000,0.0000575643,momentum_atr_estimate,0.0032032268,0.0034478750,0.0032111000,0.0030514000,0.1154%,-4.8638%,no,0.0031802011,0.30,not_placed,,0.0032032268,0.40,not_placed,,0.0032262525,0.30,not_placed,,0,rejected_origin_floor,0.0032111000,0.0030514000,0.0031027000
AKEUSDT,2026-07-27T03:49:07+08:00,2026-07-27T03:49:08+08:00,2026-07-27T03:52:08+08:00,0.0033941000,5.0577%,0.0383%,0.0973%,3587517.0000000000,45676.0000000000,15.7085x,0.0028100000,20.7865%,0.0028100000,0.0030910000,0.0033941000,0.0000239071,momentum_atr_estimate,0.0033761696,0.0034777750,0.0033989000,0.0032188000,0.1414%,-5.1648%,no,0.0033666068,0.30,not_placed,,0.0033761696,0.40,not_placed,,0.0033857325,0.30,not_placed,,0,rejected_origin_floor,0.0033989000,0.0032055000,0.0033838000
AKEUSDT,2026-07-27T03:54:55+08:00,2026-07-27T03:54:56+08:00,2026-07-27T03:58:02+08:00,0.0033740000,5.0305%,-0.0296%,5.0763%,3511763.0000000000,59904.0000000000,11.7246x,0.0028100000,20.0712%,0.0028100000,0.0030910000,0.0033740000,0.0000233000,momentum_atr_estimate,0.0033565250,0.0034555500,0.0033884000,0.0031954000,0.4268%,-5.2934%,no,0.0033472050,0.30,not_placed,,0.0033565250,0.40,not_placed,,0.0033658450,0.30,not_placed,,0,rejected_origin_floor,0.0033900000,0.0031924000,0.0033733000
AKEUSDT,2026-07-27T04:05:47+08:00,2026-07-27T04:05:48+08:00,2026-07-27T04:08:47+08:00,0.0033946000,6.1277%,0.0472%,-0.0883%,2500903.0000000000,92149.0000000000,5.4280x,0.0028100000,20.8043%,0.0028100000,0.0030910000,0.0033946000,0.0000239643,momentum_atr_estimate,0.0033766268,0.0034784750,0.0033955000,0.0031902000,0.0265%,-6.0213%,no,0.0033670411,0.30,not_placed,,0.0033766268,0.40,not_placed,,0.0033862125,0.30,not_placed,,0,rejected_origin_floor,0.0033955000,0.0031902000,0.0033808000
AKEUSDT,2026-07-27T04:26:03+08:00,2026-07-27T04:26:04+08:00,2026-07-27T04:29:04+08:00,0.0033787000,6.1316%,0.2254%,0.1185%,1172759.0000000000,74616.0000000000,3.1435x,0.0028100000,20.2384%,0.0028100000,0.0030910000,0.0033787000,0.0000246571,momentum_atr_estimate,0.0033602071,0.0034650000,0.0033828000,0.0031865000,0.1213%,-5.6886%,no,0.0033503443,0.30,not_placed,,0.0033602071,0.40,not_placed,,0.0033700700,0.30,not_placed,,0,rejected_origin_floor,0.0033828000,0.0031865000,0.0033770000
AKEUSDT,2026-07-27T04:32:53+08:00,2026-07-27T04:32:54+08:00,2026-07-27T04:35:56+08:00,0.0033861000,5.2925%,0.0355%,0.1745%,1737657.0000000000,102210.0000000000,3.4002x,0.0028100000,20.5018%,0.0028100000,0.0030910000,0.0033864000,0.0000255429,momentum_atr_estimate,0.0033672429,0.0034758000,0.0034077000,0.0032008000,0.6379%,-5.4724%,no,0.0033570257,0.30,not_placed,,0.0033672429,0.40,not_placed,,0.0033774600,0.30,not_placed,,0,rejected_origin_floor,0.0037578000,0.0032008000,0.0037118000
AKEUSDT,2026-07-27T05:08:54+08:00,2026-07-27T05:08:55+08:00,2026-07-27T05:11:54+08:00,0.0034620000,9.5951%,-0.3827%,-0.4085%,10709679.0000000000,245673.0000000000,8.7186x,0.0028100000,23.2028%,0.0028100000,0.0030910000,0.0034651000,0.0000274714,momentum_atr_estimate,0.0034444964,0.0035612500,0.0034653000,0.0034037000,0.0953%,-1.6840%,no,0.0034335079,0.30,not_placed,,0.0034444964,0.40,not_placed,,0.0034554850,0.30,not_placed,,0,rejected_origin_floor,0.0034653000,0.0033807000,0.0033951000
AKEUSDT,2026-07-27T05:47:46+08:00,2026-07-27T05:47:47+08:00,2026-07-27T05:50:46+08:00,0.0035413000,12.4436%,0.3571%,0.6023%,5060035.0000000000,228104.0000000000,4.4366x,0.0028100000,26.0249%,0.0028100000,0.0030910000,0.0035417000,0.0000265214,momentum_atr_estimate,0.0035218089,0.0036345250,0.0036885000,0.0035406000,4.1567%,-0.0198%,yes,0.0035112004,0.30,not_placed,,0.0035218089,0.40,not_placed,,0.0035324175,0.30,not_placed,,0,rejected_origin_floor,0.0036885000,0.0031673000,0.0035762000
AKEUSDT,2026-07-27T05:53:55+08:00,2026-07-27T05:53:56+08:00,2026-07-27T05:56:55+08:00,0.0035805000,13.2890%,-0.0865%,-0.0419%,4850810.0000000000,211810.0000000000,4.5803x,0.0028100000,27.4199%,0.0028100000,0.0030910000,0.0035805000,0.0000262929,momentum_atr_estimate,0.0035607804,0.0036725250,0.0036156000,0.0035718000,0.9803%,-0.2430%,no,0.0035502632,0.30,not_placed,,0.0035607804,0.40,not_placed,,0.0035712975,0.30,not_placed,,0,rejected_origin_floor,0.0036190000,0.0031638000,0.0036081000
AKEUSDT,2026-07-27T06:17:38+08:00,2026-07-27T06:17:39+08:00,2026-07-27T06:20:38+08:00,0.0043088000,5.2956%,10.8944%,15.7533%,606763903.0000000000,9103004.0000000000,13.3311x,0.0028100000,53.3381%,0.0028100000,0.0030910000,0.0043533000,0.0000246857,momentum_atr_estimate,0.0043347857,0.0044397000,0.0069000000,0.0029860000,60.1374%,-30.7000%,yes,0.0043249114,0.30,filled,2026-07-27T06:17:39+08:00,0.0043347857,0.40,filled,2026-07-27T06:17:39+08:00,0.0043446600,0.30,filled,2026-07-27T06:17:39+08:00,3,all_filled,0.0069000000,0.0029860000,0.0035818000
AKEUSDT,2026-07-27T06:36:41+08:00,2026-07-27T06:36:42+08:00,2026-07-27T06:39:41+08:00,0.0054253000,5.7460%,6.9720%,12.0328%,140331249.0000000000,8101027.0000000000,3.4645x,0.0028100000,93.0712%,0.0028100000,0.0030910000,0.0054778000,0.0000211429,momentum_atr_estimate,0.0054619429,0.0055518000,0.0059550000,0.0046293000,9.7635%,-14.6720%,yes,0.0054534857,0.30,filled,2026-07-27T06:36:43+08:00,0.0054619429,0.40,filled,2026-07-27T06:36:43+08:00,0.0054704000,0.30,filled,2026-07-27T06:36:43+08:00,3,all_filled,0.0059550000,0.0046293000,0.0048141000
AKEUSDT,2026-07-27T09:25:00+08:00,2026-07-27T09:25:01+08:00,2026-07-27T09:28:00+08:00,0.0041831000,32.4562%,-0.2290%,-0.4498%,8292863.0000000000,526691.0000000000,3.1490x,0.0028100000,48.8648%,0.0028100000,0.0030910000,0.0041858000,0.0000296857,momentum_atr_estimate,0.0041635357,0.0042897000,0.0041971000,0.0031507000,0.3347%,-24.6803%,no,0.0041516614,0.30,not_placed,,0.0041635357,0.40,not_placed,,0.0041754100,0.30,not_placed,,0,rejected_origin_floor,0.0041971000,0.0031507000,0.0041349000
AKEUSDT,2026-07-27T11:05:30+08:00,2026-07-27T11:05:31+08:00,2026-07-27T11:08:30+08:00,0.0045498000,5.6447%,5.3121%,11.1198%,292218821.0000000000,8929115.0000000000,6.5453x,0.0028126000,61.7649%,0.0028100000,0.0030910000,0.0045499000,0.0000606071,momentum_atr_estimate,0.0045044446,0.0047620250,0.0045500000,0.0043325000,0.0044%,-4.7760%,no,0.0044802018,0.30,not_placed,,0.0045044446,0.40,not_placed,,0.0045286875,0.30,not_placed,,0,rejected_origin_floor,0.0046000000,0.0043325000,0.0044709000
AKEUSDT,2026-07-27T12:35:36+08:00,2026-07-27T12:35:37+08:00,2026-07-27T12:38:36+08:00,0.0043112000,26.7292%,-0.0441%,0.1324%,6048256.0000000000,317700.0000000000,3.8075x,0.0030717000,40.3522%,0.0028100000,0.0030910000,0.0043170000,0.0000312357,momentum_atr_estimate,0.0042935732,0.0044263250,0.0043626000,0.0034058000,1.1922%,-21.0011%,no,0.0042810789,0.30,not_placed,,0.0042935732,0.40,not_placed,,0.0043060675,0.30,not_placed,,0,rejected_origin_floor,0.0043815000,0.0034058000,0.0043439000
AKEUSDT,2026-07-27T12:39:52+08:00,2026-07-27T12:39:53+08:00,2026-07-27T12:42:52+08:00,0.0043442000,22.8980%,0.3187%,-0.0322%,11147612.0000000000,170206.0000000000,13.0990x,0.0030717000,41.4266%,0.0028100000,0.0030910000,0.0043616000,0.0000590500,momentum_atr_estimate,0.0043173125,0.0045682750,0.0043815000,0.0034400000,0.8586%,-20.8140%,no,0.0042936925,0.30,not_placed,,0.0043173125,0.40,not_placed,,0.0043409325,0.30,not_placed,,0,rejected_origin_floor,0.0043815000,0.0034400000,0.0043008000
AKEUSDT,2026-07-27T12:42:58+08:00,2026-07-27T12:42:59+08:00,2026-07-27T12:45:58+08:00,0.0043397000,25.0634%,0.1523%,-0.0346%,2375320.0000000000,143018.0000000000,3.3217x,0.0030717000,41.2801%,0.0028100000,0.0030910000,0.0043397000,0.0000775857,momentum_atr_estimate,0.0042815107,0.0046112500,0.0043483000,0.0034811000,0.1982%,-19.7848%,no,0.0042504764,0.30,not_placed,,0.0042815107,0.40,not_placed,,0.0043125450,0.30,not_placed,,0,rejected_origin_floor,0.0043544000,0.0034811000,0.0043307000
AKEUSDT,2026-07-27T13:29:51+08:00,2026-07-27T13:29:52+08:00,2026-07-27T13:32:51+08:00,0.0042798000,24.9759%,0.2107%,0.1521%,5574729.0000000000,175340.0000000000,6.3588x,0.0030717000,39.3300%,0.0028100000,0.0030910000,0.0042798000,0.0001169429,momentum_atr_estimate,0.0041920929,0.0046891000,0.0042799000,0.0033869000,0.0023%,-20.8631%,no,0.0041453157,0.30,not_placed,,0.0041920929,0.40,not_placed,,0.0042388700,0.30,not_placed,,0,rejected_origin_floor,0.0042799000,0.0033869000,0.0042600000
AKEUSDT,2026-07-27T13:34:00+08:00,2026-07-27T13:34:01+08:00,2026-07-27T13:37:00+08:00,0.0042495000,23.9933%,-0.1340%,-0.1809%,4005555.0000000000,102346.0000000000,7.8275x,0.0030717000,38.3436%,0.0028100000,0.0030910000,0.0042532000,0.0001202071,momentum_atr_estimate,0.0041630446,0.0046739250,0.0042750000,0.0034099000,0.6001%,-19.7576%,no,0.0041149618,0.30,not_placed,,0.0041630446,0.40,not_placed,,0.0042111275,0.30,not_placed,,0,rejected_origin_floor,0.0042750000,0.0034099000,0.0042546000
AKEUSDT,2026-07-27T13:39:03+08:00,2026-07-27T13:39:04+08:00,2026-07-27T13:42:03+08:00,0.0042601000,22.6140%,0.1199%,0.1669%,2266380.0000000000,146570.0000000000,3.0926x,0.0030717000,38.6887%,0.0028100000,0.0030910000,0.0042642000,0.0001225000,momentum_atr_estimate,0.0041723250,0.0046929500,0.0043333000,0.0034715000,1.7183%,-18.5113%,no,0.0041233250,0.30,not_placed,,0.0041723250,0.40,not_placed,,0.0042213250,0.30,not_placed,,0,rejected_origin_floor,0.0043333000,0.0034715000,0.0042791000
AKEUSDT,2026-07-27T13:47:43+08:00,2026-07-27T13:47:44+08:00,2026-07-27T13:50:43+08:00,0.0042937000,21.6415%,-0.2208%,-0.3065%,3480482.0000000000,128758.0000000000,5.4062x,0.0030717000,39.7825%,0.0028100000,0.0030910000,0.0042967000,0.0001081429,momentum_atr_estimate,0.0042155929,0.0046752000,0.0043043000,0.0035413000,0.2469%,-17.5233%,no,0.0041723357,0.30,not_placed,,0.0042155929,0.40,not_placed,,0.0042588500,0.30,not_placed,,0,rejected_origin_floor,0.0043043000,0.0035413000,0.0042528000
AKEUSDT,2026-07-27T13:58:53+08:00,2026-07-27T13:58:54+08:00,2026-07-27T14:01:53+08:00,0.0042537000,17.8049%,0.0871%,0.0447%,2229166.0000000000,119375.0000000000,3.7347x,0.0030717000,38.4803%,0.0028100000,0.0030910000,0.0042554000,0.0000864071,momentum_atr_estimate,0.0041905946,0.0045578250,0.0042908000,0.0035986000,0.8722%,-15.4007%,no,0.0041560318,0.30,not_placed,,0.0041905946,0.40,not_placed,,0.0042251575,0.30,not_placed,,0,rejected_origin_floor,0.0042908000,0.0035597000,0.0042405000
AKEUSDT,2026-07-27T14:29:44+08:00,2026-07-27T14:29:45+08:00,2026-07-27T14:32:44+08:00,0.0047296000,9.6363%,9.8604%,9.2766%,16948250.0000000000,542696.0000000000,6.2459x,0.0029860000,58.3925%,0.0028100000,0.0030910000,0.0069000000,0.0004701143,momentum_atr_estimate,0.0065474143,0.0085454000,0.0043132000,0.0042538000,-8.8041%,-10.0600%,no,0.0063593686,0.30,unfilled,,0.0065474143,0.40,unfilled,,0.0067354600,0.30,unfilled,,0,no_fill,0.0046664000,0.0042088000,0.0042481000
AKEUSDT,2026-07-27T14:36:31+08:00,2026-07-27T14:36:32+08:00,2026-07-27T14:39:31+08:00,0.0051368000,20.4832%,20.3843%,20.9598%,16088243.0000000000,173950.0000000000,18.4975x,0.0029860000,72.0295%,0.0028100000,0.0030910000,0.0069000000,0.0005889429,momentum_atr_estimate,0.0064582929,0.0089613000,0.0053083000,0.0042451000,3.3387%,-17.3591%,no,0.0062227157,0.30,unfilled,,0.0064582929,0.40,unfilled,,0.0066938700,0.30,unfilled,,0,no_fill,0.0053083000,0.0042451000,0.0043085000
AKEUSDT,2026-07-27T14:44:54+08:00,2026-07-27T14:44:55+08:00,2026-07-27T14:47:54+08:00,0.0049033000,14.9417%,14.7400%,14.4588%,10246609.0000000000,158206.0000000000,12.9535x,0.0029860000,64.2096%,0.0028100000,0.0030910000,0.0069000000,0.0006116571,momentum_atr_estimate,0.0064412571,0.0090408000,0.0047321000,0.0042625000,-3.4915%,-13.0687%,no,0.0061965943,0.30,unfilled,,0.0064412571,0.40,unfilled,,0.0066859200,0.30,unfilled,,0,no_fill,0.0047321000,0.0042590000,0.0042599000
AKEUSDT,2026-07-27T14:54:29+08:00,2026-07-27T14:54:30+08:00,2026-07-27T14:57:29+08:00,0.0042790000,5.0061%,0.1006%,0.2906%,2608566.0000000000,111727.0000000000,4.6695x,0.0029860000,43.3021%,0.0028100000,0.0030910000,0.0059550000,0.0006941357,momentum_atr_estimate,0.0054343982,0.0083844750,0.0042965000,0.0039632000,0.4090%,-7.3802%,no,0.0051567439,0.30,unfilled,,0.0054343982,0.40,unfilled,,0.0057120525,0.30,unfilled,,0,no_fill,0.0042965000,0.0039632000,0.0042657000
AKEUSDT,2026-07-27T16:54:12+08:00,2026-07-27T16:54:13+08:00,2026-07-27T16:57:12+08:00,0.0043874000,5.4968%,0.2445%,-0.1956%,7603524.0000000000,435069.0000000000,3.4953x,0.0029860000,46.9324%,0.0029860000,0.0032846000,0.0044728000,0.0002809786,momentum_atr_estimate,0.0042620661,0.0054562250,0.0044030000,0.0041407000,0.3556%,-5.6229%,no,0.0041496746,0.30,not_placed,,0.0042620661,0.40,not_placed,,0.0043744575,0.30,not_placed,,0,rejected_origin_floor,0.0044030000,0.0041407000,0.0043827000
AKEUSDT,2026-07-27T17:14:32+08:00,2026-07-27T17:14:33+08:00,2026-07-27T17:17:32+08:00,0.0043568000,7.4983%,0.0046%,0.0597%,2733197.0000000000,108264.0000000000,5.0491x,0.0029860000,45.9076%,0.0029860000,0.0032846000,0.0044728000,0.0002724500,momentum_atr_estimate,0.0042684625,0.0054263750,0.0043671000,0.0040978000,0.2364%,-5.9447%,no,0.0041594825,0.30,not_placed,,0.0042684625,0.40,not_placed,,0.0043774425,0.30,not_placed,,0,rejected_origin_floor,0.0043671000,0.0040978000,0.0043442000
AKEUSDT,2026-07-27T19:09:07+08:00,2026-07-27T19:09:08+08:00,2026-07-27T19:12:07+08:00,0.0044803000,5.2949%,5.2826%,5.2356%,5991633.0000000000,200883.0000000000,5.9653x,0.0029860000,50.0435%,0.0029860000,0.0032846000,0.0046000000,0.0001461000,momentum_atr_estimate,0.0044904250,0.0051113500,0.0044908000,0.0042411000,0.2344%,-5.3389%,no,0.0044319850,0.30,not_placed,,0.0044904250,0.40,not_placed,,0.0045488650,0.30,not_placed,,0,rejected_origin_floor,0.0045098000,0.0042411000,0.0042584000
AKEUSDT,2026-07-27T19:12:50+08:00,2026-07-27T19:12:51+08:00,2026-07-27T19:15:50+08:00,0.0045063000,5.3662%,5.3612%,5.1424%,2727632.0000000000,149836.0000000000,3.6408x,0.0029860000,50.9143%,0.0029860000,0.0032846000,0.0046000000,0.0001504929,momentum_atr_estimate,0.0044871304,0.0051267250,0.0045365000,0.0042443000,0.6702%,-5.8141%,no,0.0044269332,0.30,not_placed,,0.0044871304,0.40,not_placed,,0.0045473275,0.30,not_placed,,0,rejected_origin_floor,0.0045365000,0.0042361000,0.0042409000
AKEUSDT,2026-07-27T19:18:39+08:00,2026-07-27T19:18:40+08:00,2026-07-27T19:21:39+08:00,0.0044846000,5.9888%,5.9713%,5.7539%,6523793.0000000000,230716.0000000000,5.6553x,0.0029860000,50.1875%,0.0029860000,0.0032846000,0.0046000000,0.0001510929,momentum_atr_estimate,0.0044866804,0.0051288250,0.0045055000,0.0042139000,0.4660%,-6.0362%,no,0.0044262432,0.30,not_placed,,0.0044866804,0.40,not_placed,,0.0045471175,0.30,not_placed,,0,rejected_origin_floor,0.0045055000,0.0042038000,0.0042048000
AKEUSDT,2026-07-27T19:22:06+08:00,2026-07-27T19:22:07+08:00,2026-07-27T19:25:06+08:00,0.0044757000,5.9212%,5.9864%,5.5092%,8451656.0000000000,227964.0000000000,7.4149x,0.0029860000,49.8895%,0.0029860000,0.0032846000,0.0046000000,0.0001631143,momentum_atr_estimate,0.0044776643,0.0051709000,0.0044202000,0.0041724000,-1.2400%,-6.7766%,no,0.0044124186,0.30,not_placed,,0.0044776643,0.40,not_placed,,0.0045429100,0.30,not_placed,,0,rejected_origin_floor,0.0044202000,0.0041724000,0.0041827000
AKEUSDT,2026-07-27T21:07:30+08:00,2026-07-27T21:07:31+08:00,2026-07-27T21:10:30+08:00,0.0048881000,9.6109%,10.0725%,10.3359%,331588386.0000000000,555269.0000000000,119.4334x,0.0029860000,63.7006%,0.0029860000,0.0032846000,0.0048960000,0.0000885143,momentum_atr_estimate,0.0048296143,0.0052058000,0.0049343000,0.0044877000,0.9452%,-8.1913%,no,0.0047942086,0.30,not_placed,,0.0048296143,0.40,not_placed,,0.0048650200,0.30,not_placed,,0,rejected_origin_floor,0.0049343000,0.0044877000,0.0045420000
AKEUSDT,2026-07-27T21:53:03+08:00,2026-07-27T21:53:04+08:00,2026-07-27T21:56:03+08:00,0.0046399000,9.1125%,0.0604%,-0.1571%,2147392.0000000000,126660.0000000000,3.3908x,0.0029860000,55.3885%,0.0029860000,0.0032846000,0.0046400000,0.0000728500,momentum_atr_estimate,0.0045853625,0.0048949750,0.0046986000,0.0042452000,1.2651%,-8.5066%,no,0.0045562225,0.30,not_placed,,0.0045853625,0.40,not_placed,,0.0046145025,0.30,not_placed,,0,rejected_origin_floor,0.0047135000,0.0042434000,0.0047068000
AKEUSDT,2026-07-27T22:09:06+08:00,2026-07-27T22:09:07+08:00,2026-07-27T22:12:06+08:00,0.0047188000,11.3266%,0.1826%,0.2805%,1689968.0000000000,109342.0000000000,3.0912x,0.0029860000,58.0308%,0.0029860000,0.0032846000,0.0047188000,0.0000733786,momentum_atr_estimate,0.0046637661,0.0049756250,0.0047982000,0.0047148000,1.6826%,-0.0848%,no,0.0046344146,0.30,not_placed,,0.0046637661,0.40,not_placed,,0.0046931175,0.30,not_placed,,0,rejected_origin_floor,0.0048480000,0.0047148000,0.0048330000
AKEUSDT,2026-07-27T22:15:44+08:00,2026-07-27T22:15:45+08:00,2026-07-27T22:18:44+08:00,0.0052157000,5.8424%,6.6300%,8.3962%,221861217.0000000000,2866125.0000000000,15.4816x,0.0029860000,74.6718%,0.0029860000,0.0032846000,0.0052401000,0.0000822429,momentum_atr_estimate,0.0051784179,0.0055279500,0.0053886000,0.0048769000,3.3150%,-6.4958%,no,0.0051455207,0.30,not_placed,,0.0051784179,0.40,not_placed,,0.0052113150,0.30,not_placed,,0,rejected_origin_floor,0.0053886000,0.0046001000,0.0048289000
AKEUSDT,2026-07-27T23:59:32+08:00,2026-07-27T23:59:33+08:00,2026-07-28T00:02:32+08:00,0.0043771000,8.6992%,9.0295%,8.5402%,6169352.0000000000,358425.0000000000,3.4425x,0.0029860000,46.5874%,0.0029860000,0.0032846000,0.0044500000,0.0000850571,momentum_atr_estimate,0.0043862071,0.0047477000,0.0040420000,0.0039544000,-7.6558%,-9.6571%,no,0.0043521843,0.30,not_placed,,0.0043862071,0.40,not_placed,,0.0044202300,0.30,not_placed,,0,rejected_origin_floor,0.0040420000,0.0039544000,0.0040047000
AKEUSDT,2026-07-28T00:25:48+08:00,2026-07-28T00:25:49+08:00,2026-07-28T00:28:48+08:00,0.0043608000,8.0851%,8.0636%,8.5397%,3132694.0000000000,182727.0000000000,3.4288x,0.0029860000,46.0415%,0.0029860000,0.0032846000,0.0045290000,0.0001076000,momentum_atr_estimate,0.0044483000,0.0049056000,0.0043744000,0.0039505000,0.3119%,-9.4088%,no,0.0044052600,0.30,unfilled,,0.0044483000,0.40,unfilled,,0.0044913400,0.30,unfilled,,0,no_fill,0.0043890000,0.0039338000,0.0039794000
AKEUSDT,2026-07-28T00:32:09+08:00,2026-07-28T00:32:10+08:00,2026-07-28T00:35:09+08:00,0.0043795000,9.8004%,9.5587%,9.0214%,4837785.0000000000,267708.0000000000,3.6142x,0.0029860000,46.6678%,0.0029860000,0.0032846000,0.0045290000,0.0001121214,momentum_atr_estimate,0.0044449089,0.0049214250,0.0044596000,0.0039474000,1.8290%,-9.8664%,no,0.0044000604,0.30,filled,2026-07-28T00:32:34+08:00,0.0044449089,0.40,filled,2026-07-28T00:32:34+08:00,0.0044897575,0.30,unfilled,,2,partial_filled,0.0044596000,0.0039474000,0.0039943000
AKEUSDT,2026-07-28T00:44:18+08:00,2026-07-28T00:44:19+08:00,2026-07-28T00:47:18+08:00,0.0044396000,12.5859%,12.5602%,13.2378%,5379496.0000000000,242321.0000000000,4.4400x,0.0029860000,48.6805%,0.0029860000,0.0032846000,0.0044899000,0.0001057643,momentum_atr_estimate,0.0044105768,0.0048600750,0.0044424000,0.0039414000,0.0631%,-11.2217%,no,0.0043682711,0.30,not_placed,,0.0044105768,0.40,not_placed,,0.0044528825,0.30,not_placed,,0,rejected_origin_floor,0.0044424000,0.0039414000,0.0040073000
AKEUSDT,2026-07-28T01:35:00+08:00,2026-07-28T01:35:01+08:00,2026-07-28T01:38:00+08:00,0.0045262000,5.2335%,0.3859%,0.1482%,4019739.0000000000,244087.0000000000,3.2937x,0.0029860000,51.5807%,0.0029860000,0.0032846000,0.0045293000,0.0000681786,momentum_atr_estimate,0.0044781661,0.0047679250,0.0045890000,0.0045215000,1.3875%,-0.1038%,no,0.0044508946,0.30,not_placed,,0.0044781661,0.40,not_placed,,0.0045054375,0.30,not_placed,,0,rejected_origin_floor,0.0045996000,0.0042346000,0.0045761000
AKEUSDT,2026-07-28T01:58:47+08:00,2026-07-28T01:58:48+08:00,2026-07-28T02:01:47+08:00,0.0045936000,6.8155%,-0.2887%,-0.2064%,5636158.0000000000,373656.0000000000,3.0168x,0.0029860000,53.8379%,0.0029860000,0.0032846000,0.0045949000,0.0000623929,momentum_atr_estimate,0.0045481054,0.0048132750,0.0046199000,0.0042960000,0.5725%,-6.4786%,no,0.0045231482,0.30,not_placed,,0.0045481054,0.40,not_placed,,0.0045730625,0.30,not_placed,,0,rejected_origin_floor,0.0046199000,0.0042960000,0.0045785000
AKEUSDT,2026-07-28T03:07:36+08:00,2026-07-28T03:07:37+08:00,2026-07-28T03:10:36+08:00,0.0045610000,6.7100%,-0.0482%,-0.6751%,5324038.0000000000,340128.0000000000,3.1306x,0.0033530000,36.0274%,0.0029860000,0.0032846000,0.0045610000,0.0000544000,momentum_atr_estimate,0.0045202000,0.0047514000,0.0045922000,0.0044928000,0.6841%,-1.4953%,no,0.0044984400,0.30,not_placed,,0.0045202000,0.40,not_placed,,0.0045419600,0.30,not_placed,,0,rejected_origin_floor,0.0045922000,0.0042746000,0.0045700000
AKEUSDT,2026-07-28T03:28:19+08:00,2026-07-28T03:28:20+08:00,2026-07-28T03:31:19+08:00,0.0045992000,10.8668%,0.1197%,-0.0869%,1916852.0000000000,121248.0000000000,3.1619x,0.0033530000,37.1667%,0.0029860000,0.0032846000,0.0045992000,0.0000522000,momentum_atr_estimate,0.0045600500,0.0047819000,0.0046277000,0.0041389000,0.6197%,-10.0083%,no,0.0045391700,0.30,not_placed,,0.0045600500,0.40,not_placed,,0.0045809300,0.30,not_placed,,0,rejected_origin_floor,0.0046800000,0.0041389000,0.0046741000
AKEUSDT,2026-07-28T03:47:59+08:00,2026-07-28T03:48:00+08:00,2026-07-28T03:51:02+08:00,0.0046415000,10.1395%,-0.0560%,0.1165%,3909044.0000000000,197938.0000000000,3.9498x,0.0033530000,38.4283%,0.0029860000,0.0032846000,0.0046441000,0.0000509000,momentum_atr_estimate,0.0046059250,0.0048222500,0.0047299000,0.0042125000,1.9046%,-9.2427%,no,0.0045855650,0.30,not_placed,,0.0046059250,0.40,not_placed,,0.0046262850,0.30,not_placed,,0,rejected_origin_floor,0.0047370000,0.0042125000,0.0047227000
AKEUSDT,2026-07-28T03:55:52+08:00,2026-07-28T03:55:53+08:00,2026-07-28T03:58:52+08:00,0.0047087000,11.8164%,-0.0573%,-0.1040%,3836294.0000000000,186975.0000000000,4.1035x,0.0033530000,40.4324%,0.0029860000,0.0032846000,0.0047152000,0.0000484714,momentum_atr_estimate,0.0046788464,0.0048848500,0.0047200000,0.0042098000,0.2400%,-10.5953%,no,0.0046594579,0.30,not_placed,,0.0046788464,0.40,not_placed,,0.0046982350,0.30,not_placed,,0,rejected_origin_floor,0.0047200000,0.0042098000,0.0046744000
AKEUSDT,2026-07-28T06:17:04+08:00,2026-07-28T06:17:05+08:00,2026-07-28T06:20:04+08:00,0.0049631000,10.7662%,10.5466%,10.1345%,9030635.0000000000,194247.0000000000,9.2981x,0.0040726000,21.8656%,0.0029860000,0.0032846000,0.0053886000,0.0001598929,momentum_atr_estimate,0.0052686804,0.0059482250,0.0050836000,0.0044896000,2.4279%,-9.5404%,no,0.0052047232,0.30,unfilled,,0.0052686804,0.40,unfilled,,0.0053326375,0.30,unfilled,,0,no_fill,0.0050836000,0.0044896000,0.0045920000
AKEUSDT,2026-07-28T07:47:42+08:00,2026-07-28T07:47:43+08:00,2026-07-28T07:50:42+08:00,0.0052670000,6.5138%,6.6345%,7.3496%,358157354.0000000000,1101664.0000000000,65.0212x,0.0038575000,36.5392%,0.0033530000,0.0036883000,0.0054059000,0.0001661357,momentum_atr_estimate,0.0052812982,0.0059873750,0.0053000000,0.0046501000,0.6265%,-11.7125%,no,0.0052148439,0.30,not_placed,,0.0052812982,0.40,not_placed,,0.0053477525,0.30,not_placed,,0,rejected_origin_floor,0.0053000000,0.0045057000,0.0045141000
AKEUSDT,2026-07-28T08:25:19+08:00,2026-07-28T08:25:20+08:00,2026-07-28T08:28:19+08:00,0.0047491000,18.0751%,0.1476%,0.6016%,8791524.0000000000,448879.0000000000,3.9171x,0.0038575000,23.1134%,0.0033530000,0.0036883000,0.0047500000,0.0001472071,momentum_atr_estimate,0.0046395946,0.0052652250,0.0047898000,0.0047128000,0.8570%,-0.7644%,no,0.0045807118,0.30,not_placed,,0.0046395946,0.40,not_placed,,0.0046984775,0.30,not_placed,,0,rejected_origin_floor,0.0048192000,0.0047128000,0.0047277000
AKEUSDT,2026-07-28T08:53:21+08:00,2026-07-28T08:53:22+08:00,2026-07-28T08:56:21+08:00,0.0046569000,13.2900%,0.0430%,-0.0215%,3705383.0000000000,154092.0000000000,4.8093x,0.0038575000,20.7233%,0.0038575000,0.0042432500,0.0046580000,0.0001202714,momentum_atr_estimate,0.0045677964,0.0050789500,0.0046820000,0.0041212000,0.5390%,-11.5034%,no,0.0045196879,0.30,not_placed,,0.0045677964,0.40,not_placed,,0.0046159050,0.30,not_placed,,0,rejected_origin_floor,0.0046866000,0.0041212000,0.0046336000
AKEUSDT,2026-07-28T08:59:31+08:00,2026-07-28T08:59:32+08:00,2026-07-28T09:02:31+08:00,0.0046385000,6.1175%,0.1252%,0.2161%,5833896.0000000000,377696.0000000000,3.0892x,0.0038575000,20.2463%,0.0038575000,0.0042432500,0.0046426000,0.0001349000,momentum_atr_estimate,0.0045414250,0.0051147500,0.0046770000,0.0042872000,0.8300%,-7.5736%,no,0.0044874650,0.30,not_placed,,0.0045414250,0.40,not_placed,,0.0045953850,0.30,not_placed,,0,rejected_origin_floor,0.0046770000,0.0042872000,0.0046552000
AKEUSDT,2026-07-28T09:04:58+08:00,2026-07-28T09:04:59+08:00,2026-07-28T09:07:58+08:00,0.0046487000,6.1517%,-0.0924%,-0.2639%,2058894.0000000000,113074.0000000000,3.6417x,0.0038575000,20.5107%,0.0038575000,0.0042432500,0.0046487000,0.0001368071,momentum_atr_estimate,0.0045460946,0.0051275250,0.0046535000,0.0043096000,0.1033%,-7.2945%,no,0.0044913718,0.30,not_placed,,0.0045460946,0.40,not_placed,,0.0046008175,0.30,not_placed,,0,rejected_origin_floor,0.0046535000,0.0043096000,0.0046167000
AKEUSDT,2026-07-28T11:08:36+08:00,2026-07-28T11:08:37+08:00,2026-07-28T11:11:36+08:00,0.0047962000,5.7107%,-0.0979%,0.0668%,1244296.0000000000,72054.0000000000,3.4538x,0.0038575000,24.3344%,0.0038575000,0.0042432500,0.0047985000,0.0001244500,momentum_atr_estimate,0.0047051625,0.0052340750,0.0048106000,0.0045500000,0.3002%,-5.1332%,no,0.0046553825,0.30,not_placed,,0.0047051625,0.40,not_placed,,0.0047549425,0.30,not_placed,,0,rejected_origin_floor,0.0048278000,0.0045416000,0.0048104000
AKEUSDT,2026-07-28T11:22:54+08:00,2026-07-28T11:22:55+08:00,2026-07-28T11:25:54+08:00,0.0048293000,5.2686%,-0.3508%,-0.2664%,3732368.0000000000,82645.0000000000,9.0323x,0.0038575000,25.1925%,0.0038575000,0.0042432500,0.0048293000,0.0001191286,momentum_atr_estimate,0.0047399536,0.0052462500,0.0048319000,0.0045377000,0.0538%,-6.0381%,no,0.0046923021,0.30,not_placed,,0.0047399536,0.40,not_placed,,0.0047876050,0.30,not_placed,,0,rejected_origin_floor,0.0048319000,0.0045377000,0.0047252000
AKEUSDT,2026-07-28T14:27:55+08:00,2026-07-28T14:27:56+08:00,2026-07-28T14:30:55+08:00,0.0046661000,5.5201%,5.5154%,5.1918%,2840090.0000000000,127161.0000000000,4.4669x,0.0038575000,20.9618%,0.0038575000,0.0042432500,0.0046897000,0.0000753786,momentum_atr_estimate,0.0046331661,0.0049535250,0.0046950000,0.0044001000,0.6194%,-5.7007%,no,0.0046030146,0.30,not_placed,,0.0046331661,0.40,not_placed,,0.0046633175,0.30,not_placed,,0,rejected_origin_floor,0.0047301000,0.0043814000,0.0047084000
AKEUSDT,2026-07-28T14:31:01+08:00,2026-07-28T14:31:02+08:00,2026-07-28T14:34:01+08:00,0.0046751000,6.1028%,5.9561%,5.7141%,6028756.0000000000,217164.0000000000,5.5523x,0.0038575000,21.1951%,0.0038575000,0.0042432500,0.0046989000,0.0000750643,momentum_atr_estimate,0.0046426018,0.0049616250,0.0047301000,0.0043708000,1.1764%,-6.5090%,no,0.0046125761,0.30,not_placed,,0.0046426018,0.40,not_placed,,0.0046726275,0.30,not_placed,,0,rejected_origin_floor,0.0047301000,0.0043151000,0.0043180000
AKEUSDT,2026-07-28T14:34:14+08:00,2026-07-28T14:34:15+08:00,2026-07-28T14:37:14+08:00,0.0047114000,7.1260%,7.6572%,7.2943%,3217340.0000000000,204445.0000000000,3.1474x,0.0038575000,22.1361%,0.0038575000,0.0042432500,0.0047318000,0.0000750643,momentum_atr_estimate,0.0046755018,0.0049945250,0.0047178000,0.0042893000,0.1358%,-8.9591%,no,0.0046454761,0.30,not_placed,,0.0046755018,0.40,not_placed,,0.0047055275,0.30,not_placed,,0,rejected_origin_floor,0.0047178000,0.0042893000,0.0043236000
AKEUSDT,2026-07-28T14:39:25+08:00,2026-07-28T14:39:26+08:00,2026-07-28T14:42:25+08:00,0.0046959000,8.5908%,8.4278%,8.9106%,2023287.0000000000,116761.0000000000,3.4657x,0.0038575000,21.7343%,0.0038575000,0.0042432500,0.0047318000,0.0000760786,momentum_atr_estimate,0.0046747411,0.0049980750,0.0047263000,0.0043083000,0.6474%,-8.2540%,no,0.0046443096,0.30,not_placed,,0.0046747411,0.40,not_placed,,0.0047051725,0.30,not_placed,,0,rejected_origin_floor,0.0047274000,0.0043083000,0.0043115000
AKEUSDT,2026-07-28T14:43:20+08:00,2026-07-28T14:43:21+08:00,2026-07-28T14:46:20+08:00,0.0047242000,9.0687%,-0.0677%,9.1190%,2008394.0000000000,75262.0000000000,5.3371x,0.0038575000,22.4679%,0.0038575000,0.0042432500,0.0047555000,0.0000783571,momentum_atr_estimate,0.0046967321,0.0050297500,0.0047249000,0.0042976000,0.0148%,-9.0301%,no,0.0046653893,0.30,not_placed,,0.0046967321,0.40,not_placed,,0.0047280750,0.30,not_placed,,0,rejected_origin_floor,0.0047249000,0.0042976000,0.0043324000
AKEUSDT,2026-07-28T14:53:39+08:00,2026-07-28T14:53:40+08:00,2026-07-28T14:56:39+08:00,0.0048510000,11.7613%,11.8541%,12.1022%,7887070.0000000000,118486.0000000000,13.3131x,0.0038575000,25.7550%,0.0038575000,0.0042432500,0.0048587000,0.0000839214,momentum_atr_estimate,0.0047957589,0.0051524250,0.0048546000,0.0043351000,0.0742%,-10.6349%,no,0.0047621904,0.30,not_placed,,0.0047957589,0.40,not_placed,,0.0048293275,0.30,not_placed,,0,rejected_origin_floor,0.0048546000,0.0043268000,0.0043309000
AKEUSDT,2026-07-28T14:56:58+08:00,2026-07-28T14:56:59+08:00,2026-07-28T14:59:58+08:00,0.0048295000,10.9592%,10.9235%,10.9210%,1788424.0000000000,83858.0000000000,4.2654x,0.0038575000,25.1977%,0.0038575000,0.0042432500,0.0048587000,0.0000847571,momentum_atr_estimate,0.0047951321,0.0051553500,0.0048317000,0.0043211000,0.0456%,-10.5270%,no,0.0047612293,0.30,not_placed,,0.0047951321,0.40,not_placed,,0.0048290350,0.30,not_placed,,0,rejected_origin_floor,0.0048317000,0.0042920000,0.0043007000
AKEUSDT,2026-07-28T15:09:56+08:00,2026-07-28T15:09:57+08:00,2026-07-28T15:12:56+08:00,0.0048785000,13.6279%,13.8772%,13.3955%,3810240.0000000000,147812.0000000000,5.1555x,0.0038575000,26.4679%,0.0038575000,0.0042432500,0.0049200000,0.0000881929,momentum_atr_estimate,0.0048538554,0.0052286750,0.0049319000,0.0042202000,1.0946%,-13.4939%,no,0.0048185782,0.30,not_placed,,0.0048538554,0.40,not_placed,,0.0048891325,0.30,not_placed,,0,rejected_origin_floor,0.0049319000,0.0042202000,0.0042571000
AKEUSDT,2026-07-28T15:16:26+08:00,2026-07-28T15:16:27+08:00,2026-07-28T15:19:26+08:00,0.0048988000,14.9009%,14.9198%,14.9602%,3449474.0000000000,196804.0000000000,3.5055x,0.0038575000,26.9942%,0.0038575000,0.0042432500,0.0049359000,0.0000906357,momentum_atr_estimate,0.0048679232,0.0052531250,0.0049209000,0.0042000000,0.4511%,-14.2647%,no,0.0048316689,0.30,not_placed,,0.0048679232,0.40,not_placed,,0.0049041775,0.30,not_placed,,0,rejected_origin_floor,0.0049251000,0.0042000000,0.0042747000
AKEUSDT,2026-07-28T15:19:57+08:00,2026-07-28T15:19:58+08:00,2026-07-28T15:22:57+08:00,0.0049142000,16.0679%,16.0981%,16.0734%,3986017.0000000000,132707.0000000000,6.0072x,0.0038575000,27.3934%,0.0038575000,0.0042432500,0.0049359000,0.0000906357,momentum_atr_estimate,0.0048679232,0.0052531250,0.0049248000,0.0042313000,0.2157%,-13.8965%,no,0.0048316689,0.30,not_placed,,0.0048679232,0.40,not_placed,,0.0049041775,0.30,not_placed,,0,rejected_origin_floor,0.0049282000,0.0042313000,0.0042587000
AKEUSDT,2026-07-28T15:23:36+08:00,2026-07-28T15:23:37+08:00,2026-07-28T15:26:36+08:00,0.0049153000,15.8586%,15.5970%,15.2122%,2951224.0000000000,160972.0000000000,3.6668x,0.0038575000,27.4219%,0.0038575000,0.0042432500,0.0049470000,0.0000875714,momentum_atr_estimate,0.0048813214,0.0052535000,0.0049282000,0.0042340000,0.2624%,-13.8608%,no,0.0048462929,0.30,not_placed,,0.0048813214,0.40,not_placed,,0.0049163500,0.30,not_placed,,0,rejected_origin_floor,0.0049282000,0.0041750000,0.0042066000
AKEUSDT,2026-07-28T15:31:28+08:00,2026-07-28T15:31:29+08:00,2026-07-28T15:34:28+08:00,0.0048829000,16.3620%,16.2955%,15.9834%,5007079.0000000000,315292.0000000000,3.1762x,0.0038575000,26.5820%,0.0038575000,0.0042432500,0.0049470000,0.0000891500,momentum_atr_estimate,0.0048801375,0.0052590250,0.0042000000,0.0040830000,-13.9855%,-16.3817%,no,0.0048444775,0.30,not_placed,,0.0048801375,0.40,not_placed,,0.0049157975,0.30,not_placed,,0,rejected_origin_floor,0.0042608000,0.0040830000,0.0042554000
AKEUSDT,2026-07-28T15:39:38+08:00,2026-07-28T15:39:39+08:00,2026-07-28T15:42:38+08:00,0.0048801000,16.1514%,16.0243%,15.9913%,7224462.0000000000,207232.0000000000,6.9723x,0.0038575000,26.5094%,0.0038575000,0.0042432500,0.0049470000,0.0000863429,momentum_atr_estimate,0.0048822429,0.0052492000,0.0048577000,0.0042017000,-0.4590%,-13.9014%,no,0.0048477057,0.30,not_placed,,0.0048822429,0.40,not_placed,,0.0049167800,0.30,not_placed,,0,rejected_origin_floor,0.0048577000,0.0041957000,0.0042195000
AKEUSDT,2026-07-28T15:44:52+08:00,2026-07-28T15:44:53+08:00,2026-07-28T15:47:52+08:00,0.0048427000,14.8730%,14.8158%,15.2475%,1805244.0000000000,100482.0000000000,3.5932x,0.0038575000,25.5399%,0.0038575000,0.0042432500,0.0049470000,0.0000896500,momentum_atr_estimate,0.0048797625,0.0052607750,0.0049551000,0.0042163000,2.3210%,-12.9349%,no,0.0048439025,0.30,filled,2026-07-28T15:45:48+08:00,0.0048797625,0.40,filled,2026-07-28T15:45:48+08:00,0.0049156225,0.30,filled,2026-07-28T15:47:18+08:00,3,all_filled,0.0051088000,0.0042053000,0.0042241000
AKEUSDT,2026-07-28T15:47:59+08:00,2026-07-28T15:48:00+08:00,2026-07-28T15:50:59+08:00,0.0050872000,20.6641%,20.2364%,20.0774%,7400966.0000000000,160495.0000000000,9.2227x,0.0038575000,31.8782%,0.0038575000,0.0042432500,0.0054059000,0.0001393286,momentum_atr_estimate,0.0053014036,0.0058935500,0.0049831000,0.0041943000,-2.0463%,-17.5519%,no,0.0052456721,0.30,unfilled,,0.0053014036,0.40,unfilled,,0.0053571350,0.30,unfilled,,0,no_fill,0.0049831000,0.0041666000,0.0042095000
AKEUSDT,2026-07-28T16:34:41+08:00,2026-07-28T16:34:42+08:00,2026-07-28T16:37:41+08:00,0.0046651000,10.7048%,10.7442%,10.8574%,1813224.0000000000,103355.0000000000,3.5087x,0.0038575000,20.9358%,0.0038575000,0.0042432500,0.0048192000,0.0001942214,momentum_atr_estimate,0.0046735339,0.0054989750,0.0046538000,0.0041503000,-0.2422%,-11.0351%,no,0.0045958454,0.30,not_placed,,0.0046735339,0.40,not_placed,,0.0047512225,0.30,not_placed,,0,rejected_origin_floor,0.0046704000,0.0041503000,0.0042558000
AKEUSDT,2026-07-28T16:38:34+08:00,2026-07-28T16:38:35+08:00,2026-07-28T16:41:34+08:00,0.0046645000,10.2927%,10.4834%,10.9011%,4779656.0000000000,191480.0000000000,4.9923x,0.0038575000,20.9203%,0.0038575000,0.0042432500,0.0048192000,0.0001957357,momentum_atr_estimate,0.0046723982,0.0055042750,0.0046444000,0.0042147000,-0.4309%,-9.6430%,no,0.0045941039,0.30,not_placed,,0.0046723982,0.40,not_placed,,0.0047506925,0.30,not_placed,,0,rejected_origin_floor,0.0046467000,0.0041942000,0.0042235000
AKEUSDT,2026-07-28T16:43:30+08:00,2026-07-28T16:43:31+08:00,2026-07-28T16:46:30+08:00,0.0046320000,9.7656%,10.0734%,9.3510%,3037126.0000000000,107936.0000000000,5.6276x,0.0038575000,20.0778%,0.0038575000,0.0042432500,0.0048192000,0.0001970786,momentum_atr_estimate,0.0046713911,0.0055089750,0.0046286000,0.0041747000,-0.0734%,-9.8726%,no,0.0045925596,0.30,not_placed,,0.0046713911,0.40,not_placed,,0.0047502225,0.30,not_placed,,0,rejected_origin_floor,0.0046286000,0.0041746000,0.0041883000
AKEUSDT,2026-07-28T16:57:27+08:00,2026-07-28T16:57:28+08:00,2026-07-28T17:00:27+08:00,0.0046705000,13.3974%,13.0434%,13.1420%,2111530.0000000000,129540.0000000000,3.2600x,0.0038575000,21.0758%,0.0038575000,0.0042432500,0.0048192000,0.0001461643,momentum_atr_estimate,0.0047095768,0.0053307750,0.0046648000,0.0041212000,-0.1220%,-11.7611%,no,0.0046511111,0.30,not_placed,,0.0047095768,0.40,not_placed,,0.0047680425,0.30,not_placed,,0,rejected_origin_floor,0.0046661000,0.0041212000,0.0041784000
AKEUSDT,2026-07-28T17:02:43+08:00,2026-07-28T17:02:44+08:00,2026-07-28T17:05:43+08:00,0.0046480000,11.3640%,11.3027%,11.1164%,2165534.0000000000,134192.0000000000,3.2275x,0.0038575000,20.4925%,0.0038575000,0.0042432500,0.0047470000,0.0001237000,momentum_atr_estimate,0.0046542250,0.0051799500,0.0046468000,0.0041515000,-0.0258%,-10.6820%,no,0.0046047450,0.30,not_placed,,0.0046542250,0.40,not_placed,,0.0047037050,0.30,not_placed,,0,rejected_origin_floor,0.0046468000,0.0041250000,0.0041309000
AKEUSDT,2026-07-28T18:01:52+08:00,2026-07-28T18:01:53+08:00,2026-07-28T18:04:52+08:00,0.0046543000,13.1910%,12.9849%,13.1662%,4157350.0000000000,154488.0000000000,5.3821x,0.0038575000,20.6559%,0.0038575000,0.0042432500,0.0046893000,0.0000942357,momentum_atr_estimate,0.0046186232,0.0050191250,0.0046678000,0.0041030000,0.2901%,-11.8450%,no,0.0045809289,0.30,not_placed,,0.0046186232,0.40,not_placed,,0.0046563175,0.30,not_placed,,0,rejected_origin_floor,0.0046678000,0.0041030000,0.0041655000
AKEUSDT,2026-07-28T18:14:14+08:00,2026-07-28T18:14:15+08:00,2026-07-28T18:17:14+08:00,0.0046632000,10.6807%,10.7517%,10.7280%,6145556.0000000000,181900.0000000000,6.7571x,0.0038575000,20.8866%,0.0038575000,0.0042432500,0.0047598000,0.0001009571,momentum_atr_estimate,0.0046840821,0.0051131500,0.0047028000,0.0042100000,0.8492%,-9.7186%,no,0.0046436993,0.30,not_placed,,0.0046840821,0.40,not_placed,,0.0047244650,0.30,not_placed,,0,rejected_origin_floor,0.0047601000,0.0041908000,0.0042019000
AKEUSDT,2026-07-28T18:19:43+08:00,2026-07-28T18:19:44+08:00,2026-07-28T18:22:43+08:00,0.0047673000,13.4774%,13.5693%,13.5017%,1578404.0000000000,97196.0000000000,3.2479x,0.0038575000,23.5852%,0.0038575000,0.0042432500,0.0047893000,0.0001045071,momentum_atr_estimate,0.0047109196,0.0051550750,0.0048029000,0.0041814000,0.7468%,-12.2900%,no,0.0046691168,0.30,not_placed,,0.0047109196,0.40,not_placed,,0.0047527225,0.30,not_placed,,0,rejected_origin_floor,0.0048100000,0.0041681000,0.0041846000
AKEUSDT,2026-07-28T18:24:07+08:00,2026-07-28T18:24:08+08:00,2026-07-28T18:27:07+08:00,0.0048016000,14.9478%,14.6569%,14.4737%,1960351.0000000000,118654.0000000000,3.3043x,0.0038575000,24.4744%,0.0038575000,0.0042432500,0.0048391000,0.0001022429,momentum_atr_estimate,0.0047624179,0.0051969500,0.0048400000,0.0041460000,0.7997%,-13.6538%,no,0.0047215207,0.30,not_placed,,0.0047624179,0.40,not_placed,,0.0048033150,0.30,not_placed,,0,rejected_origin_floor,0.0048400000,0.0040934000,0.0041025000
AKEUSDT,2026-07-28T18:38:14+08:00,2026-07-28T18:38:15+08:00,2026-07-28T18:41:14+08:00,0.0047626000,17.8016%,17.9358%,18.3696%,5155288.0000000000,259061.0000000000,3.9800x,0.0038575000,23.4634%,0.0038575000,0.0042432500,0.0048448000,0.0001054000,momentum_atr_estimate,0.0047657500,0.0052137000,0.0047755000,0.0040349000,0.2709%,-15.2795%,no,0.0047235900,0.30,not_placed,,0.0047657500,0.40,not_placed,,0.0048079100,0.30,not_placed,,0,rejected_origin_floor,0.0047755000,0.0040281000,0.0040414000
AKEUSDT,2026-07-28T18:44:16+08:00,2026-07-28T18:44:17+08:00,2026-07-28T18:47:16+08:00,0.0047742000,17.9689%,18.2523%,17.9805%,1899563.0000000000,97600.0000000000,3.8925x,0.0038575000,23.7641%,0.0038575000,0.0042432500,0.0048448000,0.0001003571,momentum_atr_estimate,0.0047695321,0.0051960500,0.0047794000,0.0039680000,0.1089%,-16.8866%,no,0.0047293893,0.30,not_placed,,0.0047695321,0.40,not_placed,,0.0048096750,0.30,not_placed,,0,rejected_origin_floor,0.0047818000,0.0039680000,0.0040388000
AKEUSDT,2026-07-28T18:49:39+08:00,2026-07-28T18:49:40+08:00,2026-07-28T18:52:39+08:00,0.0047761000,18.5166%,18.3492%,0.0021%,1804651.0000000000,111075.0000000000,3.2494x,0.0038575000,23.8134%,0.0038575000,0.0042432500,0.0048448000,0.0000966214,momentum_atr_estimate,0.0047723339,0.0051829750,0.0048013000,0.0040085000,0.5276%,-16.0717%,no,0.0047336854,0.30,not_placed,,0.0047723339,0.40,not_placed,,0.0048109825,0.30,not_placed,,0,rejected_origin_floor,0.0048166000,0.0039829000,0.0039899000
AKEUSDT,2026-07-28T18:52:56+08:00,2026-07-28T18:52:57+08:00,2026-07-28T18:55:57+08:00,0.0048027000,19.5564%,0.2296%,19.6785%,2418211.0000000000,151401.0000000000,3.1944x,0.0038575000,24.5029%,0.0038575000,0.0042432500,0.0048448000,0.0000983071,momentum_atr_estimate,0.0047710696,0.0051888750,0.0048166000,0.0039800000,0.2894%,-17.1299%,no,0.0047317468,0.30,not_placed,,0.0047710696,0.40,not_placed,,0.0048103925,0.30,not_placed,,0,rejected_origin_floor,0.0048239000,0.0039790000,0.0040042000
AKEUSDT,2026-07-28T18:55:57+08:00,2026-07-28T18:55:58+08:00,2026-07-28T18:58:57+08:00,0.0047763000,19.9111%,19.9443%,19.8570%,5162953.0000000000,251702.0000000000,4.1024x,0.0038575000,23.8185%,0.0038575000,0.0042432500,0.0048448000,0.0000983071,momentum_atr_estimate,0.0047710696,0.0051888750,0.0048239000,0.0039790000,0.9966%,-16.6928%,no,0.0047317468,0.30,not_placed,,0.0047710696,0.40,not_placed,,0.0048103925,0.30,not_placed,,0,rejected_origin_floor,0.0048239000,0.0039790000,0.0039991000
AKEUSDT,2026-07-28T18:59:28+08:00,2026-07-28T18:59:29+08:00,2026-07-28T19:02:28+08:00,0.0048138000,20.3992%,20.3390%,20.2188%,2711151.0000000000,83827.0000000000,6.4684x,0.0038575000,24.7907%,0.0038575000,0.0042432500,0.0048296000,0.0000941643,momentum_atr_estimate,0.0047589768,0.0051591750,0.0048191000,0.0039930000,0.1101%,-17.0510%,no,0.0047213111,0.30,not_placed,,0.0047589768,0.40,not_placed,,0.0047966425,0.30,not_placed,,0,rejected_origin_floor,0.0048191000,0.0039930000,0.0040610000
AKEUSDT,2026-07-28T19:16:40+08:00,2026-07-28T19:16:41+08:00,2026-07-28T19:19:40+08:00,0.0048564000,21.7051%,21.8028%,21.4252%,2471344.0000000000,128168.0000000000,3.8564x,0.0038575000,25.8950%,0.0038575000,0.0042432500,0.0048748000,0.0000722857,momentum_atr_estimate,0.0048205857,0.0051278000,0.0048716000,0.0039845000,0.3130%,-17.9536%,no,0.0047916714,0.30,not_placed,,0.0048205857,0.40,not_placed,,0.0048495000,0.30,not_placed,,0,rejected_origin_floor,0.0048716000,0.0039836000,0.0040168000
AKEUSDT,2026-07-28T19:20:03+08:00,2026-07-28T19:20:04+08:00,2026-07-28T19:23:03+08:00,0.0048436000,21.0446%,21.1294%,21.0174%,2129694.0000000000,69237.0000000000,6.1519x,0.0038575000,25.5632%,0.0038575000,0.0042432500,0.0048791000,0.0000722857,momentum_atr_estimate,0.0048248857,0.0051321000,0.0048552000,0.0039836000,0.2395%,-17.7554%,no,0.0047959714,0.30,not_placed,,0.0048248857,0.40,not_placed,,0.0048538000,0.30,not_placed,,0,rejected_origin_floor,0.0048552000,0.0039836000,0.0040426000
AKEUSDT,2026-07-28T19:23:07+08:00,2026-07-28T19:23:08+08:00,2026-07-28T19:26:08+08:00,0.0048157000,19.7816%,19.7369%,20.0504%,1913511.0000000000,73531.0000000000,5.2046x,0.0038575000,24.8399%,0.0038575000,0.0042432500,0.0048791000,0.0000714571,momentum_atr_estimate,0.0048255071,0.0051292000,0.0048157000,0.0040203000,0.0000%,-16.5168%,no,0.0047969243,0.30,not_placed,,0.0048255071,0.40,not_placed,,0.0048540900,0.30,not_placed,,0,rejected_origin_floor,0.0048157000,0.0040203000,0.0047256000
AKEUSDT,2026-07-28T19:26:21+08:00,2026-07-28T19:26:22+08:00,2026-07-28T19:29:21+08:00,0.0047265000,16.8162%,16.9520%,16.4449%,11491357.0000000000,133824.0000000000,17.1738x,0.0038575000,22.5275%,0.0038575000,0.0042432500,0.0048791000,0.0000685286,momentum_atr_estimate,0.0048277036,0.0051189500,0.0047411000,0.0040050000,0.3089%,-15.2650%,no,0.0048002921,0.30,unfilled,,0.0048277036,0.40,unfilled,,0.0048551150,0.30,unfilled,,0,no_fill,0.0047517000,0.0039951000,0.0040173000
AKEUSDT,2026-07-28T19:29:30+08:00,2026-07-28T19:29:31+08:00,2026-07-28T19:32:30+08:00,0.0047204000,17.9569%,17.7216%,17.0473%,920257.0000000000,57235.0000000000,3.2157x,0.0038575000,22.3694%,0.0038575000,0.0042432500,0.0048791000,0.0000685286,momentum_atr_estimate,0.0048277036,0.0051189500,0.0047836000,0.0039950000,1.3389%,-15.3673%,no,0.0048002921,0.30,unfilled,,0.0048277036,0.40,unfilled,,0.0048551150,0.30,unfilled,,0,no_fill,0.0047836000,0.0039839000,0.0040115000
AKEUSDT,2026-07-28T19:33:54+08:00,2026-07-28T19:33:55+08:00,2026-07-28T19:36:56+08:00,0.0047830000,19.6737%,19.6438%,19.6887%,1380167.0000000000,77164.0000000000,3.5772x,0.0038575000,23.9922%,0.0038575000,0.0042432500,0.0048791000,0.0000662714,momentum_atr_estimate,0.0048293964,0.0051110500,0.0047834000,0.0039955000,0.0084%,-16.4646%,no,0.0048028879,0.30,unfilled,,0.0048293964,0.40,unfilled,,0.0048559050,0.30,unfilled,,0,no_fill,0.0047846000,0.0039840000,0.0039879000
AKEUSDT,2026-07-28T19:36:59+08:00,2026-07-28T19:37:00+08:00,2026-07-28T19:40:00+08:00,0.0047549000,18.8903%,18.7271%,18.4107%,3489474.0000000000,99090.0000000000,7.0430x,0.0039000000,21.9205%,0.0038575000,0.0042432500,0.0048791000,0.0000633000,momentum_atr_estimate,0.0048316250,0.0051006500,0.0047846000,0.0039840000,0.6246%,-16.2127%,no,0.0048063050,0.30,unfilled,,0.0048316250,0.40,unfilled,,0.0048569450,0.30,unfilled,,0,no_fill,0.0048068000,0.0039375000,0.0039458000
AKEUSDT,2026-07-28T19:40:02+08:00,2026-07-28T19:40:03+08:00,2026-07-28T19:43:02+08:00,0.0047849000,19.8442%,19.8983%,19.9764%,2106494.0000000000,75077.0000000000,5.6116x,0.0039000000,22.6897%,0.0038575000,0.0042432500,0.0048791000,0.0000633000,momentum_atr_estimate,0.0048316250,0.0051006500,0.0048068000,0.0039375000,0.4577%,-17.7099%,no,0.0048063050,0.30,filled,2026-07-28T19:41:39+08:00,0.0048316250,0.40,unfilled,,0.0048569450,0.30,unfilled,,1,partial_filled,0.0048157000,0.0038502000,0.0039134000
AKEUSDT,2026-07-28T19:50:29+08:00,2026-07-28T19:50:30+08:00,2026-07-28T19:53:30+08:00,0.0047929000,22.0251%,21.9288%,21.9288%,9447156.0000000000,77689.0000000000,24.3204x,0.0039000000,22.8949%,0.0038575000,0.0042432500,0.0048634000,0.0000623929,momentum_atr_estimate,0.0048166054,0.0050817750,0.0048435000,0.0039144000,1.0557%,-18.3292%,no,0.0047916482,0.30,not_placed,,0.0048166054,0.40,not_placed,,0.0048415625,0.30,not_placed,,0,rejected_origin_floor,0.0049938000,0.0039144000,0.0039516000
AKEUSDT,2026-07-28T19:55:06+08:00,2026-07-28T19:55:07+08:00,2026-07-28T19:58:06+08:00,0.0049768000,26.5170%,26.4495%,26.2538%,4598175.0000000000,120836.0000000000,7.6106x,0.0039000000,27.6103%,0.0038575000,0.0042432500,0.0050150000,0.0000752000,momentum_atr_estimate,0.0049586000,0.0052782000,0.0049938000,0.0039278000,0.3416%,-21.0778%,no,0.0049285200,0.30,not_placed,,0.0049586000,0.40,not_placed,,0.0049886800,0.30,not_placed,,0,rejected_origin_floor,0.0049938000,0.0039278000,0.0039922000
AKEUSDT,2026-07-28T19:59:23+08:00,2026-07-28T19:59:24+08:00,2026-07-28T20:02:23+08:00,0.0048820000,22.6140%,22.6941%,23.1305%,2804620.0000000000,94385.0000000000,5.9429x,0.0039000000,25.1795%,0.0038575000,0.0042432500,0.0050150000,0.0000825929,momentum_atr_estimate,0.0049530554,0.0053040750,0.0050074000,0.0039316000,2.5686%,-19.4674%,no,0.0049200182,0.30,filled,2026-07-28T20:00:09+08:00,0.0049530554,0.40,filled,2026-07-28T20:02:10+08:00,0.0049860925,0.30,filled,2026-07-28T20:02:10+08:00,3,all_filled,0.0050210000,0.0039316000,0.0050176000
AKEUSDT,2026-07-28T20:03:44+08:00,2026-07-28T20:03:45+08:00,2026-07-28T20:06:44+08:00,0.0049859000,26.3917%,26.4013%,-0.0942%,2560629.0000000000,63472.0000000000,8.0685x,0.0039000000,27.8436%,0.0038575000,0.0042432500,0.0050398000,0.0000912929,momentum_atr_estimate,0.0049713304,0.0053593250,0.0050257000,0.0039106000,0.7983%,-21.5668%,no,0.0049348132,0.30,not_placed,,0.0049713304,0.40,not_placed,,0.0050078475,0.30,not_placed,,0,rejected_origin_floor,0.0050699000,0.0039106000,0.0039636000
AKEUSDT,2026-07-28T20:06:55+08:00,2026-07-28T20:06:56+08:00,2026-07-28T20:09:55+08:00,0.0050604000,29.1149%,29.1775%,28.8158%,15463454.0000000000,129750.0000000000,23.8358x,0.0039000000,29.7538%,0.0038575000,0.0042432500,0.0050699000,0.0000996500,momentum_atr_estimate,0.0049951625,0.0054186750,0.0050649000,0.0039263000,0.0889%,-22.4113%,no,0.0049553025,0.30,not_placed,,0.0049951625,0.40,not_placed,,0.0050350225,0.30,not_placed,,0,rejected_origin_floor,0.0050649000,0.0039263000,0.0039390000
AKEUSDT,2026-07-28T20:10:07+08:00,2026-07-28T20:10:08+08:00,2026-07-28T20:13:07+08:00,0.0048992000,24.3199%,24.2380%,23.8016%,2388800.0000000000,40613.0000000000,11.7637x,0.0039000000,25.6205%,0.0038575000,0.0042432500,0.0050800000,0.0000996500,momentum_atr_estimate,0.0050052625,0.0054287750,0.0049300000,0.0039307000,0.6287%,-19.7685%,no,0.0049654025,0.30,unfilled,,0.0050052625,0.40,unfilled,,0.0050451225,0.30,unfilled,,0,no_fill,0.0049300000,0.0039282000,0.0039282000
AKEUSDT,2026-07-29T13:51:48+08:00,2026-07-29T13:51:49+08:00,2026-07-29T13:54:48+08:00,0.0045103000,6.9907%,7.1356%,7.2859%,349465127.0000000000,153545.0000000000,455.1957x,0.0035457000,27.2048%,0.0035457000,0.0039002700,0.0045499000,0.0000952929,momentum_atr_estimate,0.0044784304,0.0048834250,0.0045305000,0.0040260000,0.4479%,-10.7376%,no,0.0044403132,0.30,not_placed,,0.0044784304,0.40,not_placed,,0.0045165475,0.30,not_placed,,0,rejected_origin_floor,0.0045305000,0.0039740000,0.0040705000
AKEUSDT,2026-07-29T16:06:08+08:00,2026-07-29T16:06:09+08:00,2026-07-29T16:09:08+08:00,0.0041244000,18.9411%,0.0461%,0.4506%,1609992.0000000000,106763.0000000000,3.0160x,0.0034059000,21.0957%,0.0034059000,0.0037464900,0.0041244000,0.0000742571,momentum_atr_estimate,0.0040687071,0.0043843000,0.0041250000,0.0040653000,0.0145%,-1.4329%,no,0.0040390043,0.30,not_placed,,0.0040687071,0.40,not_placed,,0.0040984100,0.30,not_placed,,0,rejected_origin_floor,0.0041250000,0.0040000000,0.0040187000
AKEUSDT,2026-07-29T16:12:40+08:00,2026-07-29T16:12:41+08:00,2026-07-29T16:15:40+08:00,0.0040267000,21.7261%,-0.0323%,-0.1587%,2791141.0000000000,100713.0000000000,5.5428x,0.0033129000,21.5461%,0.0033129000,0.0036441900,0.0040333000,0.0000819286,momentum_atr_estimate,0.0039718536,0.0043200500,0.0040333000,0.0039408000,0.1639%,-2.1333%,no,0.0039390821,0.30,not_placed,,0.0039718536,0.40,not_placed,,0.0040046250,0.30,not_placed,,0,rejected_origin_floor,0.0040333000,0.0033256000,0.0039749000
AKEUSDT,2026-07-29T16:17:35+08:00,2026-07-29T16:17:36+08:00,2026-07-29T16:20:35+08:00,0.0039742000,19.3238%,0.2877%,0.9526%,7213446.0000000000,442385.0000000000,3.2612x,0.0032256000,23.2081%,0.0032256000,0.0035481600,0.0039742000,0.0000876000,momentum_atr_estimate,0.0039085000,0.0042808000,0.0039912000,0.0033241000,0.4278%,-16.3580%,no,0.0038734600,0.30,not_placed,,0.0039085000,0.40,not_placed,,0.0039435400,0.30,not_placed,,0,rejected_origin_floor,0.0040089000,0.0033241000,0.0039877000
AKEUSDT,2026-07-29T16:22:09+08:00,2026-07-29T16:22:10+08:00,2026-07-29T16:25:09+08:00,0.0040000000,18.9556%,0.0125%,0.4243%,2676397.0000000000,168772.0000000000,3.1716x,0.0032256000,24.0079%,0.0032256000,0.0035481600,0.0040033000,0.0000847786,momentum_atr_estimate,0.0039397161,0.0043000250,0.0040105000,0.0033392000,0.2625%,-16.5200%,no,0.0039058046,0.30,not_placed,,0.0039397161,0.40,not_placed,,0.0039736275,0.30,not_placed,,0,rejected_origin_floor,0.0040105000,0.0033335000,0.0039425000
AKEUSDT,2026-07-29T16:25:45+08:00,2026-07-29T16:25:46+08:00,2026-07-29T16:28:45+08:00,0.0039693000,18.8698%,-0.2538%,-0.2087%,2837685.0000000000,79454.0000000000,7.1430x,0.0032256000,23.0562%,0.0032256000,0.0035481600,0.0039723000,0.0000847786,momentum_atr_estimate,0.0039087161,0.0042690250,0.0039800000,0.0033335000,0.2696%,-16.0179%,no,0.0038748046,0.30,not_placed,,0.0039087161,0.40,not_placed,,0.0039426275,0.30,not_placed,,0,rejected_origin_floor,0.0039800000,0.0032875000,0.0039324000
AKEUSDT,2026-07-29T16:30:46+08:00,2026-07-29T16:30:47+08:00,2026-07-29T16:33:46+08:00,0.0039335000,19.6102%,-0.1548%,-0.1295%,3495946.0000000000,149368.0000000000,4.6810x,0.0032256000,21.9463%,0.0032256000,0.0035481600,0.0039335000,0.0000868929,momentum_atr_estimate,0.0038683304,0.0042376250,0.0039392000,0.0038304000,0.1449%,-2.6211%,no,0.0038335732,0.30,not_placed,,0.0038683304,0.40,not_placed,,0.0039030875,0.30,not_placed,,0,rejected_origin_floor,0.0039392000,0.0032788000,0.0039305000
AKEUSDT,2026-07-29T16:38:37+08:00,2026-07-29T16:38:38+08:00,2026-07-29T16:41:37+08:00,0.0038961000,16.2321%,0.1774%,-0.2611%,1697039.0000000000,96014.0000000000,3.5350x,0.0032256000,20.7868%,0.0032256000,0.0035481600,0.0039015000,0.0000895000,momentum_atr_estimate,0.0038343750,0.0042147500,0.0039005000,0.0033009000,0.1129%,-15.2768%,no,0.0037985750,0.30,not_placed,,0.0038343750,0.40,not_placed,,0.0038701750,0.30,not_placed,,0,rejected_origin_floor,0.0039005000,0.0033009000,0.0038597000
AKEUSDT,2026-07-29T19:45:09+08:00,2026-07-29T19:45:10+08:00,2026-07-29T19:48:09+08:00,0.0041062000,9.2336%,9.6039%,9.5600%,94752944.0000000000,57358.0000000000,330.3914x,0.0032090000,27.9589%,0.0032090000,0.0035299000,0.0042190000,0.0000949857,momentum_atr_estimate,0.0041477607,0.0045514500,0.0041303000,0.0037392000,0.5869%,-8.9377%,no,0.0041097664,0.30,filled,2026-07-29T19:45:19+08:00,0.0041477607,0.40,unfilled,,0.0041857550,0.30,unfilled,,1,partial_filled,0.0042607000,0.0037392000,0.0037661000
AKEUSDT,2026-07-29T19:48:34+08:00,2026-07-29T19:48:35+08:00,2026-07-29T19:51:34+08:00,0.0041474000,9.7573%,9.7631%,9.9465%,11926251.0000000000,196877.0000000000,12.1154x,0.0032090000,29.2428%,0.0032090000,0.0035299000,0.0042516000,0.0001170714,momentum_atr_estimate,0.0041637964,0.0046613500,0.0042607000,0.0037588000,2.7318%,-9.3697%,no,0.0041169679,0.30,not_placed,,0.0041637964,0.40,not_placed,,0.0042106250,0.30,not_placed,,0,rejected_origin_floor,0.0042607000,0.0037588000,0.0037845000
AKEUSDT,2026-07-29T19:52:13+08:00,2026-07-29T19:52:14+08:00,2026-07-29T19:55:13+08:00,0.0040755000,7.7063%,7.8860%,6.5685%,14132603.0000000000,170691.0000000000,16.5593x,0.0032090000,27.0022%,0.0032090000,0.0035299000,0.0043500000,0.0001376214,momentum_atr_estimate,0.0042467839,0.0048316750,0.0041984000,0.0037493000,3.0156%,-8.0039%,no,0.0041917354,0.30,filled,2026-07-29T19:52:30+08:00,0.0042467839,0.40,unfilled,,0.0043018325,0.30,unfilled,,1,partial_filled,0.0042120000,0.0037376000,0.0037657000
AKEUSDT,2026-07-29T19:56:32+08:00,2026-07-29T19:56:33+08:00,2026-07-29T19:59:32+08:00,0.0042072000,12.0396%,12.1980%,12.5582%,1647539.0000000000,59102.0000000000,5.5752x,0.0032090000,31.1063%,0.0032090000,0.0035299000,0.0043500000,0.0001398571,momentum_atr_estimate,0.0042451071,0.0048395000,0.0042120000,0.0037450000,0.1141%,-10.9859%,no,0.0041891643,0.30,not_placed,,0.0042451071,0.40,not_placed,,0.0043010500,0.30,not_placed,,0,rejected_origin_floor,0.0042120000,0.0037450000,0.0038131000
AKEUSDT,2026-07-29T20:00:15+08:00,2026-07-29T20:00:16+08:00,2026-07-29T20:03:15+08:00,0.0041923000,11.2636%,11.1073%,11.3670%,2414599.0000000000,76470.0000000000,6.3152x,0.0032090000,30.6419%,0.0032090000,0.0035299000,0.0043500000,0.0001398571,momentum_atr_estimate,0.0042451071,0.0048395000,0.0041975000,0.0037652000,0.1240%,-10.1877%,no,0.0041891643,0.30,not_placed,,0.0042451071,0.40,not_placed,,0.0043010500,0.30,not_placed,,0,rejected_origin_floor,0.0041975000,0.0037652000,0.0038532000
AKEUSDT,2026-07-29T20:04:24+08:00,2026-07-29T20:04:25+08:00,2026-07-29T20:07:24+08:00,0.0041061000,6.7934%,6.7573%,7.0691%,3319174.0000000000,94629.0000000000,7.0151x,0.0032090000,27.9557%,0.0032090000,0.0035299000,0.0043500000,0.0001453643,momentum_atr_estimate,0.0042409768,0.0048587750,0.0041062000,0.0038329000,0.0024%,-6.6535%,no,0.0041828311,0.30,unfilled,,0.0042409768,0.40,unfilled,,0.0042991225,0.30,unfilled,,0,no_fill,0.0041062000,0.0038329000,0.0038449000
AKEUSDT,2026-07-29T20:12:30+08:00,2026-07-29T20:12:31+08:00,2026-07-29T20:15:30+08:00,0.0041950000,9.5558%,9.6617%,9.2846%,3937616.0000000000,139079.0000000000,5.6624x,0.0032090000,30.7261%,0.0032090000,0.0035299000,0.0043500000,0.0001506714,momentum_atr_estimate,0.0042369964,0.0048773500,0.0042044000,0.0038140000,0.2241%,-9.0822%,no,0.0041767279,0.30,not_placed,,0.0042369964,0.40,not_placed,,0.0042972650,0.30,not_placed,,0,rejected_origin_floor,0.0042044000,0.0038140000,0.0038753000
AKEUSDT,2026-07-29T20:47:45+08:00,2026-07-29T20:47:46+08:00,2026-07-29T20:50:46+08:00,0.0040973000,6.0296%,6.0350%,6.0707%,4607182.0000000000,102502.0000000000,8.9894x,0.0032090000,27.6815%,0.0032090000,0.0035299000,0.0041393000,0.0001719143,momentum_atr_estimate,0.0040103643,0.0047410000,0.0041515000,0.0038562000,1.3228%,-5.8844%,no,0.0039415986,0.30,not_placed,,0.0040103643,0.40,not_placed,,0.0040791300,0.30,not_placed,,0,rejected_origin_floor,0.0041760000,0.0038562000,0.0038797000
AKEUSDT,2026-07-29T20:52:08+08:00,2026-07-29T20:52:09+08:00,2026-07-29T20:55:08+08:00,0.0041722000,7.7865%,0.7243%,7.4866%,1563259.0000000000,73635.0000000000,4.2460x,0.0032090000,30.0156%,0.0032090000,0.0035299000,0.0041927000,0.0001524000,momentum_atr_estimate,0.0040784000,0.0047261000,0.0041624000,0.0038690000,-0.2349%,-7.2671%,no,0.0040174400,0.30,not_placed,,0.0040784000,0.40,not_placed,,0.0041393600,0.30,not_placed,,0,rejected_origin_floor,0.0041624000,0.0038673000,0.0038889000
AKEUSDT,2026-07-29T20:58:42+08:00,2026-07-29T20:58:43+08:00,2026-07-29T21:01:43+08:00,0.0041230000,5.8781%,5.9325%,5.7315%,1737791.0000000000,56770.0000000000,6.1222x,0.0032090000,28.4824%,0.0032090000,0.0035299000,0.0041927000,0.0001211500,momentum_atr_estimate,0.0041018375,0.0046167250,0.0041345000,0.0038795000,0.2789%,-5.9059%,no,0.0040533775,0.30,not_placed,,0.0041018375,0.40,not_placed,,0.0041502975,0.30,not_placed,,0,rejected_origin_floor,0.0041416000,0.0038795000,0.0038969000
AKEUSDT,2026-07-29T21:05:24+08:00,2026-07-29T21:05:25+08:00,2026-07-29T21:08:25+08:00,0.0041562000,6.6540%,6.4791%,6.3157%,876198.0000000000,45361.0000000000,3.8632x,0.0032090000,29.5170%,0.0032090000,0.0035299000,0.0041927000,0.0000997357,momentum_atr_estimate,0.0041178982,0.0045417750,0.0043300000,0.0038685000,4.1817%,-6.9222%,no,0.0040780039,0.30,not_placed,,0.0041178982,0.40,not_placed,,0.0041577925,0.30,not_placed,,0,rejected_origin_floor,0.0043300000,0.0038685000,0.0038954000
AKEUSDT,2026-07-29T21:11:08+08:00,2026-07-29T21:11:09+08:00,2026-07-29T21:14:08+08:00,0.0042172000,8.3194%,0.6468%,8.2082%,951588.0000000000,49010.0000000000,3.8832x,0.0032090000,31.4179%,0.0032090000,0.0035299000,0.0043300000,0.0001005357,momentum_atr_estimate,0.0042545982,0.0046818750,0.0042279000,0.0038843000,0.2537%,-7.8939%,no,0.0042143839,0.30,not_placed,,0.0042545982,0.40,not_placed,,0.0042948125,0.30,not_placed,,0,rejected_origin_floor,0.0042311000,0.0038843000,0.0039145000
AKEUSDT,2026-07-29T21:14:17+08:00,2026-07-29T21:14:18+08:00,2026-07-29T21:17:17+08:00,0.0042012000,7.8780%,7.9085%,7.9667%,1782364.0000000000,56130.0000000000,6.3508x,0.0032090000,30.9193%,0.0032090000,0.0035299000,0.0043300000,0.0001005357,momentum_atr_estimate,0.0042545982,0.0046818750,0.0042523000,0.0038960000,1.2163%,-7.2646%,no,0.0042143839,0.30,filled,2026-07-29T21:15:05+08:00,0.0042545982,0.40,unfilled,,0.0042948125,0.30,unfilled,,1,partial_filled,0.0042523000,0.0038886000,0.0039035000
AKEUSDT,2026-07-29T21:18:09+08:00,2026-07-29T21:18:10+08:00,2026-07-29T21:21:09+08:00,0.0042217000,7.8588%,8.0161%,7.8285%,2192811.0000000000,57109.0000000000,7.6794x,0.0032090000,31.5581%,0.0032090000,0.0035299000,0.0043300000,0.0001002500,momentum_atr_estimate,0.0042548125,0.0046808750,0.0042250000,0.0038886000,0.0782%,-7.8902%,no,0.0042147125,0.30,not_placed,,0.0042548125,0.40,not_placed,,0.0042949125,0.30,not_placed,,0,rejected_origin_floor,0.0042250000,0.0038886000,0.0038934000
AKEUSDT,2026-07-29T21:21:17+08:00,2026-07-29T21:21:18+08:00,2026-07-29T21:24:17+08:00,0.0042081000,8.1190%,7.9997%,7.9997%,1024819.0000000000,65402.0000000000,3.1339x,0.0032090000,31.1343%,0.0032090000,0.0035299000,0.0043300000,0.0000954571,momentum_atr_estimate,0.0042584071,0.0046641000,0.0042360000,0.0038835000,0.6630%,-7.7137%,no,0.0042202243,0.30,filled,2026-07-29T21:21:18+08:00,0.0042584071,0.40,unfilled,,0.0042965900,0.30,unfilled,,1,partial_filled,0.0042363000,0.0038663000,0.0038754000
AKEUSDT,2026-07-29T21:24:53+08:00,2026-07-29T21:24:54+08:00,2026-07-29T21:27:53+08:00,0.0042230000,8.8991%,8.8795%,8.6498%,1146480.0000000000,23394.0000000000,9.8015x,0.0032090000,31.5986%,0.0032090000,0.0035299000,0.0043300000,0.0000954571,momentum_atr_estimate,0.0042584071,0.0046641000,0.0042293000,0.0038364000,0.1492%,-9.1546%,no,0.0042202243,0.30,not_placed,,0.0042584071,0.40,not_placed,,0.0042965900,0.30,not_placed,,0,rejected_origin_floor,0.0042293000,0.0038197000,0.0042210000
AKEUSDT,2026-07-29T21:30:29+08:00,2026-07-29T21:30:30+08:00,2026-07-29T21:33:29+08:00,0.0042185000,9.9914%,10.0258%,10.1494%,755337.0000000000,43123.0000000000,3.5032x,0.0032090000,31.4584%,0.0032090000,0.0035299000,0.0043300000,0.0000801286,momentum_atr_estimate,0.0042699036,0.0046104500,0.0042689000,0.0038170000,1.1947%,-9.5176%,no,0.0042378521,0.30,filled,2026-07-29T21:30:56+08:00,0.0042699036,0.40,unfilled,,0.0043019550,0.30,unfilled,,1,partial_filled,0.0042689000,0.0038170000,0.0038784000
AKEUSDT,2026-07-29T21:38:30+08:00,2026-07-29T21:38:31+08:00,2026-07-29T21:41:30+08:00,0.0042133000,8.6322%,8.6911%,9.4250%,1214374.0000000000,64011.0000000000,3.7943x,0.0032090000,31.2964%,0.0032090000,0.0035299000,0.0042999000,0.0000870143,momentum_atr_estimate,0.0042346393,0.0046044500,0.0042316000,0.0038401000,0.4343%,-8.8577%,no,0.0041998336,0.30,not_placed,,0.0042346393,0.40,not_placed,,0.0042694450,0.30,not_placed,,0,rejected_origin_floor,0.0042450000,0.0038267000,0.0038271000
AKEUSDT,2026-07-29T21:41:43+08:00,2026-07-29T21:41:44+08:00,2026-07-29T21:44:43+08:00,0.0042110000,9.6158%,9.5274%,9.4932%,2465905.0000000000,53967.0000000000,9.1386x,0.0032090000,31.2247%,0.0032090000,0.0035299000,0.0042999000,0.0000828143,momentum_atr_estimate,0.0042377893,0.0045897500,0.0042450000,0.0038150000,0.8074%,-9.4039%,no,0.0042046636,0.30,not_placed,,0.0042377893,0.40,not_placed,,0.0042709150,0.30,not_placed,,0,rejected_origin_floor,0.0042450000,0.0038150000,0.0038388000
AKEUSDT,2026-07-29T21:45:15+08:00,2026-07-29T21:45:16+08:00,2026-07-29T21:48:15+08:00,0.0042115000,9.8490%,9.9350%,10.2602%,1539432.0000000000,57690.0000000000,5.3369x,0.0032090000,31.2403%,0.0032090000,0.0035299000,0.0042999000,0.0000828143,momentum_atr_estimate,0.0042377893,0.0045897500,0.0042249000,0.0038074000,0.3182%,-9.5952%,no,0.0042046636,0.30,not_placed,,0.0042377893,0.40,not_placed,,0.0042709150,0.30,not_placed,,0,rejected_origin_floor,0.0042249000,0.0038074000,0.0038213000
AKEUSDT,2026-07-29T21:48:24+08:00,2026-07-29T21:48:25+08:00,2026-07-29T21:51:24+08:00,0.0042148000,10.5637%,10.6799%,0.0475%,1704367.0000000000,79561.0000000000,4.2844x,0.0032090000,31.3431%,0.0032090000,0.0035299000,0.0042999000,0.0000821214,momentum_atr_estimate,0.0042383089,0.0045873250,0.0042180000,0.0038088000,0.0759%,-9.6327%,no,0.0042054604,0.30,not_placed,,0.0042383089,0.40,not_placed,,0.0042711575,0.30,not_placed,,0,rejected_origin_floor,0.0045305000,0.0037737000,0.0038035000
AKEUSDT,2026-07-29T21:51:51+08:00,2026-07-29T21:51:52+08:00,2026-07-29T21:54:51+08:00,0.0044733000,17.3910%,17.3879%,17.4464%,58541002.0000000000,85861.0000000000,136.3623x,0.0032090000,39.3986%,0.0032090000,0.0035299000,0.0045499000,0.0001144571,momentum_atr_estimate,0.0044640571,0.0049505000,0.0044800000,0.0037737000,0.1498%,-15.6395%,no,0.0044182743,0.30,not_placed,,0.0044640571,0.40,not_placed,,0.0045098400,0.30,not_placed,,0,rejected_origin_floor,0.0044800000,0.0037737000,0.0040654000
AKEUSDT,2026-07-29T21:55:03+08:00,2026-07-29T21:55:04+08:00,2026-07-29T21:58:03+08:00,0.0041061000,6.8768%,6.9882%,7.6191%,1813124.0000000000,93387.0000000000,3.8830x,0.0032090000,27.9557%,0.0032090000,0.0035299000,0.0045499000,0.0001144571,momentum_atr_estimate,0.0044640571,0.0049505000,0.0041080000,0.0038305000,0.0463%,-6.7120%,no,0.0044182743,0.30,unfilled,,0.0044640571,0.40,unfilled,,0.0045098400,0.30,unfilled,,0,no_fill,0.0041650000,0.0037992000,0.0038056000
AKEUSDT,2026-07-29T21:58:15+08:00,2026-07-29T21:58:16+08:00,2026-07-29T22:01:15+08:00,0.0040858000,6.3041%,6.2931%,6.5342%,788389.0000000000,45744.0000000000,3.4470x,0.0032090000,27.3232%,0.0032090000,0.0035299000,0.0045499000,0.0001182714,momentum_atr_estimate,0.0044611964,0.0049638500,0.0041650000,0.0037895000,1.9384%,-7.2519%,no,0.0044138879,0.30,unfilled,,0.0044611964,0.40,unfilled,,0.0045085050,0.30,unfilled,,0,no_fill,0.0041650000,0.0037783000,0.0038201000
AKEUSDT,2026-07-29T22:04:05+08:00,2026-07-29T22:04:06+08:00,2026-07-29T22:07:05+08:00,0.0041186000,8.1707%,8.0997%,8.0685%,2909501.0000000000,133541.0000000000,4.3575x,0.0032090000,28.3453%,0.0032090000,0.0035299000,0.0045499000,0.0001229857,momentum_atr_estimate,0.0044576607,0.0049803500,0.0041767000,0.0037950000,1.4107%,-7.8570%,no,0.0044084664,0.30,unfilled,,0.0044576607,0.40,unfilled,,0.0045068550,0.30,unfilled,,0,no_fill,0.0041980000,0.0037950000,0.0038658000
AKEUSDT,2026-07-29T22:08:20+08:00,2026-07-29T22:08:21+08:00,2026-07-29T22:11:20+08:00,0.0041949000,8.7297%,0.7832%,1.2454%,1694627.0000000000,101024.0000000000,3.3549x,0.0032090000,30.7230%,0.0032090000,0.0035299000,0.0045499000,0.0001246357,momentum_atr_estimate,0.0044564232,0.0049861250,0.0041824000,0.0038562000,-0.2980%,-8.0741%,no,0.0044065689,0.30,unfilled,,0.0044564232,0.40,unfilled,,0.0045062775,0.30,unfilled,,0,no_fill,0.0041824000,0.0038562000,0.0038930000
AKEUSDT,2026-07-29T22:13:29+08:00,2026-07-29T22:13:30+08:00,2026-07-29T22:16:29+08:00,0.0040900000,5.0280%,5.0577%,5.1387%,3902300.0000000000,94883.0000000000,8.2255x,0.0032090000,27.4540%,0.0032090000,0.0035299000,0.0045499000,0.0001279714,momentum_atr_estimate,0.0044539214,0.0049978000,0.0041549000,0.0038800000,1.5868%,-5.1345%,no,0.0044027329,0.30,unfilled,,0.0044539214,0.40,unfilled,,0.0045051100,0.30,unfilled,,0,no_fill,0.0041549000,0.0038544000,0.0038631000
AKEUSDT,2026-07-29T22:18:04+08:00,2026-07-29T22:18:05+08:00,2026-07-29T22:21:04+08:00,0.0041060000,6.3510%,6.3290%,6.0023%,2093089.0000000000,77524.0000000000,5.3998x,0.0032090000,27.9526%,0.0032090000,0.0035299000,0.0045499000,0.0001217643,momentum_atr_estimate,0.0044585768,0.0049760750,0.0041137000,0.0038476000,0.1875%,-6.2932%,no,0.0044098711,0.30,unfilled,,0.0044585768,0.40,unfilled,,0.0045072825,0.30,unfilled,,0,no_fill,0.0041137000,0.0038175000,0.0038216000
AKEUSDT,2026-07-29T22:21:22+08:00,2026-07-29T22:21:23+08:00,2026-07-29T22:24:23+08:00,0.0040699000,5.7007%,5.6294%,5.6047%,1301951.0000000000,76044.0000000000,3.4242x,0.0032090000,26.8277%,0.0032090000,0.0035299000,0.0045499000,0.0001220929,momentum_atr_estimate,0.0044583304,0.0049772250,0.0041059000,0.0038120000,0.8845%,-6.3368%,no,0.0044094932,0.30,unfilled,,0.0044583304,0.40,unfilled,,0.0045071675,0.30,unfilled,,0,no_fill,0.0041059000,0.0038042000,0.0038054000
AKEUSDT,2026-07-29T22:24:38+08:00,2026-07-29T22:24:39+08:00,2026-07-29T22:27:39+08:00,0.0040733000,6.6588%,6.6951%,-0.6488%,1403574.0000000000,59105.0000000000,4.7494x,0.0032090000,26.9336%,0.0032090000,0.0035299000,0.0041995000,0.0001220929,momentum_atr_estimate,0.0041079304,0.0046268250,0.0041060000,0.0037905000,0.8028%,-6.9428%,no,0.0040590932,0.30,not_placed,,0.0041079304,0.40,not_placed,,0.0041567675,0.30,not_placed,,0,rejected_origin_floor,0.0041381000,0.0037877000,0.0038128000
AKEUSDT,2026-07-29T22:27:58+08:00,2026-07-29T22:27:59+08:00,2026-07-29T22:30:58+08:00,0.0041251000,8.8101%,8.7012%,8.4383%,1500755.0000000000,78685.0000000000,3.8146x,0.0032090000,28.5478%,0.0032090000,0.0035299000,0.0041995000,0.0001220143,momentum_atr_estimate,0.0041079893,0.0046265500,0.0041381000,0.0037835000,0.3151%,-8.2810%,no,0.0040591836,0.30,not_placed,,0.0041079893,0.40,not_placed,,0.0041567950,0.30,not_placed,,0,rejected_origin_floor,0.0041381000,0.0037652000,0.0037735000
AKEUSDT,2026-07-29T22:31:05+08:00,2026-07-29T22:31:06+08:00,2026-07-29T22:34:05+08:00,0.0040767000,7.4456%,7.6897%,-0.3495%,3003647.0000000000,118269.0000000000,5.0793x,0.0032090000,27.0396%,0.0032090000,0.0035299000,0.0041995000,0.0001243500,momentum_atr_estimate,0.0041062375,0.0046347250,0.0040694000,0.0037652000,-0.1791%,-7.6410%,no,0.0040564975,0.30,not_placed,,0.0041062375,0.40,not_placed,,0.0041559775,0.30,not_placed,,0,rejected_origin_floor,0.0040694000,0.0037652000,0.0037835000
AKEUSDT,2026-07-29T22:34:07+08:00,2026-07-29T22:34:08+08:00,2026-07-29T22:37:10+08:00,0.0040305000,6.5791%,6.5368%,6.5734%,1753273.0000000000,48524.0000000000,7.2264x,0.0032090000,25.5999%,0.0032090000,0.0035299000,0.0041995000,0.0001243500,momentum_atr_estimate,0.0041062375,0.0046347250,0.0040625000,0.0037747000,0.7939%,-6.3466%,no,0.0040564975,0.30,filled,2026-07-29T22:36:04+08:00,0.0041062375,0.40,unfilled,,0.0041559775,0.30,unfilled,,1,partial_filled,0.0040625000,0.0037415000,0.0037494000
AKEUSDT,2026-07-29T22:37:23+08:00,2026-07-29T22:37:24+08:00,2026-07-29T22:40:23+08:00,0.0040365000,6.7631%,6.6024%,6.8479%,2325723.0000000000,65077.0000000000,7.1476x,0.0032090000,25.7868%,0.0032090000,0.0035299000,0.0041995000,0.0001279000,momentum_atr_estimate,0.0041035750,0.0046471500,0.0040759000,0.0037415000,0.9761%,-7.3083%,no,0.0040524150,0.30,filled,2026-07-29T22:39:23+08:00,0.0041035750,0.40,unfilled,,0.0041547350,0.30,unfilled,,1,partial_filled,0.0040759000,0.0037415000,0.0037804000
AKEUSDT,2026-07-29T22:40:29+08:00,2026-07-29T22:40:30+08:00,2026-07-29T22:43:29+08:00,0.0040702000,8.1838%,8.3220%,8.3999%,1797413.0000000000,56617.0000000000,6.3494x,0.0032090000,26.8370%,0.0032090000,0.0035299000,0.0041628000,0.0001279000,momentum_atr_estimate,0.0040668750,0.0046104500,0.0040673000,0.0037588000,-0.0712%,-7.6507%,no,0.0040157150,0.30,not_placed,,0.0040668750,0.40,not_placed,,0.0041180350,0.30,not_placed,,0,rejected_origin_floor,0.0041137000,0.0037588000,0.0037812000
AKEUSDT,2026-07-29T22:43:40+08:00,2026-07-29T22:43:41+08:00,2026-07-29T22:46:40+08:00,0.0040679000,7.0923%,7.0500%,7.6363%,2364488.0000000000,54875.0000000000,8.6177x,0.0032090000,26.7653%,0.0032090000,0.0035299000,0.0041550000,0.0001257357,momentum_atr_estimate,0.0040606982,0.0045950750,0.0041137000,0.0037686000,1.1259%,-7.3576%,no,0.0040104039,0.30,not_placed,,0.0040606982,0.40,not_placed,,0.0041109925,0.30,not_placed,,0,rejected_origin_floor,0.0041137000,0.0037639000,0.0037654000
AKEUSDT,2026-07-29T22:47:17+08:00,2026-07-29T22:47:18+08:00,2026-07-29T22:50:17+08:00,0.0040694000,7.7188%,7.6618%,7.6333%,626943.0000000000,40029.0000000000,3.1324x,0.0032090000,26.8121%,0.0032090000,0.0035299000,0.0041408000,0.0001239143,momentum_atr_estimate,0.0040478643,0.0045745000,0.0041377000,0.0037633000,1.6784%,-7.5220%,no,0.0039982986,0.30,not_placed,,0.0040478643,0.40,not_placed,,0.0040974300,0.30,not_placed,,0,rejected_origin_floor,0.0041377000,0.0037633000,0.0037692000
AKEUSDT,2026-07-29T22:50:20+08:00,2026-07-29T22:50:21+08:00,2026-07-29T22:53:20+08:00,0.0040730000,8.0257%,7.7770%,7.8940%,4066620.0000000000,40698.0000000000,19.9844x,0.0032090000,26.9243%,0.0032090000,0.0035299000,0.0041446000,0.0001239143,momentum_atr_estimate,0.0040516643,0.0045783000,0.0040785000,0.0037656000,0.1350%,-7.5473%,no,0.0040020986,0.30,not_placed,,0.0040516643,0.40,not_placed,,0.0041012300,0.30,not_placed,,0,rejected_origin_floor,0.0041249000,0.0037656000,0.0038085000
AKEUSDT,2026-07-29T22:54:48+08:00,2026-07-29T22:54:49+08:00,2026-07-29T22:57:50+08:00,0.0041053000,7.7337%,7.7252%,8.3193%,1864434.0000000000,59514.0000000000,6.2655x,0.0032090000,27.9308%,0.0032090000,0.0035299000,0.0041446000,0.0001255143,momentum_atr_estimate,0.0040504643,0.0045839000,0.0041249000,0.0038058000,0.4774%,-7.2954%,no,0.0040002586,0.30,not_placed,,0.0040504643,0.40,not_placed,,0.0041006700,0.30,not_placed,,0,rejected_origin_floor,0.0041370000,0.0037986000,0.0038070000
AKEUSDT,2026-07-29T22:57:51+08:00,2026-07-29T22:57:52+08:00,2026-07-29T23:00:51+08:00,0.0041119000,7.7598%,0.1266%,0.2927%,603001.0000000000,38741.0000000000,3.1130x,0.0032090000,28.1365%,0.0032090000,0.0035299000,0.0041446000,0.0001335357,momentum_atr_estimate,0.0040444482,0.0046119750,0.0042566000,0.0037956000,3.5191%,-7.6923%,no,0.0039910339,0.30,not_placed,,0.0040444482,0.40,not_placed,,0.0040978625,0.30,not_placed,,0,rejected_origin_floor,0.0042566000,0.0037956000,0.0041922000
AKEUSDT,2026-07-29T23:00:51+08:00,2026-07-29T23:00:52+08:00,2026-07-29T23:03:51+08:00,0.0041846000,10.0458%,10.1732%,9.9792%,1591918.0000000000,93198.0000000000,3.4162x,0.0032090000,30.4020%,0.0032090000,0.0035299000,0.0042566000,0.0001335357,momentum_atr_estimate,0.0041564482,0.0047239750,0.0042073000,0.0037989000,0.5425%,-9.2171%,no,0.0041030339,0.30,not_placed,,0.0041564482,0.40,not_placed,,0.0042098625,0.30,not_placed,,0,rejected_origin_floor,0.0042073000,0.0037989000,0.0038142000
AKEUSDT,2026-07-29T23:04:28+08:00,2026-07-29T23:04:29+08:00,2026-07-29T23:07:28+08:00,0.0041860000,9.6673%,9.7334%,9.3207%,624032.0000000000,37027.0000000000,3.3707x,0.0032090000,30.4456%,0.0032090000,0.0035299000,0.0042566000,0.0001017571,momentum_atr_estimate,0.0041802821,0.0046127500,0.0042157000,0.0038094000,0.7095%,-8.9967%,no,0.0041395793,0.30,not_placed,,0.0041802821,0.40,not_placed,,0.0042209850,0.30,not_placed,,0,rejected_origin_floor,0.0042157000,0.0038094000,0.0040700000
AKEUSDT,2026-07-29T23:07:36+08:00,2026-07-29T23:07:37+08:00,2026-07-29T23:10:36+08:00,0.0041199000,7.6535%,7.8451%,7.7380%,684107.0000000000,32085.0000000000,4.2643x,0.0032090000,28.3858%,0.0032090000,0.0035299000,0.0042566000,0.0000999429,momentum_atr_estimate,0.0041816429,0.0046064000,0.0041448000,0.0038196000,0.6044%,-7.2890%,no,0.0041416657,0.30,filled,2026-07-29T23:07:43+08:00,0.0041816429,0.40,unfilled,,0.0042216200,0.30,unfilled,,1,partial_filled,0.0041448000,0.0038196000,0.0038255000
AKEUSDT,2026-07-29T23:10:41+08:00,2026-07-29T23:10:42+08:00,2026-07-29T23:13:41+08:00,0.0040364000,5.3918%,5.4992%,5.2983%,670029.0000000000,30985.0000000000,4.3249x,0.0032090000,25.7837%,0.0032090000,0.0035299000,0.0042566000,0.0000999429,momentum_atr_estimate,0.0041816429,0.0046064000,0.0040793000,0.0038033000,1.0628%,-5.7749%,no,0.0041416657,0.30,unfilled,,0.0041816429,0.40,unfilled,,0.0042216200,0.30,unfilled,,0,no_fill,0.0040793000,0.0038033000,0.0040476000
AKEUSDT,2026-07-29T23:17:04+08:00,2026-07-29T23:17:05+08:00,2026-07-29T23:20:04+08:00,0.0040622000,5.5720%,5.7259%,6.2541%,1634877.0000000000,65680.0000000000,4.9783x,0.0032090000,26.5877%,0.0032090000,0.0035299000,0.0042566000,0.0000971571,momentum_atr_estimate,0.0041837321,0.0045966500,0.0040833000,0.0038081000,0.5194%,-6.2552%,no,0.0041448693,0.30,unfilled,,0.0041837321,0.40,unfilled,,0.0042225950,0.30,unfilled,,0,no_fill,0.0040833000,0.0038032000,0.0040618000
AKEUSDT,2026-07-29T23:20:10+08:00,2026-07-29T23:20:11+08:00,2026-07-29T23:23:10+08:00,0.0040454000,6.0115%,0.3100%,6.0338%,950151.0000000000,51918.0000000000,3.6602x,0.0032090000,26.0642%,0.0032090000,0.0035299000,0.0042566000,0.0000971571,momentum_atr_estimate,0.0041837321,0.0045966500,0.0040713000,0.0038032000,0.6402%,-5.9870%,no,0.0041448693,0.30,unfilled,,0.0041837321,0.40,unfilled,,0.0042225950,0.30,unfilled,,0,no_fill,0.0040713000,0.0038021000,0.0038312000
AKEUSDT,2026-07-29T23:27:33+08:00,2026-07-29T23:27:34+08:00,2026-07-29T23:30:33+08:00,0.0040101000,5.8493%,5.7209%,6.2278%,2850209.0000000000,128942.0000000000,4.4209x,0.0032090000,24.9642%,0.0032090000,0.0035299000,0.0042566000,0.0000913357,momentum_atr_estimate,0.0041880982,0.0045762750,0.0040406000,0.0037891000,0.7606%,-5.5111%,no,0.0041515639,0.30,unfilled,,0.0041880982,0.40,unfilled,,0.0042246325,0.30,unfilled,,0,no_fill,0.0040406000,0.0037831000,0.0037865000
AKEUSDT,2026-07-29T23:30:40+08:00,2026-07-29T23:30:41+08:00,2026-07-29T23:33:40+08:00,0.0040268000,5.7569%,0.2016%,-0.2971%,1472301.0000000000,48133.0000000000,6.1176x,0.0032090000,25.4846%,0.0032090000,0.0035299000,0.0042314000,0.0000913357,momentum_atr_estimate,0.0041628982,0.0045510750,0.0040322000,0.0037831000,0.1341%,-6.0520%,no,0.0041263639,0.30,unfilled,,0.0041628982,0.40,unfilled,,0.0041994325,0.30,unfilled,,0,no_fill,0.0040322000,0.0037831000,0.0038048000
AKEUSDT,2026-07-29T23:34:14+08:00,2026-07-29T23:34:15+08:00,2026-07-29T23:37:14+08:00,0.0040033000,5.0790%,5.3639%,5.6085%,1047053.0000000000,44254.0000000000,4.7320x,0.0032090000,24.7523%,0.0032090000,0.0035299000,0.0042200000,0.0000889500,momentum_atr_estimate,0.0041532875,0.0045313250,0.0040338000,0.0038012000,0.7619%,-5.0483%,no,0.0041177075,0.30,unfilled,,0.0041532875,0.40,unfilled,,0.0041888675,0.30,unfilled,,0,no_fill,0.0040477000,0.0038012000,0.0038310000
AKEUSDT,2026-07-29T23:37:22+08:00,2026-07-29T23:37:23+08:00,2026-07-29T23:40:26+08:00,0.0040365000,5.8365%,5.9060%,5.5377%,1660020.0000000000,81549.0000000000,4.0712x,0.0032090000,25.7868%,0.0032090000,0.0035299000,0.0041662000,0.0000876357,momentum_atr_estimate,0.0041004732,0.0044729250,0.0040573000,0.0038160000,0.5153%,-5.4627%,no,0.0040654189,0.30,unfilled,,0.0041004732,0.40,unfilled,,0.0041355275,0.30,unfilled,,0,no_fill,0.0040676000,0.0038160000,0.0038319000
AKEUSDT,2026-07-29T23:42:32+08:00,2026-07-29T23:42:33+08:00,2026-07-29T23:45:33+08:00,0.0040749000,6.4081%,6.1614%,0.7691%,3303663.0000000000,32569.0000000000,20.2872x,0.0032090000,26.9835%,0.0032090000,0.0035299000,0.0041346000,0.0000872571,momentum_atr_estimate,0.0040691571,0.0044400000,0.0040807000,0.0038257000,0.1423%,-6.1155%,no,0.0040342543,0.30,not_placed,,0.0040691571,0.40,not_placed,,0.0041040600,0.30,not_placed,,0,rejected_origin_floor,0.0040829000,0.0038257000,0.0038353000
AKEUSDT,2026-07-29T23:45:50+08:00,2026-07-29T23:45:51+08:00,2026-07-29T23:48:52+08:00,0.0040662000,5.5607%,5.6567%,5.9928%,12927825.0000000000,65745.0000000000,39.3272x,0.0032090000,26.7124%,0.0032090000,0.0035299000,0.0041346000,0.0000872571,momentum_atr_estimate,0.0040691571,0.0044400000,0.0040829000,0.0038301000,0.4107%,-5.8064%,no,0.0040342543,0.30,not_placed,,0.0040691571,0.40,not_placed,,0.0041040600,0.30,not_placed,,0,rejected_origin_floor,0.0040829000,0.0038221000,0.0038240000
AKEUSDT,2026-07-29T23:51:51+08:00,2026-07-29T23:51:52+08:00,2026-07-29T23:54:59+08:00,0.0040585000,6.2518%,6.2462%,6.0408%,465497.0000000000,29179.0000000000,3.1906x,0.0032090000,26.4724%,0.0032090000,0.0035299000,0.0041346000,0.0000829571,momentum_atr_estimate,0.0040723821,0.0044249500,0.0040769000,0.0038087000,0.4534%,-6.1550%,no,0.0040391993,0.30,not_placed,,0.0040723821,0.40,not_placed,,0.0041055650,0.30,not_placed,,0,rejected_origin_floor,0.0040793000,0.0038087000,0.0038159000
AKEUSDT,2026-07-29T23:55:30+08:00,2026-07-29T23:55:31+08:00,2026-07-29T23:58:34+08:00,0.0040734000,6.4301%,6.4468%,6.7033%,556539.0000000000,28008.0000000000,3.9741x,0.0032090000,26.9367%,0.0032090000,0.0035299000,0.0041346000,0.0000829571,momentum_atr_estimate,0.0040723821,0.0044249500,0.0040793000,0.0038066000,0.1448%,-6.5498%,no,0.0040391993,0.30,not_placed,,0.0040723821,0.40,not_placed,,0.0041055650,0.30,not_placed,,0,rejected_origin_floor,0.0040864000,0.0038029000,0.0038139000
AKEUSDT,2026-07-30T00:03:02+08:00,2026-07-30T00:03:03+08:00,2026-07-30T00:06:02+08:00,0.0041067000,6.3361%,6.1931%,6.4684%,1187170.0000000000,64349.0000000000,3.6898x,0.0032090000,27.9744%,0.0032090000,0.0035299000,0.0041346000,0.0000768929,momentum_atr_estimate,0.0040769304,0.0044037250,0.0041376000,0.0038185000,0.7524%,-7.0178%,no,0.0040461732,0.30,not_placed,,0.0040769304,0.40,not_placed,,0.0041076875,0.30,not_placed,,0,rejected_origin_floor,0.0041376000,0.0038185000,0.0038737000
AKEUSDT,2026-07-30T00:06:09+08:00,2026-07-30T00:06:10+08:00,2026-07-30T00:09:09+08:00,0.0041233000,7.2463%,7.5232%,0.1238%,625728.0000000000,39117.0000000000,3.1993x,0.0032090000,28.4917%,0.0032090000,0.0035299000,0.0041376000,0.0000739429,momentum_atr_estimate,0.0040821429,0.0043964000,0.0041238000,0.0038449000,0.0121%,-6.7519%,no,0.0040525657,0.30,not_placed,,0.0040821429,0.40,not_placed,,0.0041117200,0.30,not_placed,,0,rejected_origin_floor,0.0041238000,0.0038449000,0.0039190000
AKEUSDT,2026-07-30T00:44:32+08:00,2026-07-30T00:44:33+08:00,2026-07-30T00:47:32+08:00,0.0040198000,5.1340%,-0.0671%,-0.2877%,1310202.0000000000,81574.0000000000,3.2123x,0.0032090000,25.2664%,0.0032090000,0.0035299000,0.0040297000,0.0000795286,momentum_atr_estimate,0.0039700536,0.0043080500,0.0040726000,0.0037287000,1.3135%,-7.2417%,no,0.0039382421,0.30,not_placed,,0.0039700536,0.40,not_placed,,0.0040018650,0.30,not_placed,,0,rejected_origin_floor,0.0040726000,0.0036806000,0.0039872000
AKEUSDT,2026-07-30T00:47:47+08:00,2026-07-30T00:47:48+08:00,2026-07-30T00:50:47+08:00,0.0040186000,6.9744%,7.6882%,-0.4237%,5737793.0000000000,199681.0000000000,5.7470x,0.0032090000,25.2290%,0.0032090000,0.0035299000,0.0040186000,0.0000873143,momentum_atr_estimate,0.0039531143,0.0043242000,0.0040200000,0.0036400000,0.0348%,-9.4212%,no,0.0039181886,0.30,not_placed,,0.0039531143,0.40,not_placed,,0.0039880400,0.30,not_placed,,0,rejected_origin_floor,0.0040600000,0.0036284000,0.0040313000
AKEUSDT,2026-07-30T00:50:54+08:00,2026-07-30T00:50:55+08:00,2026-07-30T00:53:54+08:00,0.0039876000,8.2293%,-0.0025%,0.1708%,2798323.0000000000,86207.0000000000,6.4921x,0.0032090000,24.2630%,0.0032090000,0.0035299000,0.0040105000,0.0000873143,momentum_atr_estimate,0.0039450143,0.0043161000,0.0040600000,0.0036284000,1.8156%,-9.0079%,no,0.0039100886,0.30,not_placed,,0.0039450143,0.40,not_placed,,0.0039799400,0.30,not_placed,,0,rejected_origin_floor,0.0040600000,0.0036284000,0.0040329000
AKEUSDT,2026-07-30T00:54:36+08:00,2026-07-30T00:54:37+08:00,2026-07-30T00:57:36+08:00,0.0040442000,11.0403%,10.7606%,0.1734%,2846534.0000000000,131657.0000000000,4.3242x,0.0032090000,26.0268%,0.0032090000,0.0035299000,0.0040456000,0.0000849071,momentum_atr_estimate,0.0039819196,0.0043427750,0.0040459000,0.0036326000,0.0420%,-10.1775%,no,0.0039479568,0.30,not_placed,,0.0039819196,0.40,not_placed,,0.0040158825,0.30,not_placed,,0,rejected_origin_floor,0.0040459000,0.0036326000,0.0040176000
AKEUSDT,2026-07-30T00:58:35+08:00,2026-07-30T00:58:36+08:00,2026-07-30T01:01:35+08:00,0.0040281000,10.1386%,-0.1512%,9.6947%,1606688.0000000000,97052.0000000000,3.3110x,0.0032090000,25.5251%,0.0032090000,0.0035299000,0.0040292000,0.0000856786,momentum_atr_estimate,0.0039649411,0.0043290750,0.0040406000,0.0036445000,0.3103%,-9.5231%,no,0.0039306696,0.30,not_placed,,0.0039649411,0.40,not_placed,,0.0039992125,0.30,not_placed,,0,rejected_origin_floor,0.0040406000,0.0036445000,0.0040081000
AKEUSDT,2026-07-30T01:04:23+08:00,2026-07-30T01:04:24+08:00,2026-07-30T01:07:23+08:00,0.0040236000,5.6645%,0.4644%,0.1543%,4851253.0000000000,90877.0000000000,10.6765x,0.0032090000,25.3849%,0.0032090000,0.0035299000,0.0040237000,0.0000981071,momentum_atr_estimate,0.0039501196,0.0043670750,0.0040699000,0.0037626000,1.1507%,-6.4867%,no,0.0039108768,0.30,not_placed,,0.0039501196,0.40,not_placed,,0.0039893625,0.30,not_placed,,0,rejected_origin_floor,0.0040768000,0.0037626000,0.0040523000
AKEUSDT,2026-07-30T01:08:41+08:00,2026-07-30T01:08:42+08:00,2026-07-30T01:11:41+08:00,0.0040269000,6.5910%,-0.3958%,-0.3933%,815423.0000000000,49880.0000000000,3.2695x,0.0032090000,25.4877%,0.0032090000,0.0035299000,0.0040285000,0.0001007143,momentum_atr_estimate,0.0039529643,0.0043810000,0.0040633000,0.0037502000,0.9039%,-6.8713%,no,0.0039126786,0.30,not_placed,,0.0039529643,0.40,not_placed,,0.0039932500,0.30,not_placed,,0,rejected_origin_floor,0.0041347000,0.0037502000,0.0040809000
AKEUSDT,2026-07-30T01:13:02+08:00,2026-07-30T01:13:03+08:00,2026-07-30T01:16:02+08:00,0.0040692000,7.8991%,-0.0540%,0.6978%,11390641.0000000000,459493.0000000000,4.9579x,0.0032090000,26.8059%,0.0032090000,0.0035299000,0.0040742000,0.0001002286,momentum_atr_estimate,0.0039990286,0.0044250000,0.0040980000,0.0037626000,0.7078%,-7.5347%,no,0.0039589371,0.30,not_placed,,0.0039990286,0.40,not_placed,,0.0040391200,0.30,not_placed,,0,rejected_origin_floor,0.0040980000,0.0037626000,0.0039732000
AKEUSDT,2026-07-30T02:50:39+08:00,2026-07-30T02:50:40+08:00,2026-07-30T02:53:39+08:00,0.0039600000,9.5436%,0.2202%,0.1974%,3082390.0000000000,118044.0000000000,5.2224x,0.0032090000,23.4029%,0.0032090000,0.0035299000,0.0039600000,0.0000660286,momentum_atr_estimate,0.0039104786,0.0041911000,0.0040051000,0.0036016000,1.1389%,-9.0505%,no,0.0038840671,0.30,not_placed,,0.0039104786,0.40,not_placed,,0.0039368900,0.30,not_placed,,0,rejected_origin_floor,0.0040220000,0.0035876000,0.0040005000
AKEUSDT,2026-07-30T02:54:57+08:00,2026-07-30T02:54:58+08:00,2026-07-30T02:57:59+08:00,0.0039976000,11.4158%,-0.3589%,0.0025%,3699565.0000000000,109509.0000000000,6.7566x,0.0032090000,24.5746%,0.0032090000,0.0035299000,0.0039985000,0.0000661786,momentum_atr_estimate,0.0039488661,0.0042301250,0.0040220000,0.0035796000,0.6104%,-10.4563%,no,0.0039223946,0.30,not_placed,,0.0039488661,0.40,not_placed,,0.0039753375,0.30,not_placed,,0,rejected_origin_floor,0.0040220000,0.0035796000,0.0039277000
AKEUSDT,2026-07-30T03:09:29+08:00,2026-07-30T03:09:30+08:00,2026-07-30T03:12:29+08:00,0.0039394000,10.9534%,0.2826%,1.3429%,3982147.0000000000,152862.0000000000,5.2101x,0.0032090000,22.7610%,0.0032090000,0.0035299000,0.0039404000,0.0000580786,momentum_atr_estimate,0.0038968411,0.0041436750,0.0039624000,0.0035179000,0.5838%,-10.6996%,no,0.0038736096,0.30,not_placed,,0.0038968411,0.40,not_placed,,0.0039200725,0.30,not_placed,,0,rejected_origin_floor,0.0039624000,0.0035179000,0.0039090000
AKEUSDT,2026-07-30T03:31:00+08:00,2026-07-30T03:31:01+08:00,2026-07-30T03:34:00+08:00,0.0039847000,6.6883%,-0.1679%,-0.2029%,3424338.0000000000,104157.0000000000,6.5753x,0.0032090000,24.1726%,0.0032090000,0.0035299000,0.0039895000,0.0000641500,momentum_atr_estimate,0.0039413875,0.0042140250,0.0040000000,0.0036987000,0.3840%,-7.1775%,no,0.0039157275,0.30,not_placed,,0.0039413875,0.40,not_placed,,0.0039670475,0.30,not_placed,,0,rejected_origin_floor,0.0040000000,0.0036979000,0.0039727000
AKEUSDT,2026-07-30T03:34:51+08:00,2026-07-30T03:34:52+08:00,2026-07-30T03:37:52+08:00,0.0039762000,7.2822%,-0.0528%,0.0126%,2239819.0000000000,127180.0000000000,3.5223x,0.0032090000,23.9078%,0.0032090000,0.0035299000,0.0039772000,0.0000641500,momentum_atr_estimate,0.0039290875,0.0042017250,0.0039803000,0.0037017000,0.1031%,-6.9036%,no,0.0039034275,0.30,not_placed,,0.0039290875,0.40,not_placed,,0.0039547475,0.30,not_placed,,0,rejected_origin_floor,0.0039803000,0.0037017000,0.0039584000
AKEUSDT,2026-07-30T03:37:57+08:00,2026-07-30T03:37:58+08:00,2026-07-30T03:40:58+08:00,0.0039423000,5.8790%,-0.2404%,-0.2631%,4539577.0000000000,123906.0000000000,7.3275x,0.0032090000,22.8514%,0.0032090000,0.0035299000,0.0039423000,0.0000656214,momentum_atr_estimate,0.0038930839,0.0041719750,0.0039610000,0.0037049000,0.4743%,-6.0219%,no,0.0038668354,0.30,not_placed,,0.0038930839,0.40,not_placed,,0.0039193325,0.30,not_placed,,0,rejected_origin_floor,0.0039610000,0.0037049000,0.0039224000
AKEUSDT,2026-07-30T03:42:32+08:00,2026-07-30T03:42:33+08:00,2026-07-30T03:45:32+08:00,0.0039276000,5.5409%,-0.2869%,-0.4814%,1594044.0000000000,87651.0000000000,3.6373x,0.0032090000,22.3933%,0.0032090000,0.0035299000,0.0039294000,0.0000683357,momentum_atr_estimate,0.0038781482,0.0041685750,0.0039591000,0.0037270000,0.8020%,-5.1074%,no,0.0038508139,0.30,not_placed,,0.0038781482,0.40,not_placed,,0.0039054825,0.30,not_placed,,0,rejected_origin_floor,0.0039951000,0.0037270000,0.0039914000
AKEUSDT,2026-07-30T03:55:33+08:00,2026-07-30T03:55:34+08:00,2026-07-30T03:58:35+08:00,0.0039929000,6.3866%,-0.6618%,-1.0458%,7949418.0000000000,126575.0000000000,12.5608x,0.0032090000,24.4282%,0.0032090000,0.0035299000,0.0039929000,0.0000693143,momentum_atr_estimate,0.0039409143,0.0042355000,0.0040283000,0.0037591000,0.8866%,-5.8554%,no,0.0039131886,0.30,not_placed,,0.0039409143,0.40,not_placed,,0.0039686400,0.30,not_placed,,0,rejected_origin_floor,0.0040283000,0.0037591000,0.0039798000
AKEUSDT,2026-07-30T11:32:49+08:00,2026-07-30T11:32:50+08:00,2026-07-30T11:35:50+08:00,0.0042935000,7.6875%,0.2662%,0.4515%,5976612.0000000000,332493.0000000000,3.5950x,0.0035131000,22.2140%,0.0035131000,0.0038644100,0.0042935000,0.0000830000,momentum_atr_estimate,0.0042312500,0.0045840000,0.0043471000,0.0042808000,1.2484%,-0.2958%,no,0.0041980500,0.30,not_placed,,0.0042312500,0.40,not_placed,,0.0042644500,0.30,not_placed,,0,rejected_origin_floor,0.0043471000,0.0042808000,0.0043289000
AKEUSDT,2026-07-30T11:55:11+08:00,2026-07-30T11:55:12+08:00,2026-07-30T11:58:11+08:00,0.0043850000,9.0552%,0.1004%,0.0160%,7233018.0000000000,369331.0000000000,3.9168x,0.0035131000,24.8185%,0.0035131000,0.0038644100,0.0043875000,0.0000766286,momentum_atr_estimate,0.0043300286,0.0046557000,0.0044265000,0.0043721000,0.9464%,-0.2942%,no,0.0042993771,0.30,not_placed,,0.0043300286,0.40,not_placed,,0.0043606800,0.30,not_placed,,0,rejected_origin_floor,0.0044333000,0.0039846000,0.0044132000
AKEUSDT,2026-07-30T13:56:01+08:00,2026-07-30T13:56:02+08:00,2026-07-30T13:59:01+08:00,0.0042836000,7.0178%,0.4361%,0.2082%,2499498.0000000000,136397.0000000000,3.6650x,0.0035131000,21.9322%,0.0035131000,0.0038644100,0.0042859000,0.0000774714,momentum_atr_estimate,0.0042277964,0.0045570500,0.0043652000,0.0042775000,1.9049%,-0.1424%,no,0.0041968079,0.30,not_placed,,0.0042277964,0.40,not_placed,,0.0042587850,0.30,not_placed,,0,rejected_origin_floor,0.0043756000,0.0040575000,0.0043537000
AKEUSDT,2026-07-30T14:54:49+08:00,2026-07-30T14:54:50+08:00,2026-07-30T14:57:50+08:00,0.0043428000,6.9418%,0.0737%,0.4999%,3213110.0000000000,123384.0000000000,5.2083x,0.0035131000,23.6173%,0.0035131000,0.0038644100,0.0043453000,0.0000582357,momentum_atr_estimate,0.0043016232,0.0045491250,0.0043487000,0.0040411000,0.1359%,-6.9471%,no,0.0042783289,0.30,not_placed,,0.0043016232,0.40,not_placed,,0.0043249175,0.30,not_placed,,0,rejected_origin_floor,0.0043497000,0.0039981000,0.0043344000
AKEUSDT,2026-07-30T14:59:44+08:00,2026-07-30T14:59:45+08:00,2026-07-30T15:02:44+08:00,0.0043347000,8.3404%,0.0785%,0.0947%,2566519.0000000000,140447.0000000000,3.6548x,0.0035131000,23.3868%,0.0035131000,0.0038644100,0.0043386000,0.0000605357,momentum_atr_estimate,0.0042931982,0.0045504750,0.0043700000,0.0039951000,0.8144%,-7.8345%,no,0.0042689839,0.30,not_placed,,0.0042931982,0.40,not_placed,,0.0043174125,0.30,not_placed,,0,rejected_origin_floor,0.0043700000,0.0039951000,0.0043351000
AKEUSDT,2026-07-30T15:13:35+08:00,2026-07-30T15:13:36+08:00,2026-07-30T15:16:35+08:00,0.0043015000,10.5812%,0.1187%,-0.2227%,4957515.0000000000,183927.0000000000,5.3907x,0.0035313000,21.8107%,0.0035131000,0.0038644100,0.0043015000,0.0000620214,momentum_atr_estimate,0.0042549839,0.0045185750,0.0043013000,0.0038859000,-0.0046%,-9.6617%,no,0.0042301754,0.30,not_placed,,0.0042549839,0.40,not_placed,,0.0042797925,0.30,not_placed,,0,rejected_origin_floor,0.0043013000,0.0038859000,0.0042929000
AKEUSDT,2026-07-30T15:32:43+08:00,2026-07-30T15:32:44+08:00,2026-07-30T15:35:43+08:00,0.0043514000,9.4499%,-0.3435%,-0.6734%,5656603.0000000000,145686.0000000000,7.7655x,0.0035930000,21.1077%,0.0035131000,0.0038644100,0.0043516000,0.0000703357,momentum_atr_estimate,0.0042988482,0.0045977750,0.0043844000,0.0038952000,0.7584%,-10.4840%,no,0.0042707139,0.30,not_placed,,0.0042988482,0.40,not_placed,,0.0043269825,0.30,not_placed,,0,rejected_origin_floor,0.0043844000,0.0038503000,0.0038676000
AKEUSDT,2026-07-30T15:35:57+08:00,2026-07-30T15:35:58+08:00,2026-07-30T15:38:57+08:00,0.0043423000,12.3784%,-0.1449%,0.2401%,2506542.0000000000,96957.0000000000,5.1704x,0.0035930000,20.8544%,0.0035131000,0.0038644100,0.0043437000,0.0000703357,momentum_atr_estimate,0.0042909482,0.0045898750,0.0043719000,0.0038423000,0.6817%,-11.5146%,no,0.0042628139,0.30,not_placed,,0.0042909482,0.40,not_placed,,0.0043190825,0.30,not_placed,,0,rejected_origin_floor,0.0043787000,0.0038423000,0.0043605000
AKEUSDT,2026-07-30T15:39:34+08:00,2026-07-30T15:39:35+08:00,2026-07-30T15:42:34+08:00,0.0043616000,12.1580%,0.0803%,0.0642%,2806416.0000000000,71195.0000000000,7.8837x,0.0035930000,21.3916%,0.0035131000,0.0038644100,0.0043616000,0.0000764857,momentum_atr_estimate,0.0043042357,0.0046293000,0.0043787000,0.0039202000,0.3921%,-10.1201%,no,0.0042736414,0.30,not_placed,,0.0043042357,0.40,not_placed,,0.0043348300,0.30,not_placed,,0,rejected_origin_floor,0.0043787000,0.0039202000,0.0043600000
AKEUSDT,2026-07-30T15:42:43+08:00,2026-07-30T15:42:44+08:00,2026-07-30T15:45:43+08:00,0.0043633000,9.6472%,9.9622%,0.2873%,3392368.0000000000,104024.0000000000,6.5223x,0.0035930000,21.4389%,0.0035131000,0.0038644100,0.0043633000,0.0000818429,momentum_atr_estimate,0.0043019179,0.0046497500,0.0043722000,0.0039327000,0.2040%,-9.8687%,no,0.0042691807,0.30,not_placed,,0.0043019179,0.40,not_placed,,0.0043346550,0.30,not_placed,,0,rejected_origin_floor,0.0043791000,0.0039248000,0.0043613000
AKEUSDT,2026-07-30T15:47:46+08:00,2026-07-30T15:47:47+08:00,2026-07-30T15:50:46+08:00,0.0043607000,10.9057%,0.0069%,-0.0275%,4576733.0000000000,110490.0000000000,8.2844x,0.0035930000,21.3665%,0.0035131000,0.0038644100,0.0043608000,0.0000849214,momentum_atr_estimate,0.0042971089,0.0046580250,0.0043829000,0.0039079000,0.5091%,-10.3837%,no,0.0042631404,0.30,not_placed,,0.0042971089,0.40,not_placed,,0.0043310775,0.30,not_placed,,0,rejected_origin_floor,0.0043879000,0.0039079000,0.0043625000
AKEUSDT,2026-07-30T15:51:44+08:00,2026-07-30T15:51:45+08:00,2026-07-30T15:54:44+08:00,0.0043683000,9.5004%,-0.1189%,-0.0481%,2225385.0000000000,117090.0000000000,3.8012x,0.0035930000,21.5781%,0.0035131000,0.0038644100,0.0043683000,0.0000929571,momentum_atr_estimate,0.0042985821,0.0046936500,0.0043797000,0.0039841000,0.2610%,-8.7952%,no,0.0042613993,0.30,not_placed,,0.0042985821,0.40,not_placed,,0.0043357650,0.30,not_placed,,0,rejected_origin_floor,0.0043797000,0.0039841000,0.0043523000
AKEUSDT,2026-07-30T15:54:51+08:00,2026-07-30T15:54:52+08:00,2026-07-30T15:57:51+08:00,0.0043558000,7.5772%,-0.1330%,-0.2039%,853323.0000000000,44131.0000000000,3.8672x,0.0035930000,21.2302%,0.0035131000,0.0038644100,0.0043560000,0.0000929571,momentum_atr_estimate,0.0042862821,0.0046813500,0.0043705000,0.0040421000,0.3375%,-7.2019%,no,0.0042490993,0.30,not_placed,,0.0042862821,0.40,not_placed,,0.0043234650,0.30,not_placed,,0,rejected_origin_floor,0.0043705000,0.0040421000,0.0043214000
AKEUSDT,2026-07-30T15:58:42+08:00,2026-07-30T15:58:43+08:00,2026-07-30T16:01:42+08:00,0.0043352000,6.0755%,-0.1681%,5.3204%,2715357.0000000000,79374.0000000000,6.8419x,0.0035930000,20.6568%,0.0035131000,0.0038644100,0.0043388000,0.0000994143,momentum_atr_estimate,0.0042642393,0.0046867500,0.0043631000,0.0041167000,0.6436%,-5.0401%,no,0.0042244736,0.30,not_placed,,0.0042642393,0.40,not_placed,,0.0043040050,0.30,not_placed,,0,rejected_origin_floor,0.0043631000,0.0040704000,0.0043378000
AKEUSDT,2026-07-30T16:04:49+08:00,2026-07-30T16:04:50+08:00,2026-07-30T16:07:49+08:00,0.0043347000,6.1386%,0.2660%,-0.0023%,1818534.0000000000,41558.0000000000,8.7518x,0.0035930000,20.6429%,0.0035131000,0.0038644100,0.0043357000,0.0001038357,momentum_atr_estimate,0.0042578232,0.0046991250,0.0043605000,0.0040678000,0.5952%,-6.1573%,no,0.0042162889,0.30,not_placed,,0.0042578232,0.40,not_placed,,0.0042993575,0.30,not_placed,,0,rejected_origin_floor,0.0043605000,0.0040678000,0.0043408000
AKEUSDT,2026-07-30T16:08:21+08:00,2026-07-30T16:08:22+08:00,2026-07-30T16:11:21+08:00,0.0043414000,5.1619%,0.0507%,-0.3192%,938641.0000000000,33417.0000000000,5.6177x,0.0035930000,20.8294%,0.0035131000,0.0038644100,0.0043419000,0.0001036429,momentum_atr_estimate,0.0042641679,0.0047046500,0.0043486000,0.0040926000,0.1658%,-5.7309%,no,0.0042227107,0.30,not_placed,,0.0042641679,0.40,not_placed,,0.0043056250,0.30,not_placed,,0,rejected_origin_floor,0.0043615000,0.0040926000,0.0043510000
AKEUSDT,2026-07-30T16:21:25+08:00,2026-07-30T16:21:26+08:00,2026-07-30T16:24:25+08:00,0.0043568000,5.8632%,-0.0803%,-0.1581%,9588027.0000000000,73852.0000000000,25.9655x,0.0035930000,21.2580%,0.0035131000,0.0038644100,0.0043636000,0.0001119000,momentum_atr_estimate,0.0042796750,0.0047552500,0.0044123000,0.0041032000,1.2739%,-5.8208%,no,0.0042349150,0.30,not_placed,,0.0042796750,0.40,not_placed,,0.0043244350,0.30,not_placed,,0,rejected_origin_floor,0.0044123000,0.0041032000,0.0043833000
AKEUSDT,2026-07-30T16:24:55+08:00,2026-07-30T16:24:56+08:00,2026-07-30T16:27:55+08:00,0.0043845000,5.5692%,0.0046%,-0.0068%,2062686.0000000000,47166.0000000000,8.7465x,0.0035930000,22.0289%,0.0035131000,0.0038644100,0.0043849000,0.0001119000,momentum_atr_estimate,0.0043009750,0.0047765500,0.0044335000,0.0041187000,1.1176%,-6.0623%,no,0.0042562150,0.30,not_placed,,0.0043009750,0.40,not_placed,,0.0043457350,0.30,not_placed,,0,rejected_origin_floor,0.0044335000,0.0041187000,0.0042956000
AKEUSDT,2026-07-30T16:38:12+08:00,2026-07-30T16:38:13+08:00,2026-07-30T16:41:12+08:00,0.0043379000,5.0059%,-0.0277%,-0.3675%,1416102.0000000000,62714.0000000000,4.5161x,0.0035930000,20.7320%,0.0035131000,0.0038644100,0.0043430000,0.0001036643,momentum_atr_estimate,0.0042652518,0.0047058250,0.0043554000,0.0041354000,0.4034%,-4.6682%,no,0.0042237861,0.30,not_placed,,0.0042652518,0.40,not_placed,,0.0043067175,0.30,not_placed,,0,rejected_origin_floor,0.0043554000,0.0041354000,0.0042746000
AKEUSDT,2026-07-30T16:51:56+08:00,2026-07-30T16:51:57+08:00,2026-07-30T16:54:56+08:00,0.0043805000,12.2802%,0.0411%,0.4679%,3863854.0000000000,254146.0000000000,3.0407x,0.0035930000,21.9176%,0.0035131000,0.0038644100,0.0043830000,0.0001026929,momentum_atr_estimate,0.0043059804,0.0047424250,0.0044194000,0.0038890000,0.8880%,-11.2202%,no,0.0042649032,0.30,not_placed,,0.0043059804,0.40,not_placed,,0.0043470575,0.30,not_placed,,0,rejected_origin_floor,0.0044194000,0.0038890000,0.0043552000
AKEUSDT,2026-07-30T16:55:09+08:00,2026-07-30T16:55:10+08:00,2026-07-30T16:58:09+08:00,0.0043442000,10.0160%,-0.0023%,-0.0575%,1675090.0000000000,74813.0000000000,4.4781x,0.0035930000,20.9073%,0.0035131000,0.0038644100,0.0043442000,0.0001026929,momentum_atr_estimate,0.0042671804,0.0047036250,0.0043866000,0.0039344000,0.9760%,-9.4333%,no,0.0042261032,0.30,not_placed,,0.0042671804,0.40,not_placed,,0.0043082575,0.30,not_placed,,0,rejected_origin_floor,0.0043866000,0.0038931000,0.0043515000
AKEUSDT,2026-07-30T16:59:16+08:00,2026-07-30T16:59:17+08:00,2026-07-30T17:02:16+08:00,0.0043687000,11.0385%,0.0321%,12.1560%,2148825.0000000000,48030.0000000000,8.9478x,0.0035930000,21.5892%,0.0035131000,0.0038644100,0.0043700000,0.0001031214,momentum_atr_estimate,0.0042926589,0.0047309250,0.0043814000,0.0039050000,0.2907%,-10.6141%,no,0.0042514104,0.30,not_placed,,0.0042926589,0.40,not_placed,,0.0043339075,0.30,not_placed,,0,rejected_origin_floor,0.0044303000,0.0038741000,0.0044138000
AKEUSDT,2026-07-30T17:03:36+08:00,2026-07-30T17:03:37+08:00,2026-07-30T17:06:36+08:00,0.0043839000,13.1183%,0.1966%,0.1737%,3968973.0000000000,85525.0000000000,9.2814x,0.0035930000,22.0122%,0.0035131000,0.0038644100,0.0043850000,0.0001010643,momentum_atr_estimate,0.0043092018,0.0047387250,0.0044780000,0.0043848000,2.1465%,0.0205%,no,0.0042687761,0.30,not_placed,,0.0043092018,0.40,not_placed,,0.0043496275,0.30,not_placed,,0,rejected_origin_floor,0.0044893000,0.0043848000,0.0044468000
AKEUSDT,2026-07-30T17:09:23+08:00,2026-07-30T17:09:24+08:00,2026-07-30T17:12:23+08:00,0.0044556000,14.1934%,-0.0381%,0.1641%,15908705.0000000000,84772.0000000000,37.5329x,0.0035930000,24.0078%,0.0035131000,0.0038644100,0.0044585000,0.0001013786,momentum_atr_estimate,0.0043824661,0.0048133250,0.0044677000,0.0038733000,0.2716%,-13.0689%,no,0.0043419146,0.30,not_placed,,0.0043824661,0.40,not_placed,,0.0044230175,0.30,not_placed,,0,rejected_origin_floor,0.0044677000,0.0038733000,0.0044100000
AKEUSDT,2026-07-30T17:13:11+08:00,2026-07-30T17:13:12+08:00,2026-07-30T17:16:11+08:00,0.0044157000,11.1595%,11.4063%,0.3591%,1503165.0000000000,98710.0000000000,3.0456x,0.0035930000,22.8973%,0.0035131000,0.0038644100,0.0044217000,0.0001032286,momentum_atr_estimate,0.0043442786,0.0047830000,0.0044183000,0.0039561000,0.0589%,-10.4083%,no,0.0043029871,0.30,not_placed,,0.0043442786,0.40,not_placed,,0.0043855700,0.30,not_placed,,0,rejected_origin_floor,0.0044406000,0.0039561000,0.0044278000
AKEUSDT,2026-07-30T17:16:16+08:00,2026-07-30T17:16:17+08:00,2026-07-30T17:19:16+08:00,0.0044027000,9.4301%,-0.2108%,0.1069%,1886886.0000000000,121376.0000000000,3.1092x,0.0035930000,22.5355%,0.0035131000,0.0038644100,0.0044034000,0.0001047000,momentum_atr_estimate,0.0043248750,0.0047698500,0.0044406000,0.0039468000,0.8608%,-10.3550%,no,0.0042829950,0.30,not_placed,,0.0043248750,0.40,not_placed,,0.0043667550,0.30,not_placed,,0,rejected_origin_floor,0.0044406000,0.0039468000,0.0043946000
AKEUSDT,2026-07-30T17:19:26+08:00,2026-07-30T17:19:27+08:00,2026-07-30T17:22:26+08:00,0.0044214000,11.0542%,0.0249%,-0.0926%,3018103.0000000000,128142.0000000000,4.7106x,0.0035930000,23.0559%,0.0035131000,0.0038644100,0.0044241000,0.0001047000,momentum_atr_estimate,0.0043455750,0.0047905500,0.0044261000,0.0039891000,0.1063%,-9.7774%,no,0.0043036950,0.30,not_placed,,0.0043455750,0.40,not_placed,,0.0043874550,0.30,not_placed,,0,rejected_origin_floor,0.0044261000,0.0039793000,0.0043927000
AKEUSDT,2026-07-30T17:22:47+08:00,2026-07-30T17:22:48+08:00,2026-07-30T17:25:48+08:00,0.0043849000,9.6252%,-0.0182%,-0.1480%,1428397.0000000000,94793.0000000000,3.0137x,0.0035930000,22.0401%,0.0035131000,0.0038644100,0.0043849000,0.0000960143,momentum_atr_estimate,0.0043128893,0.0047209500,0.0044261000,0.0039688000,0.9396%,-9.4894%,no,0.0042744836,0.30,not_placed,,0.0043128893,0.40,not_placed,,0.0043512950,0.30,not_placed,,0,rejected_origin_floor,0.0044261000,0.0039607000,0.0039678000
AKEUSDT,2026-07-30T17:27:24+08:00,2026-07-30T17:27:25+08:00,2026-07-30T17:30:25+08:00,0.0044180000,11.2622%,0.4593%,0.1678%,1336028.0000000000,45323.0000000000,5.8956x,0.0035930000,22.9613%,0.0035131000,0.0038644100,0.0044182000,0.0000942786,momentum_atr_estimate,0.0043474911,0.0047481750,0.0044499000,0.0039566000,0.7220%,-10.4436%,no,0.0043097796,0.30,not_placed,,0.0043474911,0.40,not_placed,,0.0043852025,0.30,not_placed,,0,rejected_origin_floor,0.0044577000,0.0039392000,0.0044522000
AKEUSDT,2026-07-30T17:30:37+08:00,2026-07-30T17:30:38+08:00,2026-07-30T17:33:37+08:00,0.0044114000,10.4424%,10.6446%,-0.5926%,18638489.0000000000,150034.0000000000,24.8457x,0.0035930000,22.7776%,0.0035131000,0.0038644100,0.0044114000,0.0000942786,momentum_atr_estimate,0.0043406911,0.0047413750,0.0044596000,0.0039392000,1.0926%,-10.7041%,no,0.0043029796,0.30,not_placed,,0.0043406911,0.40,not_placed,,0.0043784025,0.30,not_placed,,0,rejected_origin_floor,0.0044596000,0.0039392000,0.0044368000
AKEUSDT,2026-07-30T17:34:10+08:00,2026-07-30T17:34:11+08:00,2026-07-30T17:37:11+08:00,0.0044121000,11.3773%,-0.0295%,-0.1652%,2684326.0000000000,67910.0000000000,7.9055x,0.0035930000,22.7971%,0.0035131000,0.0038644100,0.0044143000,0.0000934214,momentum_atr_estimate,0.0043442339,0.0047412750,0.0044591000,0.0039708000,1.0653%,-10.0020%,no,0.0043068654,0.30,not_placed,,0.0043442339,0.40,not_placed,,0.0043816025,0.30,not_placed,,0,rejected_origin_floor,0.0044591000,0.0039708000,0.0044260000
AKEUSDT,2026-07-30T17:39:55+08:00,2026-07-30T17:39:56+08:00,2026-07-30T17:42:55+08:00,0.0044267000,10.7007%,0.1312%,0.1765%,658028.0000000000,33112.0000000000,3.9746x,0.0035930000,23.2035%,0.0035131000,0.0038644100,0.0044267000,0.0000931500,momentum_atr_estimate,0.0043568375,0.0047527250,0.0044369000,0.0039933000,0.2304%,-9.7906%,no,0.0043195775,0.30,not_placed,,0.0043568375,0.40,not_placed,,0.0043940975,0.30,not_placed,,0,rejected_origin_floor,0.0044369000,0.0039933000,0.0039949000
AKEUSDT,2026-07-30T17:43:00+08:00,2026-07-30T17:43:01+08:00,2026-07-30T17:46:02+08:00,0.0044102000,9.6029%,0.0340%,-0.1200%,2021021.0000000000,46312.0000000000,8.7279x,0.0035930000,22.7442%,0.0035131000,0.0038644100,0.0044108000,0.0000923143,momentum_atr_estimate,0.0043415643,0.0047339000,0.0044243000,0.0039815000,0.3197%,-9.7206%,no,0.0043046386,0.30,not_placed,,0.0043415643,0.40,not_placed,,0.0043784900,0.30,not_placed,,0,rejected_origin_floor,0.0044243000,0.0039815000,0.0043995000
AKEUSDT,2026-07-30T17:49:49+08:00,2026-07-30T17:49:50+08:00,2026-07-30T17:52:51+08:00,0.0043882000,9.8891%,0.0228%,0.0890%,602260.0000000000,31897.0000000000,3.7763x,0.0035930000,22.1319%,0.0035131000,0.0038644100,0.0043899000,0.0000918500,momentum_atr_estimate,0.0043210125,0.0047113750,0.0044058000,0.0039821000,0.4011%,-9.2544%,no,0.0042842725,0.30,not_placed,,0.0043210125,0.40,not_placed,,0.0043577525,0.30,not_placed,,0,rejected_origin_floor,0.0044058000,0.0039821000,0.0043949000
AKEUSDT,2026-07-30T17:55:07+08:00,2026-07-30T17:55:08+08:00,2026-07-30T17:58:08+08:00,0.0043984000,10.0178%,0.1275%,0.1457%,775795.0000000000,39733.0000000000,3.9050x,0.0035930000,22.4158%,0.0035131000,0.0038644100,0.0043986000,0.0000924000,momentum_atr_estimate,0.0043293000,0.0047220000,0.0044045000,0.0040003000,0.1387%,-9.0510%,no,0.0042923400,0.30,not_placed,,0.0043293000,0.40,not_placed,,0.0043662600,0.30,not_placed,,0,rejected_origin_floor,0.0044045000,0.0040003000,0.0043787000
AKEUSDT,2026-07-30T17:58:07+08:00,2026-07-30T17:58:08+08:00,2026-07-30T18:01:07+08:00,0.0043872000,8.9663%,0.0707%,-0.0888%,3636742.0000000000,25279.0000000000,28.7728x,0.0035930000,22.1041%,0.0035131000,0.0038644100,0.0043893000,0.0000886000,momentum_atr_estimate,0.0043228500,0.0046994000,0.0043897000,0.0040327000,0.0570%,-8.0803%,no,0.0042874100,0.30,not_placed,,0.0043228500,0.40,not_placed,,0.0043582900,0.30,not_placed,,0,rejected_origin_floor,0.0044047000,0.0040327000,0.0043989000
AKEUSDT,2026-07-30T18:02:54+08:00,2026-07-30T18:02:55+08:00,2026-07-30T18:05:54+08:00,0.0043823000,6.5734%,6.2994%,0.7124%,4581672.0000000000,121225.0000000000,7.5590x,0.0035930000,21.9677%,0.0035131000,0.0038644100,0.0043824000,0.0000865143,momentum_atr_estimate,0.0043175143,0.0046852000,0.0044333000,0.0041064000,1.1638%,-6.2958%,no,0.0042829086,0.30,not_placed,,0.0043175143,0.40,not_placed,,0.0043521200,0.30,not_placed,,0,rejected_origin_floor,0.0044333000,0.0041027000,0.0044090000
AKEUSDT,2026-07-30T18:08:49+08:00,2026-07-30T18:08:50+08:00,2026-07-30T18:11:49+08:00,0.0044046000,7.5447%,7.6130%,-0.2130%,1218467.0000000000,52006.0000000000,4.6859x,0.0035930000,22.5884%,0.0035131000,0.0038644100,0.0044096000,0.0000843929,momentum_atr_estimate,0.0043463054,0.0047049750,0.0044095000,0.0040944000,0.1112%,-7.0426%,no,0.0043125482,0.30,not_placed,,0.0043463054,0.40,not_placed,,0.0043800625,0.30,not_placed,,0,rejected_origin_floor,0.0044095000,0.0040856000,0.0043883000
AKEUSDT,2026-07-30T18:12:23+08:00,2026-07-30T18:12:24+08:00,2026-07-30T18:15:24+08:00,0.0043918000,7.2583%,7.0414%,7.0127%,900124.0000000000,41692.0000000000,4.3180x,0.0035930000,22.2321%,0.0035131000,0.0038644100,0.0043918000,0.0000786071,momentum_atr_estimate,0.0043328446,0.0046669250,0.0043964000,0.0040856000,0.1047%,-6.9721%,no,0.0043014018,0.30,not_placed,,0.0043328446,0.40,not_placed,,0.0043642875,0.30,not_placed,,0,rejected_origin_floor,0.0043964000,0.0040856000,0.0043801000
AKEUSDT,2026-07-30T18:16:03+08:00,2026-07-30T18:16:04+08:00,2026-07-30T18:19:03+08:00,0.0043860000,6.9834%,0.0456%,7.0958%,2409840.0000000000,77416.0000000000,6.2257x,0.0035930000,22.0707%,0.0035131000,0.0038644100,0.0043860000,0.0000726429,momentum_atr_estimate,0.0043315179,0.0046402500,0.0044039000,0.0040751000,0.4081%,-7.0885%,no,0.0043024607,0.30,not_placed,,0.0043315179,0.40,not_placed,,0.0043605750,0.30,not_placed,,0,rejected_origin_floor,0.0044266000,0.0040699000,0.0044239000
AKEUSDT,2026-07-30T18:19:08+08:00,2026-07-30T18:19:09+08:00,2026-07-30T18:22:08+08:00,0.0043940000,7.1733%,0.0911%,-0.0273%,910367.0000000000,37544.0000000000,4.8496x,0.0035930000,22.2933%,0.0035131000,0.0038644100,0.0043940000,0.0000726429,momentum_atr_estimate,0.0043395179,0.0046482500,0.0044291000,0.0040699000,0.7988%,-7.3760%,no,0.0043104607,0.30,not_placed,,0.0043395179,0.40,not_placed,,0.0043685750,0.30,not_placed,,0,rejected_origin_floor,0.0044291000,0.0040699000,0.0044001000
AKEUSDT,2026-07-30T18:22:32+08:00,2026-07-30T18:22:33+08:00,2026-07-30T18:25:34+08:00,0.0044114000,7.4824%,-0.0770%,-0.0589%,710638.0000000000,46558.0000000000,3.0527x,0.0035930000,22.7776%,0.0035131000,0.0038644100,0.0044114000,0.0000637786,momentum_atr_estimate,0.0043635661,0.0046346250,0.0044224000,0.0040719000,0.2494%,-7.6960%,no,0.0043380546,0.30,not_placed,,0.0043635661,0.40,not_placed,,0.0043890775,0.30,not_placed,,0,rejected_origin_floor,0.0044224000,0.0040719000,0.0043860000
AKEUSDT,2026-07-30T18:27:02+08:00,2026-07-30T18:27:03+08:00,2026-07-30T18:30:02+08:00,0.0043906000,6.9287%,0.1209%,6.8585%,723397.0000000000,42652.0000000000,3.3921x,0.0035930000,22.1987%,0.0035131000,0.0038644100,0.0043906000,0.0000573000,momentum_atr_estimate,0.0043476250,0.0045911500,0.0044076000,0.0040872000,0.3872%,-6.9102%,no,0.0043247050,0.30,not_placed,,0.0043476250,0.40,not_placed,,0.0043705450,0.30,not_placed,,0,rejected_origin_floor,0.0044206000,0.0040796000,0.0044081000
AKEUSDT,2026-07-30T18:30:03+08:00,2026-07-30T18:30:04+08:00,2026-07-30T18:33:05+08:00,0.0043981000,7.0045%,0.0865%,0.0205%,1030888.0000000000,24188.0000000000,8.5240x,0.0035930000,22.4075%,0.0035131000,0.0038644100,0.0043981000,0.0000573000,momentum_atr_estimate,0.0043551250,0.0045986500,0.0044458000,0.0040796000,1.0846%,-7.2418%,no,0.0043322050,0.30,not_placed,,0.0043551250,0.40,not_placed,,0.0043780450,0.30,not_placed,,0,rejected_origin_floor,0.0044509000,0.0040796000,0.0044420000
AKEUSDT,2026-07-30T18:34:25+08:00,2026-07-30T18:34:26+08:00,2026-07-30T18:37:26+08:00,0.0044368000,8.0618%,0.1332%,-0.1485%,2785991.0000000000,119264.0000000000,4.6720x,0.0035930000,23.4846%,0.0035131000,0.0038644100,0.0044390000,0.0000561857,momentum_atr_estimate,0.0043968607,0.0046356500,0.0044550000,0.0040969000,0.4102%,-7.6609%,no,0.0043743864,0.30,not_placed,,0.0043968607,0.40,not_placed,,0.0044193350,0.30,not_placed,,0,rejected_origin_floor,0.0044550000,0.0040811000,0.0044314000
AKEUSDT,2026-07-30T18:37:29+08:00,2026-07-30T18:37:30+08:00,2026-07-30T18:40:29+08:00,0.0044371000,7.3708%,-0.1979%,-0.0721%,1638468.0000000000,52614.0000000000,6.2283x,0.0035930000,23.4929%,0.0035131000,0.0038644100,0.0044390000,0.0000573286,momentum_atr_estimate,0.0043960036,0.0046396500,0.0044441000,0.0040366000,0.1578%,-9.0262%,no,0.0043730721,0.30,not_placed,,0.0043960036,0.40,not_placed,,0.0044189350,0.30,not_placed,,0,rejected_origin_floor,0.0044441000,0.0040366000,0.0044214000
AKEUSDT,2026-07-30T18:40:29+08:00,2026-07-30T18:40:30+08:00,2026-07-30T18:43:29+08:00,0.0044214000,9.3973%,-0.0814%,-0.1197%,1573890.0000000000,83656.0000000000,3.7628x,0.0035930000,23.0559%,0.0035131000,0.0038644100,0.0044256000,0.0000573286,momentum_atr_estimate,0.0043826036,0.0046262500,0.0044485000,0.0040415000,0.6129%,-8.5923%,no,0.0043596721,0.30,not_placed,,0.0043826036,0.40,not_placed,,0.0044055350,0.30,not_placed,,0,rejected_origin_floor,0.0044485000,0.0040415000,0.0044268000
AKEUSDT,2026-07-30T18:47:42+08:00,2026-07-30T18:47:43+08:00,2026-07-30T18:50:42+08:00,0.0044169000,9.1752%,-0.0792%,0.0657%,885277.0000000000,40002.0000000000,4.4262x,0.0035930000,22.9307%,0.0035131000,0.0038644100,0.0044186000,0.0000576929,momentum_atr_estimate,0.0043753304,0.0046205250,0.0044466000,0.0040113000,0.6724%,-9.1829%,no,0.0043522532,0.30,not_placed,,0.0043753304,0.40,not_placed,,0.0043984075,0.30,not_placed,,0,rejected_origin_floor,0.0044466000,0.0040007000,0.0044342000
AKEUSDT,2026-07-30T18:51:53+08:00,2026-07-30T18:51:54+08:00,2026-07-30T18:54:58+08:00,0.0044296000,10.3208%,10.3978%,-0.1218%,1948329.0000000000,30310.0000000000,12.8560x,0.0035930000,23.2842%,0.0035131000,0.0038644100,0.0044296000,0.0000572500,momentum_atr_estimate,0.0043866625,0.0046299750,0.0044388000,0.0040123000,0.2077%,-9.4207%,no,0.0043637625,0.30,not_placed,,0.0043866625,0.40,not_placed,,0.0044095625,0.30,not_placed,,0,rejected_origin_floor,0.0044388000,0.0040029000,0.0043920000
AKEUSDT,2026-07-30T18:54:59+08:00,2026-07-30T18:55:00+08:00,2026-07-30T18:58:02+08:00,0.0044103000,9.3255%,9.3011%,-0.4829%,2098671.0000000000,39281.0000000000,10.6854x,0.0035930000,22.7470%,0.0035131000,0.0038644100,0.0044140000,0.0000572500,momentum_atr_estimate,0.0043710625,0.0046143750,0.0044134000,0.0040029000,0.0703%,-9.2375%,no,0.0043481625,0.30,not_placed,,0.0043710625,0.40,not_placed,,0.0043939625,0.30,not_placed,,0,rejected_origin_floor,0.0044134000,0.0040029000,0.0043672000
AKEUSDT,2026-07-30T19:04:53+08:00,2026-07-30T19:04:54+08:00,2026-07-30T19:07:54+08:00,0.0043202000,7.5908%,0.0185%,0.1739%,6110736.0000000000,206767.0000000000,5.9107x,0.0035930000,20.2394%,0.0035131000,0.0038644100,0.0043202000,0.0000535500,momentum_atr_estimate,0.0042800375,0.0045076250,0.0043494000,0.0040123000,0.6759%,-7.1270%,no,0.0042586175,0.30,not_placed,,0.0042800375,0.40,not_placed,,0.0043014575,0.30,not_placed,,0,rejected_origin_floor,0.0043494000,0.0040123000,0.0043248000
AKEUSDT,2026-07-30T19:09:24+08:00,2026-07-30T19:09:25+08:00,2026-07-30T19:12:26+08:00,0.0043223000,6.8184%,0.0046%,-0.0509%,3376719.0000000000,111469.0000000000,6.0586x,0.0035930000,20.2978%,0.0035131000,0.0038644100,0.0043268000,0.0000510714,momentum_atr_estimate,0.0042884964,0.0045055500,0.0043468000,0.0040569000,0.5668%,-6.1402%,no,0.0042680679,0.30,not_placed,,0.0042884964,0.40,not_placed,,0.0043089250,0.30,not_placed,,0,rejected_origin_floor,0.0043468000,0.0040290000,0.0043354000
AKEUSDT,2026-07-30T19:13:31+08:00,2026-07-30T19:13:32+08:00,2026-07-30T19:16:31+08:00,0.0043357000,6.7065%,0.0138%,0.3309%,2173498.0000000000,70867.0000000000,6.1340x,0.0035930000,20.6707%,0.0035313000,0.0038844300,0.0043370000,0.0000506857,momentum_atr_estimate,0.0042989857,0.0045144000,0.0043442000,0.0040228000,0.1960%,-7.2168%,no,0.0042787114,0.30,not_placed,,0.0042989857,0.40,not_placed,,0.0043192600,0.30,not_placed,,0,rejected_origin_floor,0.0043698000,0.0040228000,0.0043537000
AKEUSDT,2026-07-30T19:20:13+08:00,2026-07-30T19:20:14+08:00,2026-07-30T19:23:13+08:00,0.0043845000,6.7126%,0.1599%,0.1668%,2147225.0000000000,117923.0000000000,3.6417x,0.0035930000,22.0289%,0.0035930000,0.0039523000,0.0043909000,0.0000566786,momentum_atr_estimate,0.0043483911,0.0045892750,0.0043915000,0.0041161000,0.1597%,-6.1216%,no,0.0043257196,0.30,not_placed,,0.0043483911,0.40,not_placed,,0.0043710625,0.30,not_placed,,0,rejected_origin_floor,0.0043915000,0.0041161000,0.0043427000
AKEUSDT,2026-07-30T20:42:44+08:00,2026-07-30T20:42:45+08:00,2026-07-30T20:45:44+08:00,0.0046717000,5.9246%,2.3755%,5.9583%,55361582.0000000000,92126.0000000000,120.1867x,0.0035930000,30.0223%,0.0035930000,0.0039523000,0.0047337000,0.0001060643,momentum_atr_estimate,0.0046541518,0.0051049250,0.0046839000,0.0043902000,0.2611%,-6.0256%,no,0.0046117261,0.30,not_placed,,0.0046541518,0.40,not_placed,,0.0046965775,0.30,not_placed,,0,rejected_origin_floor,0.0046839000,0.0043828000,0.0043828000
AKEUSDT,2026-07-30T20:49:02+08:00,2026-07-30T20:49:03+08:00,2026-07-30T20:52:02+08:00,0.0046268000,5.0018%,5.0614%,5.5359%,2686776.0000000000,26940.0000000000,19.9464x,0.0035930000,28.7726%,0.0035930000,0.0039523000,0.0047337000,0.0001102357,momentum_atr_estimate,0.0046510232,0.0051195250,0.0046542000,0.0043896000,0.5922%,-5.1267%,no,0.0046069289,0.30,not_placed,,0.0046510232,0.40,not_placed,,0.0046951175,0.30,not_placed,,0,rejected_origin_floor,0.0046542000,0.0043896000,0.0044152000
AKEUSDT,2026-07-30T20:52:02+08:00,2026-07-30T20:52:03+08:00,2026-07-30T20:55:02+08:00,0.0046274000,5.1037%,-0.0756%,-0.0540%,2263212.0000000000,39243.0000000000,11.5343x,0.0035930000,28.7893%,0.0035930000,0.0039523000,0.0047337000,0.0001127643,momentum_atr_estimate,0.0046491268,0.0051283750,0.0046132000,0.0043999000,-0.3069%,-4.9164%,no,0.0046040211,0.30,not_placed,,0.0046491268,0.40,not_placed,,0.0046942325,0.30,not_placed,,0,rejected_origin_floor,0.0046132000,0.0043999000,0.0044655000
AKEUSDT,2026-07-30T21:21:42+08:00,2026-07-30T21:21:43+08:00,2026-07-30T21:24:42+08:00,0.0044890000,5.9976%,0.1204%,4.4026%,3585599.0000000000,54754.0000000000,13.0971x,0.0035930000,24.9374%,0.0035930000,0.0039523000,0.0047164000,0.0001470929,momentum_atr_estimate,0.0046060804,0.0052312250,0.0044930000,0.0042462000,0.0891%,-5.4088%,no,0.0045472432,0.30,unfilled,,0.0046060804,0.40,unfilled,,0.0046649175,0.30,unfilled,,0,no_fill,0.0044930000,0.0042411000,0.0044578000
AKEUSDT,2026-07-31T00:54:32+08:00,2026-07-31T00:54:33+08:00,2026-07-31T00:57:32+08:00,0.0045872000,5.4529%,-0.0087%,-0.0283%,3171998.0000000000,52188.0000000000,12.1560x,0.0038002000,20.7094%,0.0035930000,0.0039523000,0.0045873000,0.0000646857,momentum_atr_estimate,0.0045387857,0.0048137000,0.0046405000,0.0043304000,1.1619%,-5.5982%,no,0.0045129114,0.30,not_placed,,0.0045387857,0.40,not_placed,,0.0045646600,0.30,not_placed,,0,rejected_origin_floor,0.0046405000,0.0043304000,0.0045974000
AKEUSDT,2026-07-31T00:57:56+08:00,2026-07-31T00:57:57+08:00,2026-07-31T01:00:56+08:00,0.0045926000,5.0193%,-0.3947%,-0.8891%,3935547.0000000000,106467.0000000000,7.3930x,0.0038002000,20.8515%,0.0035930000,0.0039523000,0.0045993000,0.0000650857,momentum_atr_estimate,0.0045504857,0.0048271000,0.0046248000,0.0043628000,0.7011%,-5.0037%,no,0.0045244514,0.30,not_placed,,0.0045504857,0.40,not_placed,,0.0045765200,0.30,not_placed,,0,rejected_origin_floor,0.0046248000,0.0043318000,0.0045378000
AKEUSDT,2026-07-31T21:00:37+08:00,2026-07-31T21:00:38+08:00,2026-07-31T21:03:37+08:00,0.0044066000,15.7560%,-0.0726%,0.0250%,5468346.0000000000,117812.0000000000,9.2832x,0.0036712000,20.0316%,0.0036712000,0.0040383200,0.0044066000,0.0000920786,momentum_atr_estimate,0.0043375411,0.0047288750,0.0044207000,0.0037934000,0.3200%,-13.9155%,no,0.0043007096,0.30,not_placed,,0.0043375411,0.40,not_placed,,0.0043743725,0.30,not_placed,,0,rejected_origin_floor,0.0044207000,0.0037850000,0.0043980000
AKEUSDT,2026-07-31T21:33:38+08:00,2026-07-31T21:33:39+08:00,2026-07-31T21:36:41+08:00,0.0044120000,14.5587%,0.2226%,0.2044%,1307226.0000000000,37092.0000000000,7.0486x,0.0036712000,20.1787%,0.0036712000,0.0040383200,0.0044120000,0.0000874500,momentum_atr_estimate,0.0043464125,0.0047180750,0.0044120000,0.0038498000,0.0000%,-12.7425%,no,0.0043114325,0.30,not_placed,,0.0043464125,0.40,not_placed,,0.0043813925,0.30,not_placed,,0,rejected_origin_floor,0.0044120000,0.0038498000,0.0043786000
AKEUSDT,2026-07-31T22:26:58+08:00,2026-07-31T22:26:59+08:00,2026-07-31T22:30:02+08:00,0.0044070000,16.6151%,0.1500%,0.2457%,1137142.0000000000,51466.0000000000,4.4190x,0.0036712000,20.0425%,0.0036712000,0.0040383200,0.0044071000,0.0000615929,momentum_atr_estimate,0.0043609054,0.0046226750,0.0044173000,0.0037765000,0.2337%,-14.3068%,no,0.0043362682,0.30,not_placed,,0.0043609054,0.40,not_placed,,0.0043855425,0.30,not_placed,,0,rejected_origin_floor,0.0044353000,0.0037765000,0.0044281000
AKEUSDT,2026-07-31T22:30:06+08:00,2026-07-31T22:30:07+08:00,2026-07-31T22:33:06+08:00,0.0044075000,15.4219%,-0.0635%,-0.0612%,1284864.0000000000,33688.0000000000,7.6280x,0.0036712000,20.0561%,0.0036712000,0.0040383200,0.0044080000,0.0000615929,momentum_atr_estimate,0.0043618054,0.0046235750,0.0044498000,0.0038120000,0.9597%,-13.5111%,no,0.0043371682,0.30,not_placed,,0.0043618054,0.40,not_placed,,0.0043864425,0.30,not_placed,,0,rejected_origin_floor,0.0044498000,0.0037630000,0.0043948000
AKEUSDT,2026-07-31T22:34:03+08:00,2026-07-31T22:34:04+08:00,2026-07-31T22:37:03+08:00,0.0044110000,17.1145%,-0.3006%,-0.2172%,3276510.0000000000,61494.0000000000,10.6564x,0.0036712000,20.1514%,0.0036712000,0.0040383200,0.0044132000,0.0000626143,momentum_atr_estimate,0.0043662393,0.0046323500,0.0044182000,0.0037789000,0.1632%,-14.3301%,no,0.0043411936,0.30,not_placed,,0.0043662393,0.40,not_placed,,0.0043912850,0.30,not_placed,,0,rejected_origin_floor,0.0044182000,0.0037789000,0.0043895000
AKEUSDT,2026-07-31T22:56:24+08:00,2026-07-31T22:56:25+08:00,2026-07-31T22:59:26+08:00,0.0044073000,12.8717%,12.7821%,0.1773%,3213876.0000000000,51690.0000000000,12.4352x,0.0036712000,20.0507%,0.0036712000,0.0040383200,0.0044073000,0.0000722714,momentum_atr_estimate,0.0043530964,0.0046602500,0.0044250000,0.0039290000,0.4016%,-10.8524%,no,0.0043241879,0.30,not_placed,,0.0043530964,0.40,not_placed,,0.0043820050,0.30,not_placed,,0,rejected_origin_floor,0.0044250000,0.0039290000,0.0044163000
AKEUSDT,2026-07-31T22:59:25+08:00,2026-07-31T22:59:26+08:00,2026-07-31T23:02:25+08:00,0.0044144000,11.0345%,0.0567%,0.0159%,3534651.0000000000,49657.0000000000,14.2363x,0.0036712000,20.2441%,0.0036712000,0.0040383200,0.0044144000,0.0000722714,momentum_atr_estimate,0.0043601964,0.0046673500,0.0044201000,0.0039451000,0.1291%,-10.6311%,no,0.0043312879,0.30,not_placed,,0.0043601964,0.40,not_placed,,0.0043891050,0.30,not_placed,,0,rejected_origin_floor,0.0044201000,0.0039269000,0.0044012000
AKEUSDT,2026-07-31T23:02:39+08:00,2026-07-31T23:02:40+08:00,2026-07-31T23:05:40+08:00,0.0044149000,11.3271%,0.0317%,0.0521%,961644.0000000000,57622.0000000000,3.3378x,0.0036712000,20.2577%,0.0036712000,0.0040383200,0.0044149000,0.0000718786,momentum_atr_estimate,0.0043609911,0.0046664750,0.0044141000,0.0039269000,-0.0181%,-11.0535%,no,0.0043322396,0.30,not_placed,,0.0043609911,0.40,not_placed,,0.0043897425,0.30,not_placed,,0,rejected_origin_floor,0.0044141000,0.0039269000,0.0043771000
BANKUSDT,2026-07-17T10:06:04+08:00,2026-07-17T10:06:05+08:00,2026-07-17T10:09:04+08:00,0.0786900000,5.5816%,5.7377%,5.9655%,19525615.0000000000,123782.0000000000,31.5484x,0.0575800000,36.6620%,0.0575800000,0.0633380000,0.0791900000,0.0004964286,momentum_atr_estimate,0.0788176786,0.0809275000,0.0799900000,0.0762100000,1.6521%,-3.1516%,no,0.0786191071,0.30,not_placed,,0.0788176786,0.40,not_placed,,0.0790162500,0.30,not_placed,,0,rejected_origin_floor,0.0799900000,0.0762100000,0.0776500000
BANKUSDT,2026-07-18T16:11:55+08:00,2026-07-18T16:11:56+08:00,2026-07-18T16:14:55+08:00,0.1026700000,5.4648%,5.5733%,3.7490%,6352954.0000000000,274106.0000000000,4.6354x,0.0620500000,65.4633%,0.0620500000,0.0682550000,0.1026700000,0.0017800000,momentum_atr_estimate,0.1013350000,0.1089000000,0.1049600000,0.0972500000,2.2304%,-5.2790%,no,0.1006230000,0.30,not_placed,,0.1013350000,0.40,not_placed,,0.1020470000,0.30,not_placed,,0,rejected_origin_floor,0.1049600000,0.0972500000,0.1016300000
BANKUSDT,2026-07-19T11:05:24+08:00,2026-07-19T11:05:25+08:00,2026-07-19T11:08:24+08:00,0.1788000000,8.2849%,11.6244%,14.2419%,28616632.0000000000,287117.0000000000,19.9338x,0.0648300000,175.7982%,0.0648300000,0.0713130000,0.1826500000,0.0044242857,momentum_atr_estimate,0.1793317857,0.1981350000,0.1853900000,0.1683900000,3.6857%,-5.8221%,no,0.1775620714,0.30,not_placed,,0.1793317857,0.40,not_placed,,0.1811015000,0.30,not_placed,,0,rejected_origin_floor,0.1853900000,0.1656600000,0.1673500000
BANKUSDT,2026-07-19T23:57:29+08:00,2026-07-19T23:57:30+08:00,2026-07-20T00:00:29+08:00,0.2347700000,5.1696%,5.5004%,5.6190%,9190667.0000000000,38649.0000000000,47.5597x,0.1032700000,127.3361%,0.0942100000,0.1036310000,0.2359000000,0.0127271429,momentum_atr_estimate,0.2263546429,0.2804450000,0.2349900000,0.2233700000,0.0937%,-4.8558%,no,0.2212637857,0.30,not_placed,,0.2263546429,0.40,not_placed,,0.2314455000,0.30,not_placed,,0,rejected_origin_floor,0.2349900000,0.2206200000,0.2217600000
BANKUSDT,2026-07-20T02:41:28+08:00,2026-07-20T02:41:29+08:00,2026-07-20T02:44:28+08:00,0.2495700000,5.5487%,6.0781%,8.2217%,14780134.0000000000,50191.0000000000,58.8956x,0.1032700000,141.6675%,0.1021700000,0.1123870000,0.2530000000,0.0086914286,momentum_atr_estimate,0.2464814286,0.2834200000,0.2679800000,0.2433900000,7.3767%,-2.4763%,no,0.2430048571,0.30,not_placed,,0.2464814286,0.40,not_placed,,0.2499580000,0.30,not_placed,,0,rejected_origin_floor,0.2679800000,0.2421000000,0.2504300000
BANKUSDT,2026-07-22T02:25:54+08:00,2026-07-22T02:25:55+08:00,2026-07-22T02:28:54+08:00,0.1672500000,5.0895%,9.0358%,8.7027%,7113758.0000000000,106367.0000000000,13.3759x,0.1312300000,27.4480%,0.1312300000,0.1443530000,0.1814300000,0.0042285714,momentum_atr_estimate,0.1782585714,0.1962300000,0.1747800000,0.1616000000,4.5022%,-3.3782%,no,0.1765671429,0.30,unfilled,,0.1782585714,0.40,unfilled,,0.1799500000,0.30,unfilled,,0,no_fill,0.1770000000,0.1616000000,0.1730500000
BANKUSDT,2026-07-24T22:21:58+08:00,2026-07-24T22:21:59+08:00,2026-07-24T22:24:58+08:00,0.3177100000,6.3358%,6.3821%,6.2789%,14580085.0000000000,4231.0000000000,689.2028x,0.2303000000,37.9548%,0.2303000000,0.2533300000,0.3224700000,0.0058607143,momentum_atr_estimate,0.3180744643,0.3429825000,0.3230000000,0.3014800000,1.6650%,-5.1084%,no,0.3157301786,0.30,not_placed,,0.3180744643,0.40,not_placed,,0.3204187500,0.30,not_placed,,0,rejected_origin_floor,0.3230000000,0.3014800000,0.3095300000
BANKUSDT,2026-07-25T14:59:12+08:00,2026-07-25T14:59:13+08:00,2026-07-25T15:02:12+08:00,0.3770200000,5.2540%,8.0410%,8.0751%,13823247.0000000000,59710.0000000000,46.3013x,0.2900000000,30.0069%,0.2870200000,0.3157220000,0.3784600000,0.0058321429,momentum_atr_estimate,0.3740858929,0.3988725000,0.3900000000,0.3580200000,3.4428%,-5.0395%,no,0.3717530357,0.30,not_placed,,0.3740858929,0.40,not_placed,,0.3764187500,0.30,not_placed,,0,rejected_origin_floor,0.3900000000,0.3546500000,0.3578400000
BANKUSDT,2026-07-27T06:17:40+08:00,2026-07-27T06:17:41+08:00,2026-07-27T06:20:40+08:00,0.4792800000,7.5873%,7.6622%,11.5513%,11179536.0000000000,262190.0000000000,8.5278x,0.3631400000,31.9822%,0.3401000000,0.3741100000,0.4820000000,0.0038557143,momentum_atr_estimate,0.4791082143,0.4954950000,0.6720500000,0.4130800000,40.2207%,-13.8124%,yes,0.4775659286,0.30,not_placed,,0.4791082143,0.40,not_placed,,0.4806505000,0.30,not_placed,,0,rejected_origin_floor,0.6720500000,0.3901800000,0.4295100000
BANKUSDT,2026-07-27T06:26:10+08:00,2026-07-27T06:26:11+08:00,2026-07-27T06:29:10+08:00,0.5154500000,5.9332%,6.6147%,11.0692%,3005870.0000000000,148542.0000000000,4.0472x,0.3631400000,41.9425%,0.3401000000,0.3741100000,0.5198000000,0.0037314286,momentum_atr_estimate,0.5170014286,0.5328600000,0.5436700000,0.5064800000,5.4748%,-1.7402%,yes,0.5155088571,0.30,filled,2026-07-27T06:26:11+08:00,0.5170014286,0.40,filled,2026-07-27T06:26:11+08:00,0.5184940000,0.30,filled,2026-07-27T06:26:11+08:00,3,all_filled,0.5535000000,0.5064800000,0.5443700000
BEATUSDT,2026-07-28T05:50:09+08:00,2026-07-28T05:50:10+08:00,2026-07-28T05:53:09+08:00,3.2780000000,5.5717%,5.8444%,6.9494%,137806.0000000000,877.0000000000,31.4267x,2.7030000000,21.2727%,2.7030000000,2.9733000000,3.2820000000,0.0667857143,momentum_atr_estimate,3.2319107143,3.5157500000,3.3000000000,3.2160000000,0.6711%,-1.8914%,no,3.2051964286,0.30,not_placed,,3.2319107143,0.40,not_placed,,3.2586250000,0.30,not_placed,,0,rejected_origin_floor,3.3000000000,3.0760000000,3.0940000000
BLESSUSDT,2026-07-03T08:14:53+08:00,2026-07-03T08:14:54+08:00,2026-07-03T08:18:00+08:00,0.0088660000,5.3219%,4.4041%,-2.9766%,26188662.0000000000,549717.0000000000,9.5281x,0.0071510000,23.9827%,0.0071470000,0.0078617000,0.0089750000,0.0000639286,momentum_atr_estimate,0.0089270536,0.0091987500,0.0092320000,0.0087330000,4.1281%,-1.5001%,yes,0.0089014821,0.30,filled,2026-07-03T08:14:54+08:00,0.0089270536,0.40,filled,2026-07-03T08:15:03+08:00,0.0089526250,0.30,filled,2026-07-03T08:15:03+08:00,3,all_filled,0.0092320000,0.0087330000,0.0090700000
DEXEUSDT,2026-07-12T13:45:10+08:00,2026-07-12T13:45:11+08:00,2026-07-12T13:48:10+08:00,49.4000000000,5.1511%,8.0963%,8.3571%,58054.0299999998,38.6600000000,300.3312x,37.2400000000,32.6531%,36.6300000000,40.2930000000,49.8100000000,0.2828571429,momentum_atr_estimate,49.5978571429,50.8000000000,49.9600000000,46.6900000000,1.1336%,-5.4858%,no,49.4847142857,0.30,filled,2026-07-12T13:45:11+08:00,49.5978571429,0.40,filled,2026-07-12T13:45:11+08:00,49.7110000000,0.30,filled,2026-07-12T13:45:11+08:00,3,all_filled,49.9600000000,46.6900000000,47.1400000000
DEXEUSDT,2026-07-21T08:26:32+08:00,2026-07-21T08:26:33+08:00,2026-07-21T08:29:32+08:00,41.4200000000,5.2872%,2.3980%,4.2537%,7792.7300000000,459.6200000000,3.3909x,33.9400000000,22.0389%,33.3900000000,36.7290000000,41.4500000000,0.2507142857,momentum_atr_estimate,41.2619642857,42.3275000000,41.5800000000,38.0800000000,0.3863%,-8.0637%,no,41.1616785714,0.30,not_placed,,41.2619642857,0.40,not_placed,,41.3622500000,0.30,not_placed,,0,rejected_origin_floor,41.5800000000,38.0800000000,40.0500000000
DEXEUSDT,2026-07-24T21:08:03+08:00,2026-07-24T21:08:04+08:00,2026-07-24T21:11:03+08:00,3.5470000000,5.2522%,6.2931%,6.0706%,219124.0399999999,2285.0200000000,19.1792x,1.4340000000,147.3501%,1.2870000000,1.4157000000,3.5700000000,0.1279285714,momentum_atr_estimate,3.4740535714,4.0177500000,3.5540000000,3.4510000000,0.1973%,-2.7065%,no,3.4228821429,0.30,not_placed,,3.4740535714,0.40,not_placed,,3.5252250000,0.30,not_placed,,0,rejected_origin_floor,3.5540000000,3.4510000000,3.5220000000
DEXEUSDT,2026-07-25T04:16:49+08:00,2026-07-25T04:16:50+08:00,2026-07-25T04:19:49+08:00,5.2170000000,5.0121%,5.6073%,6.3825%,879110.3299999982,3302.8800000000,53.2330x,2.1520000000,142.4257%,1.7800000000,1.9580000000,5.2360000000,0.1645714286,momentum_atr_estimate,5.1125714286,5.8120000000,5.3560000000,5.1540000000,2.6644%,-1.2076%,no,5.0467428571,0.30,not_placed,,5.1125714286,0.40,not_placed,,5.1784000000,0.30,not_placed,,0,rejected_origin_floor,5.4770000000,5.1540000000,5.3180000000
DEXEUSDT,2026-07-25T12:44:24+08:00,2026-07-25T12:44:25+08:00,2026-07-25T12:47:24+08:00,4.2860000000,5.6967%,6.4845%,6.4845%,497134.0099999999,3843.9700000000,25.8657x,3.2070000000,33.6452%,2.4680000000,2.7148000000,5.6140000000,0.3119285714,momentum_atr_estimate,5.3800535714,6.7057500000,4.4790000000,4.1780000000,4.5030%,-2.5198%,no,5.2552821429,0.30,unfilled,,5.3800535714,0.40,unfilled,,5.5048250000,0.30,unfilled,,0,no_fill,4.4790000000,4.1780000000,4.2840000000
ESPORTSUSDT,2026-07-09T14:40:37+08:00,2026-07-09T14:40:38+08:00,2026-07-09T14:43:37+08:00,0.0203200000,5.1760%,5.5036%,2.3162%,12829450.0000000000,121492.0000000000,21.1198x,0.0154600000,31.4360%,0.0151300000,0.0166430000,0.0203700000,0.0001514286,momentum_atr_estimate,0.0202564286,0.0209000000,0.0217400000,0.0201900000,6.9882%,-0.6398%,yes,0.0201958571,0.30,not_placed,,0.0202564286,0.40,not_placed,,0.0203170000,0.30,not_placed,,0,rejected_origin_floor,0.0218200000,0.0201900000,0.0216100000
ESPORTSUSDT,2026-07-16T05:01:19+08:00,2026-07-16T05:01:20+08:00,2026-07-16T05:04:19+08:00,0.0173100000,9.7654%,2.6082%,-2.0374%,13648934.0000000000,454912.0000000000,6.0007x,0.0141200000,22.5921%,0.0141200000,0.0155320000,0.0174000000,0.0001314286,momentum_atr_estimate,0.0173014286,0.0178600000,0.0180000000,0.0167100000,3.9861%,-3.4662%,yes,0.0172488571,0.30,not_placed,,0.0173014286,0.40,not_placed,,0.0173540000,0.30,not_placed,,0,rejected_origin_floor,0.0182900000,0.0167100000,0.0181600000
ESPORTSUSDT,2026-07-16T14:55:54+08:00,2026-07-16T14:55:55+08:00,2026-07-16T14:58:54+08:00,0.0218500000,5.2505%,5.8624%,-1.3544%,29927871.0000000000,303247.0000000000,19.7383x,0.0134300000,62.6955%,0.0134300000,0.0147730000,0.0222800000,0.0002700000,momentum_atr_estimate,0.0220775000,0.0232250000,0.0229500000,0.0206200000,5.0343%,-5.6293%,no,0.0219695000,0.30,filled,2026-07-16T14:55:58+08:00,0.0220775000,0.40,filled,2026-07-16T14:55:58+08:00,0.0221855000,0.30,filled,2026-07-16T14:55:58+08:00,3,all_filled,0.0229500000,0.0206200000,0.0222200000
ESPORTSUSDT,2026-07-16T15:07:09+08:00,2026-07-16T15:07:10+08:00,2026-07-16T15:10:09+08:00,0.0260500000,5.0827%,7.3784%,9.9156%,32585481.0000000000,753619.0000000000,8.6477x,0.0134300000,93.9687%,0.0134300000,0.0147730000,0.0270000000,0.0002285714,momentum_atr_estimate,0.0268285714,0.0278000000,0.0268200000,0.0242100000,2.9559%,-7.0633%,no,0.0267371429,0.30,filled,2026-07-16T15:07:10+08:00,0.0268285714,0.40,unfilled,,0.0269200000,0.30,unfilled,,1,partial_filled,0.0268200000,0.0242100000,0.0251900000
ESPORTSUSDT,2026-07-16T18:32:07+08:00,2026-07-16T18:32:08+08:00,2026-07-16T18:35:07+08:00,0.0212900000,6.4500%,5.8677%,6.1316%,16357433.0000000000,442361.0000000000,7.3955x,0.0134300000,58.5257%,0.0134300000,0.0147730000,0.0215800000,0.0001578571,momentum_atr_estimate,0.0214616071,0.0221325000,0.0222700000,0.0210900000,4.6031%,-0.9394%,yes,0.0213984643,0.30,filled,2026-07-16T18:32:08+08:00,0.0214616071,0.40,filled,2026-07-16T18:32:08+08:00,0.0215247500,0.30,filled,2026-07-16T18:32:10+08:00,3,all_filled,0.0222700000,0.0210900000,0.0216600000
ESPORTSUSDT,2026-07-18T01:37:36+08:00,2026-07-18T01:37:37+08:00,2026-07-18T01:40:36+08:00,0.0338600000,9.6148%,5.6145%,2.2961%,16732348.0000000000,433583.0000000000,7.7182x,0.0182700000,85.3311%,0.0182700000,0.0200970000,0.0338700000,0.0005800000,momentum_atr_estimate,0.0334350000,0.0359000000,0.0346200000,0.0332200000,2.2445%,-1.8901%,no,0.0332030000,0.30,not_placed,,0.0334350000,0.40,not_placed,,0.0336670000,0.30,not_placed,,0,rejected_origin_floor,0.0348300000,0.0332200000,0.0342900000
ESPORTSUSDT,2026-07-18T02:32:29+08:00,2026-07-18T02:32:30+08:00,2026-07-18T02:35:29+08:00,0.0358200000,5.0440%,4.4619%,6.2593%,25686939.0000000000,107325.0000000000,47.8676x,0.0182700000,96.0591%,0.0182700000,0.0200970000,0.0366700000,0.0013314286,momentum_atr_estimate,0.0356714286,0.0413300000,0.0388100000,0.0356400000,8.3473%,-0.5025%,no,0.0351388571,0.30,not_placed,,0.0356714286,0.40,not_placed,,0.0362040000,0.30,not_placed,,0,rejected_origin_floor,0.0388100000,0.0351500000,0.0355000000
ESPORTSUSDT,2026-07-19T02:15:45+08:00,2026-07-19T02:15:46+08:00,2026-07-19T02:18:45+08:00,0.0394100000,6.2551%,4.5635%,2.4435%,5732234.0000000000,256001.0000000000,4.4783x,0.0186300000,111.5405%,0.0186300000,0.0204930000,0.0396000000,0.0016800000,momentum_atr_estimate,0.0383400000,0.0454800000,0.0438700000,0.0388400000,11.3169%,-1.4463%,no,0.0376680000,0.30,not_placed,,0.0383400000,0.40,not_placed,,0.0390120000,0.30,not_placed,,0,rejected_origin_floor,0.0446200000,0.0388400000,0.0433100000
ESPORTSUSDT,2026-07-19T04:10:17+08:00,2026-07-19T04:10:18+08:00,2026-07-19T04:13:17+08:00,0.0426500000,5.8838%,4.8427%,3.4692%,19610842.0000000000,172400.0000000000,22.7504x,0.0186300000,128.9318%,0.0186300000,0.0204930000,0.0429900000,0.0021550000,momentum_atr_estimate,0.0413737500,0.0505325000,0.0434100000,0.0414600000,1.7819%,-2.7902%,no,0.0405117500,0.30,not_placed,,0.0413737500,0.40,not_placed,,0.0422357500,0.30,not_placed,,0,rejected_origin_floor,0.0439500000,0.0414600000,0.0435400000
ESPORTSUSDT,2026-07-19T04:15:22+08:00,2026-07-19T04:15:23+08:00,2026-07-19T04:18:22+08:00,0.0461800000,6.0634%,7.5705%,7.9981%,13505786.0000000000,134144.0000000000,20.1363x,0.0186300000,147.8798%,0.0186300000,0.0204930000,0.0465000000,0.0022257143,momentum_atr_estimate,0.0448307143,0.0542900000,0.0463000000,0.0445000000,0.2599%,-3.6379%,no,0.0439404286,0.30,not_placed,,0.0448307143,0.40,not_placed,,0.0457210000,0.30,not_placed,,0,rejected_origin_floor,0.0463000000,0.0445000000,0.0451900000
ESPORTSUSDT,2026-07-19T10:00:18+08:00,2026-07-19T10:00:19+08:00,2026-07-19T10:03:18+08:00,0.0430600000,5.0244%,6.8486%,8.5455%,13475518.0000000000,290906.0000000000,9.2645x,0.0186300000,131.1326%,0.0186300000,0.0204930000,0.0459500000,0.0022785714,momentum_atr_estimate,0.0442410714,0.0539250000,0.0451500000,0.0426300000,4.8537%,-0.9986%,no,0.0433296429,0.30,filled,2026-07-19T10:00:19+08:00,0.0442410714,0.40,filled,2026-07-19T10:01:10+08:00,0.0451525000,0.30,unfilled,,2,partial_filled,0.0456200000,0.0426300000,0.0452000000
ESPORTSUSDT,2026-07-19T12:47:38+08:00,2026-07-19T12:47:39+08:00,2026-07-19T12:50:38+08:00,0.0384800000,5.0792%,2.7503%,0.0000%,8225297.0000000000,222564.0000000000,7.3914x,0.0220500000,74.5125%,0.0186300000,0.0204930000,0.0478800000,0.0021157143,momentum_atr_estimate,0.0462932143,0.0552850000,0.0399800000,0.0374000000,3.8981%,-2.8067%,no,0.0454469286,0.30,unfilled,,0.0462932143,0.40,unfilled,,0.0471395000,0.30,unfilled,,0,no_fill,0.0399800000,0.0374000000,0.0390700000
ESPORTSUSDT,2026-07-19T13:39:59+08:00,2026-07-19T13:40:00+08:00,2026-07-19T13:42:59+08:00,0.0309400000,5.4174%,7.2444%,8.1440%,17197321.0000000000,581336.0000000000,5.9165x,0.0220500000,40.3175%,0.0186300000,0.0204930000,0.0488900000,0.0016764286,momentum_atr_estimate,0.0476326786,0.0547575000,0.0319100000,0.0300500000,3.1351%,-2.8765%,no,0.0469621071,0.30,unfilled,,0.0476326786,0.40,unfilled,,0.0483032500,0.30,unfilled,,0,no_fill,0.0319100000,0.0300500000,0.0312900000
ESPORTSUSDT,2026-07-21T12:55:23+08:00,2026-07-21T12:55:24+08:00,2026-07-21T12:58:23+08:00,0.0261300000,5.2356%,6.1764%,4.8555%,8124713.0000000000,186807.0000000000,8.6985x,0.0186200000,40.3330%,0.0184500000,0.0202950000,0.0261900000,0.0002542857,momentum_atr_estimate,0.0259992857,0.0270800000,0.0262100000,0.0254000000,0.3062%,-2.7937%,no,0.0258975714,0.30,not_placed,,0.0259992857,0.40,not_placed,,0.0261010000,0.30,not_placed,,0,rejected_origin_floor,0.0262100000,0.0248000000,0.0249300000
ESPORTSUSDT,2026-07-25T14:14:44+08:00,2026-07-25T14:14:45+08:00,2026-07-25T14:17:44+08:00,0.0611700000,5.0489%,5.2478%,8.8047%,14720201.0000000000,153881.0000000000,19.1319x,0.0411300000,48.7236%,0.0411300000,0.0452430000,0.0625800000,0.0009192857,momentum_atr_estimate,0.0618905357,0.0657975000,0.0617400000,0.0587100000,0.9318%,-4.0216%,no,0.0615228214,0.30,filled,2026-07-25T14:14:49+08:00,0.0618905357,0.40,unfilled,,0.0622582500,0.30,unfilled,,1,partial_filled,0.0640000000,0.0587100000,0.0630100000
ESPORTSUSDT,2026-07-25T16:21:57+08:00,2026-07-25T16:21:58+08:00,2026-07-25T16:24:57+08:00,0.0505700000,5.1570%,5.3761%,3.9252%,3512390.0000000000,53724.0000000000,13.0757x,0.0390300000,29.5670%,0.0390300000,0.0429330000,0.0508000000,0.0010871429,momentum_atr_estimate,0.0499846429,0.0546050000,0.0513600000,0.0475700000,1.5622%,-5.9324%,no,0.0495497857,0.30,not_placed,,0.0499846429,0.40,not_placed,,0.0504195000,0.30,not_placed,,0,rejected_origin_floor,0.0520000000,0.0475700000,0.0518000000
EULUSDT,2026-07-26T00:56:02+08:00,2026-07-26T00:56:03+08:00,2026-07-26T00:59:02+08:00,2.2788000000,15.0270%,14.2427%,12.6947%,977344.3000000063,4592.8000000000,42.5598x,1.2030000000,89.4264%,1.1037000000,1.2140700000,2.2788000000,0.0446357143,momentum_atr_estimate,2.2453232143,2.4350250000,2.5689000000,2.1243000000,12.7304%,-6.7799%,yes,2.2274689286,0.30,not_placed,,2.2453232143,0.40,not_placed,,2.2631775000,0.30,not_placed,,0,rejected_origin_floor,2.5689000000,2.1243000000,2.1881000000
EVAAUSDT,2026-07-07T16:19:21+08:00,2026-07-07T16:19:22+08:00,2026-07-07T16:22:21+08:00,2.2877000000,10.0914%,11.3561%,11.9884%,1415646.1999999951,9602.3000000000,29.4856x,0.9617000000,137.8808%,0.9527000000,1.0479700000,2.3134000000,0.0200785714,momentum_atr_estimate,2.2983410714,2.3836750000,2.3299000000,2.1301000000,1.8446%,-6.8890%,no,2.2903096429,0.30,filled,2026-07-07T16:19:22+08:00,2.2983410714,0.40,filled,2026-07-07T16:19:22+08:00,2.3063725000,0.30,filled,2026-07-07T16:19:28+08:00,3,all_filled,2.3299000000,2.1200000000,2.1217000000
EVAAUSDT,2026-07-07T17:37:44+08:00,2026-07-07T17:37:45+08:00,2026-07-07T17:40:44+08:00,2.5770000000,5.5801%,5.8056%,5.6148%,623894.8000000087,3408.1000000000,36.6125x,0.9658000000,166.8254%,0.9552000000,1.0507200000,2.5917000000,0.0349785714,momentum_atr_estimate,2.5654660714,2.7141250000,2.8439000000,2.5255000000,10.3570%,-1.9984%,yes,2.5514746429,0.30,not_placed,,2.5654660714,0.40,not_placed,,2.5794575000,0.30,not_placed,,0,rejected_origin_floor,2.8439000000,2.5255000000,2.6825000000
EVAAUSDT,2026-07-07T18:03:02+08:00,2026-07-07T18:03:03+08:00,2026-07-07T18:06:02+08:00,2.4565000000,5.4971%,7.9733%,7.1444%,300689.1000000003,19249.2000000000,3.1242x,0.9658000000,154.3487%,0.9552000000,1.0507200000,2.4871000000,0.0593785714,momentum_atr_estimate,2.4425660714,2.6949250000,2.5460000000,2.2687000000,3.6434%,-7.6450%,no,2.4188146429,0.30,not_placed,,2.4425660714,0.40,not_placed,,2.4663175000,0.30,not_placed,,0,rejected_origin_floor,2.5460000000,2.2687000000,2.3375000000
EVAAUSDT,2026-07-07T19:00:16+08:00,2026-07-07T19:00:17+08:00,2026-07-07T19:03:16+08:00,2.9165000000,7.3427%,8.3315%,8.7678%,641658.7999999977,1086.2000000000,118.1474x,0.9658000000,201.9776%,0.9617000000,1.0578700000,2.9389000000,0.0649000000,momentum_atr_estimate,2.8902250000,3.1660500000,2.9781000000,2.6417000000,2.1121%,-9.4223%,no,2.8642650000,0.30,not_placed,,2.8902250000,0.40,not_placed,,2.9161850000,0.30,not_placed,,0,rejected_origin_floor,2.9781000000,2.6417000000,2.6465000000
EVAAUSDT,2026-07-07T23:41:32+08:00,2026-07-07T23:41:33+08:00,2026-07-07T23:44:32+08:00,2.6693000000,8.3408%,8.4993%,9.1828%,478123.6000000045,1678.2000000000,56.9805x,1.0183000000,162.1330%,0.9658000000,1.0623800000,2.6772000000,0.0901785714,momentum_atr_estimate,2.6095660714,2.9928250000,2.6999000000,2.4846000000,1.1464%,-6.9194%,no,2.5734946429,0.30,not_placed,,2.6095660714,0.40,not_placed,,2.6456375000,0.30,not_placed,,0,rejected_origin_floor,2.6999000000,2.4681000000,2.5068000000
EVAAUSDT,2026-07-08T01:51:18+08:00,2026-07-08T01:51:19+08:00,2026-07-08T01:54:18+08:00,3.0955000000,6.1339%,6.1339%,7.2629%,732930.2000000075,2516.9000000000,58.2407x,1.0624000000,191.3686%,1.0135000000,1.1148500000,3.1240000000,0.1552000000,momentum_atr_estimate,3.0076000000,3.6672000000,3.1068000000,2.8064000000,0.3650%,-9.3394%,no,2.9455200000,0.30,not_placed,,3.0076000000,0.40,not_placed,,3.0696800000,0.30,not_placed,,0,rejected_origin_floor,3.1068000000,2.8064000000,2.8554000000
EVAAUSDT,2026-07-08T02:41:01+08:00,2026-07-08T02:41:02+08:00,2026-07-08T02:44:01+08:00,3.0456000000,5.2566%,6.0298%,7.7059%,299078.8999999998,15998.2000000000,3.7389x,1.1012000000,176.5710%,1.0135000000,1.1148500000,3.0792000000,0.1930571429,momentum_atr_estimate,2.9344071429,3.7549000000,3.1172000000,2.9181000000,2.3509%,-4.1864%,no,2.8571842857,0.30,not_placed,,2.9344071429,0.40,not_placed,,3.0116300000,0.30,not_placed,,0,rejected_origin_floor,3.1172000000,2.9119000000,2.9353000000
EVAAUSDT,2026-07-12T13:25:05+08:00,2026-07-12T13:25:06+08:00,2026-07-12T13:28:05+08:00,1.5407000000,5.1601%,8.2865%,10.9775%,1285118.0000000163,7968.6000000000,32.2545x,0.3012000000,411.5206%,0.3012000000,0.3313200000,1.5540000000,0.0811500000,momentum_atr_estimate,1.4931375000,1.8380250000,1.6650000000,1.4818000000,8.0678%,-3.8229%,no,1.4606775000,0.30,not_placed,,1.4931375000,0.40,not_placed,,1.5255975000,0.30,not_placed,,0,rejected_origin_floor,1.6650000000,1.4818000000,1.5073000000
EVAAUSDT,2026-07-12T16:01:43+08:00,2026-07-12T16:01:44+08:00,2026-07-12T16:04:43+08:00,1.4978000000,9.6566%,13.6678%,15.0119%,798914.1999999998,9168.0000000000,17.4283x,0.3012000000,397.2776%,0.3012000000,0.3313200000,1.4978000000,0.0642571429,momentum_atr_estimate,1.4496071429,1.7227000000,1.4993000000,1.3678000000,0.1001%,-8.6794%,no,1.4239042857,0.30,not_placed,,1.4496071429,0.40,not_placed,,1.4753100000,0.30,not_placed,,0,rejected_origin_floor,1.4993000000,1.3509000000,1.3688000000
EVAAUSDT,2026-07-13T01:08:56+08:00,2026-07-13T01:08:57+08:00,2026-07-13T01:11:56+08:00,1.0302000000,5.2513%,-0.3386%,-9.2335%,419207.6999999998,25466.4000000000,3.2922x,0.8048000000,28.0070%,0.3403000000,0.3743300000,1.3284000000,0.0665857143,momentum_atr_estimate,1.2784607143,1.5614500000,1.0599000000,0.8355000000,2.8829%,-18.8992%,no,1.2518264286,0.30,unfilled,,1.2784607143,0.40,unfilled,,1.3050950000,0.30,unfilled,,0,no_fill,1.0599000000,0.8355000000,0.9761000000
EVAAUSDT,2026-07-14T10:50:58+08:00,2026-07-14T10:50:59+08:00,2026-07-14T10:53:58+08:00,1.0719000000,5.0059%,5.2740%,3.2261%,584229.0000000007,15773.0000000000,7.4080x,0.6531000000,64.1249%,0.6531000000,0.7184100000,1.0740000000,0.0148214286,momentum_atr_estimate,1.0628839286,1.1258750000,1.0733000000,1.0277000000,0.1306%,-4.1235%,no,1.0569553571,0.30,not_placed,,1.0628839286,0.40,not_placed,,1.0688125000,0.30,not_placed,,0,rejected_origin_floor,1.0733000000,1.0277000000,1.0598000000
EVAAUSDT,2026-07-14T13:35:28+08:00,2026-07-14T13:35:29+08:00,2026-07-14T13:38:28+08:00,1.2480000000,5.2188%,5.2898%,8.8720%,1066468.5000000030,13277.1000000000,16.0648x,0.7000000000,78.2857%,0.6531000000,0.7184100000,1.2651000000,0.0097357143,momentum_atr_estimate,1.2577982143,1.2991750000,1.2793000000,1.2130000000,2.5080%,-2.8045%,no,1.2539039286,0.30,filled,2026-07-14T13:35:29+08:00,1.2577982143,0.40,filled,2026-07-14T13:35:29+08:00,1.2616925000,0.30,filled,2026-07-14T13:35:29+08:00,3,all_filled,1.2793000000,1.2130000000,1.2316000000
EVAAUSDT,2026-07-14T21:18:10+08:00,2026-07-14T21:18:11+08:00,2026-07-14T21:21:10+08:00,1.2020000000,12.4626%,14.2368%,14.0850%,1524134.3000000170,2175.0000000000,140.1503x,0.7480000000,60.6952%,0.7480000000,0.8228000000,1.2127000000,0.0383857143,momentum_atr_estimate,1.1839107143,1.3470500000,1.2345000000,1.1002000000,2.7038%,-8.4692%,no,1.1685564286,0.30,not_placed,,1.1839107143,0.40,not_placed,,1.1992650000,0.30,not_placed,,0,rejected_origin_floor,1.2345000000,1.0993000000,1.1096000000
IDOLUSDT,2026-07-23T10:06:35+08:00,2026-07-23T10:06:36+08:00,2026-07-23T10:09:35+08:00,0.0199400000,10.5322%,10.2266%,9.0213%,25585114.0000000000,61314.0000000000,83.4560x,0.0151700000,31.4436%,0.0150200000,0.0165220000,0.0203100000,0.0000328571,momentum_atr_estimate,0.0202853571,0.0204250000,0.0216000000,0.0172500000,8.3250%,-13.4905%,yes,0.0202722143,0.30,filled,2026-07-23T10:07:01+08:00,0.0202853571,0.40,filled,2026-07-23T10:07:01+08:00,0.0202985000,0.30,filled,2026-07-23T10:07:01+08:00,3,all_filled,0.0216000000,0.0172500000,0.0177400000
IDOLUSDT,2026-07-23T10:24:06+08:00,2026-07-23T10:24:07+08:00,2026-07-23T10:27:06+08:00,0.0216800000,6.9034%,6.3266%,-0.1382%,9958749.0000000000,537909.0000000000,3.7028x,0.0151700000,42.9136%,0.0150200000,0.0165220000,0.0217100000,0.0000321429,momentum_atr_estimate,0.0216858929,0.0218225000,0.0251400000,0.0210300000,15.9594%,-2.9982%,yes,0.0216730357,0.30,not_placed,,0.0216858929,0.40,not_placed,,0.0216987500,0.30,not_placed,,0,rejected_origin_floor,0.0251400000,0.0209600000,0.0218000000
IDOLUSDT,2026-07-23T10:30:52+08:00,2026-07-23T10:30:53+08:00,2026-07-23T10:33:52+08:00,0.0208100000,5.3138%,6.4995%,-4.3658%,8994727.0000000000,557021.0000000000,3.2296x,0.0151700000,37.1786%,0.0150200000,0.0165220000,0.0209800000,0.0000371429,momentum_atr_estimate,0.0209521429,0.0211100000,0.0208700000,0.0165300000,0.2883%,-20.5670%,no,0.0209372857,0.30,unfilled,,0.0209521429,0.40,unfilled,,0.0209670000,0.30,unfilled,,0,no_fill,0.0208700000,0.0165300000,0.0175300000
IDOLUSDT,2026-07-23T10:52:00+08:00,2026-07-23T10:52:01+08:00,2026-07-23T10:55:00+08:00,0.0210000000,5.1577%,4.1150%,6.1142%,11298614.0000000000,312486.0000000000,7.2314x,0.0151700000,38.4311%,0.0150200000,0.0165220000,0.0210000000,0.0000450000,momentum_atr_estimate,0.0209662500,0.0211575000,0.0254300000,0.0209500000,21.0952%,-0.2381%,yes,0.0209482500,0.30,not_placed,,0.0209662500,0.40,not_placed,,0.0209842500,0.30,not_placed,,0,rejected_origin_floor,0.0254300000,0.0202700000,0.0207400000
KAITOUSDT,2026-07-08T11:35:57+08:00,2026-07-08T11:35:58+08:00,2026-07-08T11:38:57+08:00,0.8335000000,5.6802%,8.2186%,10.6759%,748356.4000000008,29317.3000000000,5.1052x,0.5915000000,40.9129%,0.5878000000,0.6465800000,0.8342000000,0.0057285714,momentum_atr_estimate,0.8299035714,0.8542500000,0.8548000000,0.7930000000,2.5555%,-4.8590%,yes,0.8276121429,0.30,not_placed,,0.8299035714,0.40,not_placed,,0.8321950000,0.30,not_placed,,0,rejected_origin_floor,0.8548000000,0.7930000000,0.8216000000
KAITOUSDT,2026-07-26T11:15:07+08:00,2026-07-26T11:15:08+08:00,2026-07-26T11:18:07+08:00,1.1745000000,5.0161%,5.1289%,5.4214%,1239491.9000000004,1777.4000000000,139.4725x,0.9173000000,28.0388%,0.9173000000,1.0090300000,1.1762000000,0.0059785714,momentum_atr_estimate,1.1717160714,1.1971250000,1.1800000000,1.1454000000,0.4683%,-2.4777%,no,1.1693246429,0.30,not_placed,,1.1717160714,0.40,not_placed,,1.1741075000,0.30,not_placed,,0,rejected_origin_floor,1.1800000000,1.1454000000,1.1666000000
KOMAUSDT,2026-07-30T10:51:13+08:00,2026-07-30T10:51:14+08:00,2026-07-30T10:54:13+08:00,0.0116690000,7.2223%,7.8167%,8.5085%,63908993.0000000000,103478.0000000000,123.5219x,0.0077720000,50.1415%,0.0077720000,0.0085492000,0.0117260000,0.0001741429,momentum_atr_estimate,0.0115953929,0.0123355000,0.0117600000,0.0108900000,0.7798%,-6.6758%,no,0.0115257357,0.30,not_placed,,0.0115953929,0.40,not_placed,,0.0116650500,0.30,not_placed,,0,rejected_origin_floor,0.0117600000,0.0108900000,0.0109760000
KOMAUSDT,2026-07-30T11:33:09+08:00,2026-07-30T11:33:10+08:00,2026-07-30T11:36:09+08:00,0.0123820000,5.1818%,5.5764%,4.2256%,65273486.0000000000,410738.0000000000,31.7835x,0.0077720000,59.3155%,0.0077720000,0.0085492000,0.0125930000,0.0002902857,momentum_atr_estimate,0.0123752857,0.0136090000,0.0127980000,0.0120690000,3.3597%,-2.5279%,no,0.0122591714,0.30,not_placed,,0.0123752857,0.40,not_placed,,0.0124914000,0.30,not_placed,,0,rejected_origin_floor,0.0127980000,0.0120690000,0.0124510000
KOMAUSDT,2026-07-30T12:29:03+08:00,2026-07-30T12:29:04+08:00,2026-07-30T12:32:03+08:00,0.0135100000,5.2017%,5.3165%,5.2509%,71268689.0000000000,99416.0000000000,143.3747x,0.0077720000,73.8291%,0.0077720000,0.0085492000,0.0137160000,0.0001837857,momentum_atr_estimate,0.0135781607,0.0143592500,0.0139300000,0.0131020000,3.1088%,-3.0200%,no,0.0135046464,0.30,not_placed,,0.0135781607,0.40,not_placed,,0.0136516750,0.30,not_placed,,0,rejected_origin_floor,0.0139300000,0.0131020000,0.0132760000
KOMAUSDT,2026-07-31T02:17:10+08:00,2026-07-31T02:17:11+08:00,2026-07-31T02:20:10+08:00,0.0160470000,8.9409%,9.2153%,10.6919%,107250609.0000000000,242394.0000000000,88.4928x,0.0094300000,70.1697%,0.0079910000,0.0087901000,0.0163750000,0.0004066429,momentum_atr_estimate,0.0160700179,0.0177982500,0.0189000000,0.0154950000,17.7790%,-3.4399%,yes,0.0159073607,0.30,not_placed,,0.0160700179,0.40,not_placed,,0.0162326750,0.30,not_placed,,0,rejected_origin_floor,0.0189000000,0.0149660000,0.0156750000
KOMAUSDT,2026-07-31T04:19:31+08:00,2026-07-31T04:19:32+08:00,2026-07-31T04:22:31+08:00,0.0203160000,5.3188%,5.4829%,6.3220%,56510572.0000000000,376021.0000000000,30.0571x,0.0098030000,107.2427%,0.0090110000,0.0099121000,0.0204700000,0.0003186429,momentum_atr_estimate,0.0202310179,0.0215852500,0.0215600000,0.0198090000,6.1233%,-2.4956%,no,0.0201035607,0.30,not_placed,,0.0202310179,0.40,not_placed,,0.0203584750,0.30,not_placed,,0,rejected_origin_floor,0.0216600000,0.0198090000,0.0216190000
KOMAUSDT,2026-07-31T07:40:12+08:00,2026-07-31T07:40:13+08:00,2026-07-31T07:43:12+08:00,0.0237160000,5.1195%,6.5744%,6.6319%,97873486.0000000000,282899.0000000000,69.1932x,0.0116870000,102.9263%,0.0094300000,0.0103730000,0.0242000000,0.0002759286,momentum_atr_estimate,0.0239930536,0.0251657500,0.0241440000,0.0229010000,1.8047%,-3.4365%,no,0.0238826821,0.30,filled,2026-07-31T07:40:14+08:00,0.0239930536,0.40,filled,2026-07-31T07:40:15+08:00,0.0241034250,0.30,filled,2026-07-31T07:40:15+08:00,3,all_filled,0.0241440000,0.0229010000,0.0230560000
LABUSDT,2026-07-04T12:02:15+08:00,2026-07-04T12:02:16+08:00,2026-07-04T12:05:15+08:00,12.5750000000,5.7789%,6.9485%,10.2490%,252339.0000000000,5909.0000000000,8.5408x,5.6800000000,121.3908%,5.5190000000,6.0709000000,12.5880000000,0.2507857143,momentum_atr_estimate,12.3999107143,13.4657500000,13.8000000000,12.3340000000,9.7416%,-1.9165%,yes,12.2995964286,0.30,not_placed,,12.3999107143,0.40,not_placed,,12.5002250000,0.30,not_placed,,0,rejected_origin_floor,13.8000000000,12.3340000000,12.9700000000
LABUSDT,2026-07-04T17:58:29+08:00,2026-07-04T17:58:30+08:00,2026-07-04T18:01:29+08:00,15.8300000000,5.8014%,7.1042%,9.1423%,359619.0000000000,1569.0000000000,45.8405x,5.7810000000,173.8281%,5.7810000000,6.3591000000,16.3000000000,0.2476428571,momentum_atr_estimate,16.1142678571,17.1667500000,16.8800000000,15.6000000000,6.6330%,-1.4529%,no,16.0152107143,0.30,filled,2026-07-04T17:58:31+08:00,16.1142678571,0.40,filled,2026-07-04T17:58:31+08:00,16.2133250000,0.30,filled,2026-07-04T17:58:34+08:00,3,all_filled,16.8800000000,15.4420000000,15.5780000000
LABUSDT,2026-07-05T05:27:01+08:00,2026-07-05T05:27:02+08:00,2026-07-05T05:30:01+08:00,17.6970000000,5.9891%,6.0653%,6.0272%,375910.0000000000,325.0000000000,231.3292x,9.7700000000,81.1361%,7.3040000000,8.0344000000,17.7100000000,0.2632857143,momentum_atr_estimate,17.5125357143,18.6315000000,17.9980000000,17.2330000000,1.7009%,-2.6219%,no,17.4072214286,0.30,not_placed,,17.5125357143,0.40,not_placed,,17.6178500000,0.30,not_placed,,0,rejected_origin_floor,17.9980000000,17.1620000000,17.1620000000
LABUSDT,2026-07-14T03:32:31+08:00,2026-07-14T03:32:32+08:00,2026-07-14T03:35:31+08:00,0.2827000000,5.2886%,6.5185%,7.6132%,5856958.0000000000,19524.0000000000,59.9975x,0.2100000000,34.6190%,0.2100000000,0.2310000000,0.2868000000,0.0080714286,momentum_atr_estimate,0.2807464286,0.3150500000,0.3173000000,0.2819000000,12.2391%,-0.2830%,yes,0.2775178571,0.30,not_placed,,0.2807464286,0.40,not_placed,,0.2839750000,0.30,not_placed,,0,rejected_origin_floor,0.3399000000,0.2819000000,0.3314000000
LABUSDT,2026-07-14T04:03:40+08:00,2026-07-14T04:03:41+08:00,2026-07-14T04:06:40+08:00,0.3639000000,5.2342%,5.1430%,5.8772%,3160897.0000000000,21460.0000000000,29.4585x,0.2100000000,73.2857%,0.2100000000,0.2310000000,0.3643000000,0.0068785714,momentum_atr_estimate,0.3591410714,0.3883750000,0.3860000000,0.3566000000,6.0731%,-2.0060%,no,0.3563896429,0.30,not_placed,,0.3591410714,0.40,not_placed,,0.3618925000,0.30,not_placed,,0,rejected_origin_floor,0.3860000000,0.3566000000,0.3680000000
LABUSDT,2026-07-14T04:56:17+08:00,2026-07-14T04:56:18+08:00,2026-07-14T04:59:17+08:00,0.3338000000,6.0019%,-14.3444%,-24.3427%,8091282.0000000000,91790.0000000000,17.6300x,0.2100000000,58.9524%,0.2100000000,0.2310000000,0.3377000000,0.0064785714,momentum_atr_estimate,0.3328410714,0.3603750000,0.3532000000,0.3180000000,5.8119%,-4.7334%,no,0.3302496429,0.30,not_placed,,0.3328410714,0.40,not_placed,,0.3354325000,0.30,not_placed,,0,rejected_origin_floor,0.3532000000,0.2913000000,0.3109000000
LABUSDT,2026-07-14T04:59:40+08:00,2026-07-14T04:59:41+08:00,2026-07-14T05:02:40+08:00,0.3099000000,5.2292%,-2.5778%,-8.8529%,2538883.0000000000,112103.0000000000,4.5296x,0.2100000000,47.5714%,0.2100000000,0.2310000000,0.3104000000,0.0064785714,momentum_atr_estimate,0.3055410714,0.3330750000,0.3368000000,0.3016000000,8.6802%,-2.6783%,yes,0.3029496429,0.30,not_placed,,0.3055410714,0.40,not_placed,,0.3081325000,0.30,not_placed,,0,rejected_origin_floor,0.3368000000,0.3016000000,0.3324000000
LABUSDT,2026-07-14T05:18:16+08:00,2026-07-14T05:18:17+08:00,2026-07-14T05:21:16+08:00,0.3480000000,6.3570%,6.1623%,2.7155%,2072037.0000000000,26554.0000000000,15.6062x,0.2100000000,65.7143%,0.2100000000,0.2310000000,0.3482000000,0.0070928571,momentum_atr_estimate,0.3428803571,0.3730250000,0.3545000000,0.3374000000,1.8678%,-3.0460%,no,0.3400432143,0.30,not_placed,,0.3428803571,0.40,not_placed,,0.3457175000,0.30,not_placed,,0,rejected_origin_floor,0.3545000000,0.3374000000,0.3485000000
LABUSDT,2026-07-14T05:50:05+08:00,2026-07-14T05:50:06+08:00,2026-07-14T05:53:05+08:00,0.3334000000,5.4730%,5.3064%,6.2799%,2418804.0000000000,13546.0000000000,35.7124x,0.2100000000,58.7619%,0.2100000000,0.2310000000,0.3341000000,0.0056357143,momentum_atr_estimate,0.3298732143,0.3538250000,0.3365000000,0.3204000000,0.9298%,-3.8992%,no,0.3276189286,0.30,not_placed,,0.3298732143,0.40,not_placed,,0.3321275000,0.30,not_placed,,0,rejected_origin_floor,0.3365000000,0.3204000000,0.3230000000
MMTUSDT,2026-07-31T10:31:29+08:00,2026-07-31T10:31:30+08:00,2026-07-31T10:34:29+08:00,0.4350000000,6.5654%,11.6816%,13.8148%,10110687.0000000000,234717.0000000000,8.6152x,0.2078000000,109.3359%,0.2003000000,0.2203300000,0.4618000000,0.0061357143,momentum_atr_estimate,0.4571982143,0.4832750000,0.4661000000,0.4034000000,7.1494%,-7.2644%,no,0.4547439286,0.30,filled,2026-07-31T10:31:34+08:00,0.4571982143,0.40,filled,2026-07-31T10:31:34+08:00,0.4596525000,0.30,filled,2026-07-31T10:31:34+08:00,3,all_filled,0.4661000000,0.3952000000,0.4152000000
ONUSDT,2026-07-27T10:59:06+08:00,2026-07-27T10:59:07+08:00,2026-07-27T11:02:06+08:00,0.1806600000,5.8410%,5.9962%,5.2981%,3743176.0000000000,5993.0000000000,124.9183x,0.1198700000,50.7133%,0.1148400000,0.1263240000,0.1820000000,0.0012428571,momentum_atr_estimate,0.1810678571,0.1863500000,0.1840200000,0.1780500000,1.8598%,-1.4447%,no,0.1805707143,0.30,not_placed,,0.1810678571,0.40,not_placed,,0.1815650000,0.30,not_placed,,0,rejected_origin_floor,0.1840200000,0.1780500000,0.1818100000
ONUSDT,2026-07-28T00:47:05+08:00,2026-07-28T00:47:06+08:00,2026-07-28T00:50:05+08:00,0.1952400000,10.4174%,10.5049%,10.9003%,5038456.0000000000,2537.0000000000,397.1980x,0.1346200000,45.0305%,0.1220500000,0.1342550000,0.1958800000,0.0034657143,momentum_atr_estimate,0.1932807143,0.2080100000,0.1978800000,0.1821900000,1.3522%,-6.6841%,no,0.1918944286,0.30,not_placed,,0.1932807143,0.40,not_placed,,0.1946670000,0.30,not_placed,,0,rejected_origin_floor,0.1978800000,0.1780100000,0.1797400000
ONUSDT,2026-07-28T02:23:31+08:00,2026-07-28T02:23:32+08:00,2026-07-28T02:26:31+08:00,0.2074300000,6.7576%,6.7246%,7.0993%,8429209.0000000000,4229.0000000000,398.6384x,0.1406400000,47.4900%,0.1245600000,0.1370160000,0.2170000000,0.0036607143,momentum_atr_estimate,0.2142544643,0.2298125000,0.2161600000,0.1956100000,4.2086%,-5.6983%,no,0.2127901786,0.30,filled,2026-07-28T02:23:40+08:00,0.2142544643,0.40,filled,2026-07-28T02:23:57+08:00,0.2157187500,0.30,filled,2026-07-28T02:23:59+08:00,3,all_filled,0.2161600000,0.1956100000,0.1982200000
ONUSDT,2026-07-28T03:35:30+08:00,2026-07-28T03:35:31+08:00,2026-07-28T03:38:30+08:00,0.2268900000,5.7812%,5.8453%,6.5561%,5525075.0000000000,9577.0000000000,115.3822x,0.1462800000,55.1066%,0.1293600000,0.1422960000,0.2272600000,0.0028357143,momentum_atr_estimate,0.2251332143,0.2371850000,0.2299900000,0.2159600000,1.3663%,-4.8173%,no,0.2239989286,0.30,not_placed,,0.2251332143,0.40,not_placed,,0.2262675000,0.30,not_placed,,0,rejected_origin_floor,0.2299900000,0.2159600000,0.2222900000
VANRYUSDT,2026-07-06T13:23:03+08:00,2026-07-06T13:23:04+08:00,2026-07-06T13:26:03+08:00,0.0083680000,5.0069%,5.3241%,5.2182%,283032705.0000000000,2742382.0000000000,20.6414x,0.0051530000,62.3908%,0.0051250000,0.0056375000,0.0084060000,0.0000902857,momentum_atr_estimate,0.0083382857,0.0087220000,0.0096060000,0.0083370000,14.7945%,-0.3705%,yes,0.0083021714,0.30,not_placed,,0.0083382857,0.40,not_placed,,0.0083744000,0.30,not_placed,,0,rejected_origin_floor,0.0096060000,0.0083370000,0.0090570000
